model,id,quales_id,quales_split,assertion,input,goal,target_word,predicted_word,exact_match,raw_prediction,predicted_token_ids,prediction_truncated
charruaLLM,0,10,dev_gold,El Pereira Rossell es un hospital.,El Pereira Rossell es un, hospital,hospital,centro,False, centro,[1763],False
charruaLLM,1,100,dev_gold,El sector de alojamiento y servicios de comida envió la mayor cantidad de trabajadores al seguro de desempleo.,El sector de alojamiento y servicios de comida envió la mayor cantidad de trabajadores al seguro de, desempleo,desempleo,paro,False, paro.,"[3555, 14]",False
charruaLLM,2,103,dev_gold,"Históricamente, el 60% de las empresas del sector manufacturero envió a sus trabajadores al seguro de desempleo.","Históricamente, el 60% de las empresas del sector manufacturero envió a sus trabajadores al seguro de", desempleo,desempleo,paro,False, paro.,"[3555, 14]",False
charruaLLM,3,108,dev_gold,Las escuelas privadas no tenían una posible fecha para comenzar el nuevo régimen.,Las escuelas privadas no tenían una posible fecha para comenzar el nuevo, régimen,régimen,año,False, año,[656],False
charruaLLM,4,114,dev_gold,"La plataforma CREA, de Plan Ceibal, fue una herramienta clave para la educación virtual.","La plataforma CREA, de Plan Ceibal, fue una herramienta clave para la educación", virtual,virtual,de,False, de,[259],False
charruaLLM,5,115,dev_gold,La OPS es la Organización Panamericana de la Salud.,La OPS es la Organización Panamericana de la, Salud,Salud,Salud,True, Salud,[2979],False
charruaLLM,6,116,dev_gold,Carissa Etienne fue el presidente de la OPS.,Carissa Etienne fue el presidente de la, OPS,OPS,Asociación,False, Asociación,[3195],False
charruaLLM,7,119,dev_gold,"La directora de la OPS, Carissa Etienne, era de Dominica.","La directora de la OPS, Carissa Etienne, era de", Dominica,Dominica,las,False, las,[339],False
charruaLLM,8,12,dev_gold,El Maciel es un hospital.,El Maciel es un, hospital,hospital,lugar,False, lugar,[944],False
charruaLLM,9,120,dev_gold,"Algunos sectores poblacionales del continente, como los indígenas y afrodescendientes, tienen peor acceso al sistema de salud estatal en Latinoamérica.","Algunos sectores poblacionales del continente, como los indígenas y afrodescendientes, tienen peor acceso al sistema de salud estatal en", Latinoamérica,Latinoamérica,el,False, el,[286],False
charruaLLM,10,126,dev_gold,En México se registraban diez femicidios por día.,En México se registraban diez femicidios por, día,día,cada,False, cada,[1044],False
charruaLLM,11,131,dev_gold,Nigel Manchini es profesor de Filosofía y magíster en Neuropsicología y Educación.,Nigel Manchini es profesor de Filosofía y magíster en Neuropsicología y, Educación,Educación,Ciencias,False, Ciencias,[7995],False
charruaLLM,12,132,dev_gold,Las manifestaciones populares desaparecieron con la pandemia.,Las manifestaciones populares desaparecieron con la, pandemia,pandemia,muerte,False, muerte,[2275],False
charruaLLM,13,133,dev_gold,Jair Bolsonaro fue presidente de Brasil.,Jair Bolsonaro fue presidente de, Brasil,Brasil,Brasil,True, Brasil,[1410],False
charruaLLM,14,134,dev_gold,Las redes bolsonaristas acusaron al Partido Comunista Chino por la expansión del coronavirus.,Las redes bolsonaristas acusaron al Partido Comunista Chino por la expansión del, coronavirus,coronavirus,poder,False, poder,[1430],False
charruaLLM,15,135,dev_gold,Yang Wanming fue embajador chino en Brasil.,Yang Wanming fue embajador chino en, Brasil,Brasil,la,False, la,[279],False
charruaLLM,16,136,dev_gold,El canciller de Brasil fue Ernesto Araújo.,El canciller de Brasil fue Ernesto, Araújo,Araújo,"Araújo,",False," Araújo,","[5216, 355, 469, 12]",False
charruaLLM,17,137,dev_gold,El hashtag #VirusChino se volvió tendencia.,El hashtag #VirusChino se volvió, tendencia,tendencia,viral,False, viral,"[423, 1002]",False
charruaLLM,18,138,dev_gold,Bernardo Küster fue director del portal Brasil sin miedo.,Bernardo Küster fue director del portal Brasil sin, miedo,miedo,la,False, la,[279],False
charruaLLM,19,143,dev_gold,Las causas de la obesidad en niños son la falta de actividad física y el consumo de alimentos ultraprocesados y bebidas azucaradas.,Las causas de la obesidad en niños son la falta de actividad física y el consumo de alimentos ultraprocesados y bebidas, azucaradas,azucaradas,azucaradas,True, azucaradas.,"[4738, 85, 766, 564, 14]",False
charruaLLM,20,145,dev_gold,Unicef en América Latina está en Panamá.,Unicef en América Latina está en, Panamá,Panamá,el,False, el,[286],False
charruaLLM,21,146,dev_gold,Jean Gough representó a Unicef en América Latina.,Jean Gough representó a Unicef en América, Latina,Latina,Latina,True, Latina.,"[3401, 14]",False
charruaLLM,22,148,dev_gold,El coronavirus provoca la enfermedad Covid-19.,El coronavirus provoca la enfermedad, Covid-19,Covid-19,",",False,",",[12],False
charruaLLM,23,149,dev_gold,Los clubes de la B y de la C recibieron donaciones de alimentos y productos de limpieza.,Los clubes de la B y de la C recibieron donaciones de alimentos y productos de, limpieza,limpieza,higiene,False, higiene.,"[13336, 530, 14]",False
charruaLLM,24,151,dev_gold,"La Segunda División Amateur realizó un relevamiento entre todos los planteles de los jugadores que estaban en peor situación, ya que sabían que muchos estaban sin trabajo, recibían muy poco dinero y tenían familia, para evaluar la forma de hacerles llegar un surtido de alimentos y artículos de limpieza.","La Segunda División Amateur realizó un relevamiento entre todos los planteles de los jugadores que estaban en peor situación, ya que sabían que muchos estaban sin trabajo, recibían muy poco dinero y tenían familia, para evaluar la forma de hacerles llegar un surtido de alimentos y artículos de", limpieza,limpieza,higiene,False, higiene.,"[13336, 530, 14]",False
charruaLLM,25,16,dev_gold,Se deja constancia de los datos de coronavirus en la página web del Sistema Nacional de Emergencias (SINAE).,Se deja constancia de los datos de coronavirus en la página web del Sistema Nacional de Emergencias, (SINAE),(SINAE),(Sinae),False, (Sinae).,"[403, 51, 517, 69, 635]",False
charruaLLM,26,164,dev_gold,"La Intersocial está integrada por la central obrera, la Federación de Estudiantes Universitarios del Uruguay, la Organización Nacional de Asociaciones de Jubilados y Pensionistas del Uruguay, la Federación Uruguaya de Cooperativas de Viviendas por Ayuda Mutua, el colectivo Ovejas Negras y la Intersocial Feminista.","La Intersocial está integrada por la central obrera, la Federación de Estudiantes Universitarios del Uruguay, la Organización Nacional de Asociaciones de Jubilados y Pensionistas del Uruguay, la Federación Uruguaya de Cooperativas de Viviendas por Ayuda Mutua, el colectivo Ovejas Negras y la Intersocial", Feminista,Feminista,Feminista,True, Feminista.,"[432, 11351, 697, 14]",False
charruaLLM,27,168,dev_gold,La Sociedad de Medicina Familiar y Comunitaria realizó la solicitud de mantener abiertas las policlínicas.,La Sociedad de Medicina Familiar y Comunitaria realizó la solicitud de mantener abiertas las, policlínicas,policlínicas,inscripciones,False, inscripciones,"[12068, 603]",False
charruaLLM,28,169,dev_gold,Las policlínicas y las visitas domiciliarias de seguimiento resolvían cerca del 80% de los problemas de salud.,Las policlínicas y las visitas domiciliarias de seguimiento resolvían cerca del 80% de los problemas de, salud,salud,salud,True, salud,[2065],False
charruaLLM,29,171,dev_gold,Los especialistas pidieron reforzar la teleasistencia y que los prestadores brindaran vías alternativas de comunicación.,Los especialistas pidieron reforzar la teleasistencia y que los prestadores brindaran vías alternativas de, comunicación,comunicación,acceso,False, acceso,[3337],False
charruaLLM,30,174,dev_gold,Salvador Illa fue el ministro de Salud de España.,Salvador Illa fue el ministro de Salud de, España,España,"Argentina,",False," Argentina,","[1185, 12]",False
charruaLLM,31,175,dev_gold,"En España, se recomendó el uso de tapabocas al aire libre, aunque no era obligatorio, y la policía, tanto a pie como en vehículos y helicópteros, llamaba a las personas a mantener la distancia social.","En España, se recomendó el uso de tapabocas al aire libre, aunque no era obligatorio, y la policía, tanto a pie como en vehículos y helicópteros, llamaba a las personas a mantener la distancia", social,social,social,True, social.,"[1831, 14]",False
charruaLLM,32,177,dev_gold,La primera muerte por coronavirus en Brasil ocurrió en 2020.,La primera muerte por coronavirus en Brasil ocurrió en, 2020,2020,el,False, el,[286],False
charruaLLM,33,181,dev_gold,La Agencia Nacional de Seguridad Vial aumentó los controles para desalentar el turismo.,La Agencia Nacional de Seguridad Vial aumentó los controles para desalentar el, turismo,turismo,uso,False, uso,[2663],False
charruaLLM,34,184,dev_gold,El lanzamiento de la aplicación fue a las 19:30 horas.,El lanzamiento de la aplicación fue a las 19:30, horas,horas,"horas,",False," horas,","[1074, 12]",False
charruaLLM,35,186,dev_gold,"Inicialmente, la tecnología de alertas de exposición se probó en cuatro países.","Inicialmente, la tecnología de alertas de exposición se probó en cuatro", países,países,países:,False, países:,"[1170, 26]",False
charruaLLM,36,187,dev_gold,La Tabaré se presentó en la cárcel de Punta de Rieles.,La Tabaré se presentó en la cárcel de Punta de, Rieles,Rieles,"Rieles,",False," Rieles,","[1924, 5534, 12]",False
charruaLLM,37,191,dev_gold,La Tabaré tocó arriba del ring de boxeo del gimnasio del Polo Industrial de la cárcel de Punta de Rieles.,La Tabaré tocó arriba del ring de boxeo del gimnasio del Polo Industrial de la cárcel de Punta de, Rieles,Rieles,Rieles,True, Rieles.,"[1924, 5534, 14]",False
charruaLLM,38,201,dev_gold,Lo primero que se debía hacer para combatir el covid-19 era cumplir y apoyar las medidas del gobierno.,Lo primero que se debía hacer para combatir el covid-19 era cumplir y apoyar las medidas del, gobierno,gobierno,gobierno,True, gobierno,[823],False
charruaLLM,39,206,dev_gold,La pandemia del coronavirus está afectando al mundo entero.,La pandemia del coronavirus está afectando al mundo, entero,entero,",",False,",",[12],False
charruaLLM,40,209,dev_gold,Gustavo Leal es el ex director de Convivencia y Seguridad Ciudadana del Ministerio del Interior.,Gustavo Leal es el ex director de Convivencia y Seguridad Ciudadana del Ministerio del, Interior,Interior,Interior,True, Interior.,"[2760, 14]",False
charruaLLM,41,210,dev_gold,La decisión de la cuarentena general y estricta en Europa se tomó cuando la situación desbordó los servicios de salud.,La decisión de la cuarentena general y estricta en Europa se tomó cuando la situación desbordó los servicios de, salud,salud,transporte,False, transporte,[4145],False
charruaLLM,42,211,dev_gold,"La cuarentena general y estricta implica claridad en las actividades autorizadas, control y sanciones en caso de incumplimiento.","La cuarentena general y estricta implica claridad en las actividades autorizadas, control y sanciones en caso de", incumplimiento,incumplimiento,que,False, que,[284],False
charruaLLM,43,214,dev_gold,Los habitantes de Sydney podían alejarse hasta 10 kilómetros de sus casas.,Los habitantes de Sydney podían alejarse hasta 10 kilómetros de sus, casas,casas,"casas,",False," casas,","[5038, 12]",False
charruaLLM,44,232,dev_gold,Las policlínicas estuvieron cerradas desde que se conocieron los primeros casos de covid-19.,Las policlínicas estuvieron cerradas desde que se conocieron los primeros casos de, covid-19,covid-19,coronavirus,False, coronavirus,"[16045, 341, 4503]",False
charruaLLM,45,236,dev_gold,Sumefac es la sigla de la Sociedad Uruguaya de Medicina Familiar y Comunitaria.,Sumefac es la sigla de la Sociedad Uruguaya de Medicina Familiar y, Comunitaria,Comunitaria,Pediátrica,False, Pediátrica,"[1116, 293, 294, 10215]",False
charruaLLM,46,24,dev_gold,Las clases se suspendieron a causa de la pandemia.,Las clases se suspendieron a causa de la, pandemia,pandemia,pandemia,True, pandemia.,"[2172, 7461, 14]",False
charruaLLM,47,241,dev_gold,Las partidas se financiaron por medio de la recaudación del Impuesto de Primaria.,Las partidas se financiaron por medio de la recaudación del Impuesto de, Primaria,Primaria,Asistencia,False, Asistencia,"[14027, 10102]",False
charruaLLM,48,243,dev_gold,"La investigación sobre anticuerpos fue realizada por una subsidiaria de la farmacéutica estatal Sinopharm, que produce dos de las vacunas aprobadas por el Gobierno chino, y el Centro Nacional de Investigación de Medicina Traslacional de la Universidad de Jiaotong.","La investigación sobre anticuerpos fue realizada por una subsidiaria de la farmacéutica estatal Sinopharm, que produce dos de las vacunas aprobadas por el Gobierno chino, y el Centro Nacional de Investigación de Medicina Traslacional de la Universidad de", Jiaotong,Jiaotong,Wuhan,False, Wuhan.,"[870, 85, 4139, 14]",False
charruaLLM,49,248,dev_gold,RBDIgG es un tipo de anticuerpo que indica la fortaleza de la inmunidad contra el coronavirus.,RBDIgG es un tipo de anticuerpo que indica la fortaleza de la inmunidad contra el, coronavirus,coronavirus,virus,False, virus.,"[8069, 14]",False
charruaLLM,50,251,dev_gold,El PIT-CNT exigió una renta básica para los afectados por la crisis no comprendidos en la red de protección social.,El PIT-CNT exigió una renta básica para los afectados por la crisis no comprendidos en la red de protección, social,social,de,False, de,[259],False
charruaLLM,51,252,dev_gold,El PIT-CNT exigió una renta básica para aquellos afectados por la crisis que no estuvieran comprendidos en la red de protección social.,El PIT-CNT exigió una renta básica para aquellos afectados por la crisis que no estuvieran comprendidos en la red de protección, social,social,social,True, social.,"[1831, 14]",False
charruaLLM,52,253,dev_gold,El PIT-CNT es la central de trabajadores.,El PIT-CNT es la central de, trabajadores,trabajadores,trabajadores,True, trabajadores,[1852],False
charruaLLM,53,254,dev_gold,"El PIT-CNT reclamó flexibilizaciones en los vencimientos de las tarifas públicas, tributos, alquileres y tarjetas de crédito.","El PIT-CNT reclamó flexibilizaciones en los vencimientos de las tarifas públicas, tributos, alquileres y tarjetas de", crédito,crédito,crédito,True, crédito.,"[4550, 14]",False
charruaLLM,54,26,dev_gold,La suspensión de clases rigió hasta que terminaron las vacaciones de turismo.,La suspensión de clases rigió hasta que terminaron las vacaciones de, turismo,turismo,julio,False, julio.,"[2417, 14]",False
charruaLLM,55,261,dev_gold,Las casas de lotería fueron incluidas en la lista de servicios públicos y actividades esenciales mediante un decreto de Jair Bolsonaro.,Las casas de lotería fueron incluidas en la lista de servicios públicos y actividades esenciales mediante un decreto de Jair, Bolsonaro,Bolsonaro,Bolsonaro,True, Bolsonaro.,"[4546, 607, 4524, 14]",False
charruaLLM,56,269,dev_gold,La OMS y el Banco Mundial convocaron a la Junta de Vigilancia Mundial de la Preparación ante Crisis Sanitarias.,La OMS y el Banco Mundial convocaron a la Junta de Vigilancia Mundial de la Preparación ante Crisis, Sanitarias,Sanitarias,de,False, de,[259],False
charruaLLM,57,27,dev_gold,Crea fue la principal herramienta que utilizaron los docentes y alumnos en la educación virtual escolar.,Crea fue la principal herramienta que utilizaron los docentes y alumnos en la educación virtual, escolar,escolar,,False,.,[14],False
charruaLLM,58,271,dev_gold,Los hospitales psiquiátricos suspendieron las visitas y las actividades que implican circulación de personas durante la pandemia de coronavirus.,Los hospitales psiquiátricos suspendieron las visitas y las actividades que implican circulación de personas durante la pandemia de, coronavirus,coronavirus,coronavirus,True, coronavirus.,"[16045, 341, 4503, 14]",False
charruaLLM,59,275,dev_gold,163 estudiantes recibieron tarjetas de débito de la Udelar para comprar alimentos.,163 estudiantes recibieron tarjetas de débito de la Udelar para comprar, alimentos,alimentos,un,False, un,[295],False
charruaLLM,60,277,dev_gold,"La Udelar ofreció clases en vivo de pilates, gimnasia laboral, fitness, gimnasia para adultos mayores y gimnasia familiar en las redes sociales Facebook (bienestar.udelar) e Instagram (deportesbienestaruniversitario) para que los estudiantes no perdieran el vínculo con la universidad.","La Udelar ofreció clases en vivo de pilates, gimnasia laboral, fitness, gimnasia para adultos mayores y gimnasia familiar en las redes sociales Facebook (bienestar.udelar) e Instagram (deportesbienestaruniversitario) para que los estudiantes no perdieran el vínculo con la", universidad,universidad,comunidad,False, comunidad.,"[4632, 14]",False
charruaLLM,61,280,dev_gold,El cacerolazo fue una manifestación de respaldo a una batería de medidas propuestas para responder a la emergencia sanitaria.,El cacerolazo fue una manifestación de respaldo a una batería de medidas propuestas para responder a la emergencia, sanitaria,sanitaria,sanitaria,True, sanitaria.,"[12657, 14]",False
charruaLLM,62,282,dev_gold,La central de trabajadores esperaba una respuesta del Poder Ejecutivo.,La central de trabajadores esperaba una respuesta del Poder, Ejecutivo,Ejecutivo,"Ejecutivo,",False," Ejecutivo,","[2640, 12]",False
charruaLLM,63,283,dev_gold,El toque de queda impuesto por Perú impidió la repatriación de uruguayos varados en Perú.,El toque de queda impuesto por Perú impidió la repatriación de uruguayos varados en, Perú,Perú,el,False, el,[286],False
charruaLLM,64,292,dev_gold,Sebastián Piñera fue presidente chileno.,Sebastián Piñera fue presidente, chileno,chileno,de,False, de,[259],False
charruaLLM,65,298,dev_gold,El Frente Amplio presentó proyectos de ley para la emergencia sanitaria.,El Frente Amplio presentó proyectos de ley para la emergencia, sanitaria,sanitaria,"sanitaria,",False," sanitaria,","[12657, 12]",False
charruaLLM,66,302,dev_gold,Lucía Etcheverry perteneció al Movimiento de Participación Popular.,Lucía Etcheverry perteneció al Movimiento de Participación, Popular,Popular,Popular,True, Popular,[7551],False
charruaLLM,67,303,dev_gold,El Frente Amplio planteó un proyecto de flexibilización del seguro de paro.,El Frente Amplio planteó un proyecto de flexibilización del seguro de, paro,paro,paro,True, paro,[3555],False
charruaLLM,68,307,dev_gold,El Comité de Emergencia funcionaba día por medio o cada 72 horas.,El Comité de Emergencia funcionaba día por medio o cada 72, horas,horas,horas,True, horas.,"[1074, 14]",False
charruaLLM,69,309,dev_gold,Se mantuvo el aumento del IVA en las compras con débito y crédito.,Se mantuvo el aumento del IVA en las compras con débito y, crédito,crédito,"crédito,",False," crédito,","[4550, 12]",False
charruaLLM,70,310,dev_gold,Azucena Arbeleche fue ministra de Economía y Finanzas.,Azucena Arbeleche fue ministra de Economía y, Finanzas,Finanzas,"Finanzas,",False," Finanzas,","[7560, 12]",False
charruaLLM,71,316,dev_gold,"El aeropuerto Heathrow de Londres probó filas rápidas para pasajeros vacunados procedentes de Atenas, Nueva York y Los Ángeles.","El aeropuerto Heathrow de Londres probó filas rápidas para pasajeros vacunados procedentes de Atenas, Nueva York y Los", Ángeles,Ángeles,Ángeles,True, Ángeles.,"[7721, 14]",False
charruaLLM,72,317,dev_gold,Boris Johnson fue el primer ministro.,Boris Johnson fue el primer, ministro,ministro,ministro,True, ministro,[1329],False
charruaLLM,73,321,dev_gold,El gobierno británico se apoyó en su programa masivo de vacunación para levantar las restricciones anticovid.,El gobierno británico se apoyó en su programa masivo de vacunación para levantar las restricciones, anticovid,anticovid,de,False, de,[259],False
charruaLLM,74,322,dev_gold,Sajid Javid fue el ministro de Sanidad.,Sajid Javid fue el ministro de, Sanidad,Sanidad,Relaciones,False, Relaciones,[6597],False
charruaLLM,75,323,dev_gold,El gobierno británico buscó acercar a su nación a la vida normal al levantar las restricciones anticovid.,El gobierno británico buscó acercar a su nación a la vida normal al levantar las restricciones, anticovid,anticovid,de,False, de,[259],False
charruaLLM,76,327,dev_gold,"El Frente Amplio propuso suspender los cortes por atraso de pagos de UTE, OSE y Antel.","El Frente Amplio propuso suspender los cortes por atraso de pagos de UTE, OSE y", Antel,Antel,UTE,False, UTE.,"[6253, 14]",False
charruaLLM,77,328,dev_gold,El FA planteó que los refugios deberían estar abiertos 24 horas.,El FA planteó que los refugios deberían estar abiertos 24, horas,horas,horas,True, horas,[1074],False
charruaLLM,78,33,dev_gold,La primera tanda de uruguayos traídos al país viajó en un avión Brasilia de la Fuerza Aérea.,La primera tanda de uruguayos traídos al país viajó en un avión Brasilia de la Fuerza, Aérea,Aérea,Aérea,True, Aérea,[9308],False
charruaLLM,79,333,dev_gold,"Omar Paganini fue ministro de Industria, Energía y Minería de Uruguay.","Omar Paganini fue ministro de Industria, Energía y Minería de", Uruguay,Uruguay,Uruguay,True, Uruguay.,"[655, 14]",False
charruaLLM,80,337,dev_gold,"El primer punto de las medidas propuestas por el Sindicato Médico del Uruguay (SMU) fue una 'cuarentena general' y 'medidas drásticas de prevención', como el cierre de fronteras y de todo espacio público, incluyendo restaurantes y centros comerciales.","El primer punto de las medidas propuestas por el Sindicato Médico del Uruguay (SMU) fue una 'cuarentena general' y 'medidas drásticas de prevención', como el cierre de fronteras y de todo espacio público, incluyendo restaurantes y centros", comerciales,comerciales,de,False, de,[259],False
charruaLLM,81,339,dev_gold,La APU es la Asociación de la Prensa Uruguaya.,La APU es la Asociación de la Prensa, Uruguaya,Uruguaya,Uruguaya,True, Uruguaya,[4811],False
charruaLLM,82,34,dev_gold,Nicolás Martinelli fue autoridad del Mides.,Nicolás Martinelli fue autoridad del, Mides,Mides,equipo,False, equipo,[979],False
charruaLLM,83,344,dev_gold,El Mides trasladó al menos a 70 personas.,El Mides trasladó al menos a 70, personas,personas,personas,True, personas,[913],False
charruaLLM,84,347,dev_gold,Gabriel Cunha fue director de la División Programas de Personas en Situación de Calle.,Gabriel Cunha fue director de la División Programas de Personas en Situación de, Calle,Calle,Calidad,False, Calidad,"[337, 865]",False
charruaLLM,85,35,dev_gold,Verónica Alonso fue senadora,Verónica Alonso fue, senadora,senadora,el,False, el,[286],False
charruaLLM,86,350,dev_gold,"El Sarandí Hogar Valdense está ubicado en Colonia Valdense, departamento de Colonia.","El Sarandí Hogar Valdense está ubicado en Colonia Valdense, departamento de", Colonia,Colonia,"Colonia,",False," Colonia,","[4457, 12]",False
charruaLLM,87,355,dev_gold,La Intendencia de Montevideo tiene la facultad de prorrogar el vencimiento del pago de patentes de rodados.,La Intendencia de Montevideo tiene la facultad de prorrogar el vencimiento del pago de patentes de, rodados,rodados,rodados,True, rodados.,"[887, 3391, 14]",False
charruaLLM,88,358,dev_gold,Sebastián Bauzá fue el secretario nacional del Deporte.,Sebastián Bauzá fue el secretario nacional del, Deporte,Deporte,"Deporte,",False," Deporte,","[11764, 12]",False
charruaLLM,89,361,dev_gold,Sebastián Bauzá fue secretario nacional del Deporte.,Sebastián Bauzá fue secretario nacional del, Deporte,Deporte,Ministerio,False, Ministerio,[1627],False
charruaLLM,90,369,dev_gold,Se pretendió postergar las elecciones departamentales y municipales.,Se pretendió postergar las elecciones departamentales y, municipales,municipales,"municipales,",False," municipales,","[6788, 12]",False
charruaLLM,91,377,dev_gold,Nunzia Catalfo fue ministra de Trabajo italiana.,Nunzia Catalfo fue ministra de Trabajo, italiana,italiana,y,False, y,[290],False
charruaLLM,92,379,dev_gold,"El gobierno recibió dinero del Banco Interamericano de Desarrollo, el Banco Mundial, Fonplata y el Banco de Desarrollo Latinoamericano (ex Corporación Andina de Fomento, CAF).","El gobierno recibió dinero del Banco Interamericano de Desarrollo, el Banco Mundial, Fonplata y el Banco de Desarrollo Latinoamericano (ex Corporación Andina de Fomento,", CAF),CAF),que,False, que,[284],False
charruaLLM,93,38,dev_gold,El hotel Urban Express se encuentra en Andes y Uruguay.,El hotel Urban Express se encuentra en Andes y, Uruguay,Uruguay,en,False, en,[281],False
charruaLLM,94,386,dev_gold,Las comunidades autónomas españolas más afectadas por la pandemia fueron Madrid y Cataluña.,Las comunidades autónomas españolas más afectadas por la pandemia fueron Madrid y, Cataluña,Cataluña,"Barcelona,",False," Barcelona,","[3995, 12]",False
charruaLLM,95,387,dev_gold,Carmen Calvo fue la vicepresidenta primera del gobierno de España.,Carmen Calvo fue la vicepresidenta primera del gobierno de, España,España,la,False, la,[279],False
charruaLLM,96,388,dev_gold,El estado de alarma en España terminó en abril.,El estado de alarma en España terminó en, abril,abril,la,False, la,[279],False
charruaLLM,97,39,dev_gold,Verónica Alonso fue la esposa de Marcel Gerwer.,Verónica Alonso fue la esposa de Marcel, Gerwer,Gerwer,a,False,a,[65],False
charruaLLM,98,397,dev_gold,IM es la Intendencia de Montevideo.,IM es la Intendencia de, Montevideo,Montevideo,"Montevideo,",False," Montevideo,","[863, 12]",False
charruaLLM,99,398,dev_gold,"La Intendencia de Montevideo atiende al público a través de atención telefónica, correo electrónico y su sitio web.","La Intendencia de Montevideo atiende al público a través de atención telefónica, correo electrónico y su sitio", web,web,web,True, web.,"[2825, 14]",False
charruaLLM,100,4,dev_gold,Fernando Pereira fue presidente del PIT-CNT.,Fernando Pereira fue presidente del, PIT-CNT,PIT-CNT,Sindicato,False, Sindicato,[10039],False
charruaLLM,101,40,dev_gold,Marcel Gerwer es el esposo de Verónica Alonso.,Marcel Gerwer es el esposo de Verónica, Alonso,Alonso,",",False,",",[12],False
charruaLLM,102,401,dev_gold,Guido Manini Ríos fue el líder de Cabildo Abierto.,Guido Manini Ríos fue el líder de Cabildo, Abierto,Abierto,"Abierto,",False," Abierto,","[12699, 12]",False
charruaLLM,103,408,dev_gold,Barcelona fue uno de los epicentros del coronavirus en España.,Barcelona fue uno de los epicentros del coronavirus en, España,España,el,False, el,[286],False
charruaLLM,104,414,dev_gold,Dos tercios de la capacidad del estadio Wembley se habilitaron para las semifinales y la final de la Eurocopa.,Dos tercios de la capacidad del estadio Wembley se habilitaron para las semifinales y la final de la, Eurocopa,Eurocopa,Copa,False, Copa,[2171],False
charruaLLM,105,417,dev_gold,Los primeros casos de Covid en Uruguay se confirmaron un viernes 13.,Los primeros casos de Covid en Uruguay se confirmaron un viernes, 13,13,y,False, y,[290],False
charruaLLM,106,418,dev_gold,Las clases en Uruguay comenzaron después de la Semana de Turismo.,Las clases en Uruguay comenzaron después de la Semana de, Turismo,Turismo,la,False, la,[279],False
charruaLLM,107,42,dev_gold,El Mides gastó 9.600 pesos por persona en situación de calle que estuvo en el hotel Urban Express.,El Mides gastó 9.600 pesos por persona en situación de calle que estuvo en el hotel Urban, Express,Express,",",False,",",[12],False
charruaLLM,108,421,dev_gold,Pablo Orefice fue el director del programa salud.uy.,Pablo Orefice fue el director del programa, salud.uy,salud.uy,de,False, de,[259],False
charruaLLM,109,423,dev_gold,Se registraban unas 80 alertas de exposición por día a través de la app CoronavirusUY.,Se registraban unas 80 alertas de exposición por día a través de la app, CoronavirusUY,CoronavirusUY,de,False, de,[259],False
charruaLLM,110,425,dev_gold,La institución detrás de Salud.uy es la Agencia de Gobierno Electrónico y Sociedad de la Información y del Conocimiento (Agesic).,La institución detrás de Salud.uy es la Agencia de Gobierno Electrónico y Sociedad de la Información y del Conocimiento, (Agesic),(Agesic),"(Agesic),",False," (Agesic),","[403, 33, 6560, 304, 675]",False
charruaLLM,111,426,dev_gold,Agesic es la Agencia de Gobierno Electrónico y Sociedad de la Información y del Conocimiento.,Agesic es la Agencia de Gobierno Electrónico y Sociedad de la Información y del, Conocimiento,Conocimiento,Conocimiento,True, Conocimiento,"[975, 898, 735]",False
charruaLLM,112,430,dev_gold,Los trabajadores de la vía pública solicitaron el subsidio integral por los meses que duró la situación generada por la pandemia de coronavirus.,Los trabajadores de la vía pública solicitaron el subsidio integral por los meses que duró la situación generada por la pandemia de, coronavirus,coronavirus,coronavirus,True, coronavirus.,"[16045, 341, 4503, 14]",False
charruaLLM,113,432,dev_gold,Las elecciones departamentales y municipales no pudieron realizarse con normalidad debido a la emergencia sanitaria.,Las elecciones departamentales y municipales no pudieron realizarse con normalidad debido a la emergencia, sanitaria,sanitaria,sanitaria,True, sanitaria.,"[12657, 14]",False
charruaLLM,114,434,dev_gold,Los ministros de la Corte Electoral se reunieron.,Los ministros de la Corte Electoral se, reunieron,reunieron,reunieron,True, reunieron,[10341],False
charruaLLM,115,439,dev_gold,AEBU es la Asociación de Bancarios del Uruguay.,AEBU es la Asociación de Bancarios del, Uruguay,Uruguay,Uruguay,True, Uruguay,[655],False
charruaLLM,116,442,dev_gold,China ofrece insumos médicos a Uruguay para combatir el avance del coronavirus.,China ofrece insumos médicos a Uruguay para combatir el avance del, coronavirus,coronavirus,coronavirus,True, coronavirus.,"[16045, 341, 4503, 14]",False
charruaLLM,117,444,dev_gold,Luis Lacalle Pou fue presidente de Uruguay.,Luis Lacalle Pou fue presidente de, Uruguay,Uruguay,la,False, la,[279],False
charruaLLM,118,445,dev_gold,China implementó una cuarentena general en la ciudad de Wuhan y la provincia de Hubei para evitar la expansión del virus.,China implementó una cuarentena general en la ciudad de Wuhan y la provincia de Hubei para evitar la expansión del, virus,virus,coronavirus,False, coronavirus.,"[16045, 341, 4503, 14]",False
charruaLLM,119,446,dev_gold,China transmitió su experiencia en el manejo de la crisis sanitaria y económica.,China transmitió su experiencia en el manejo de la crisis sanitaria y, económica,económica,la,False, la,[279],False
charruaLLM,120,448,dev_gold,Dos uruguayos estuvieron varados en Estados Unidos.,Dos uruguayos estuvieron varados en Estados, Unidos,Unidos,"Unidos,",False," Unidos,","[1254, 12]",False
charruaLLM,121,456,dev_gold,La franja etárea con mayor cantidad de casos de coronavirus fue la de entre 55 y 64 años.,La franja etárea con mayor cantidad de casos de coronavirus fue la de entre 55 y 64, años,años,"años,",False," años,","[547, 12]",False
charruaLLM,122,459,dev_gold,Daniel Salinas fue ministro de Salud Pública.,Daniel Salinas fue ministro de Salud, Pública,Pública,Pública,True, Pública,[4498],False
charruaLLM,123,460,dev_gold,Carlos Batthyány fue director del Institut Pasteur de Montevideo.,Carlos Batthyány fue director del Institut Pasteur de, Montevideo,Montevideo,"Montevideo,",False," Montevideo,","[863, 12]",False
charruaLLM,124,462,dev_gold,Las escuelas de todo el país reabrieron sus puertas.,Las escuelas de todo el país reabrieron sus, puertas,puertas,puertas,True, puertas,[5071],False
charruaLLM,125,469,dev_gold,"Durante una cuarentena obligatoria, los trabajadores de las farmacias, de los supermercados y de la recolección de residuos seguían trabajando.","Durante una cuarentena obligatoria, los trabajadores de las farmacias, de los supermercados y de la recolección de residuos seguían", trabajando,trabajando,sin,False, sin,[524],False
charruaLLM,126,47,dev_gold,Las charlas en vivo del Colectivo Gastronómico Uruguay se realizaron a través de Instagram.,Las charlas en vivo del Colectivo Gastronómico Uruguay se realizaron a través de, Instagram,Instagram,la,False, la,[279],False
charruaLLM,127,470,dev_gold,El PIT-CNT es una central sindical.,El PIT-CNT es una central, sindical,sindical,sindical,True, sindical,[4530],False
charruaLLM,128,471,dev_gold,400.000 trabajadores se quedaron sin ingresos durante la emergencia sanitaria.,400.000 trabajadores se quedaron sin ingresos durante la emergencia, sanitaria,sanitaria,sanitaria,True, sanitaria.,"[12657, 14]",False
charruaLLM,129,472,dev_gold,Azucena Arbeleche fue ministra de Economía y Finanzas del Uruguay.,Azucena Arbeleche fue ministra de Economía y Finanzas del, Uruguay,Uruguay,gobierno,False, gobierno,[823],False
charruaLLM,130,476,dev_gold,Las tareas de cuidados recaen mayoritariamente en las mujeres.,Las tareas de cuidados recaen mayoritariamente en las, mujeres,mujeres,personas,False, personas,[913],False
charruaLLM,131,477,dev_gold,Las mujeres y niñas migrantes corren riesgo de ser capturadas por redes de trata.,Las mujeres y niñas migrantes corren riesgo de ser capturadas por redes de, trata,trata,tráfico,False, tráfico,[6460],False
charruaLLM,132,478,dev_gold,"Durante la pandemia, el uso del transporte público en Montevideo disminuyó más del 60% en el día de menor cantidad de pasajeros.","Durante la pandemia, el uso del transporte público en Montevideo disminuyó más del 60% en el día de menor cantidad de", pasajeros,pasajeros,viajes,False, viajes.,"[6804, 14]",False
charruaLLM,133,481,dev_gold,La Intendencia de Montevideo comunicó la reducción de la frecuencia del transporte público y la extensión de la validez del boleto de una hora en media hora.,La Intendencia de Montevideo comunicó la reducción de la frecuencia del transporte público y la extensión de la validez del boleto de una hora en media, hora,hora,hora,True, hora.,"[1494, 14]",False
charruaLLM,134,486,dev_gold,"El médico estaba habilitado a solicitar la prueba de coronavirus a cualquier persona que tuviera fiebre y presentara síntomas respiratorios, aunque no hubiera tenido contacto con un caso confirmado de Covid-19.","El médico estaba habilitado a solicitar la prueba de coronavirus a cualquier persona que tuviera fiebre y presentara síntomas respiratorios, aunque no hubiera tenido contacto con un caso confirmado de", Covid-19,Covid-19,coronavirus,False, coronavirus.,"[16045, 341, 4503, 14]",False
charruaLLM,135,49,dev_gold,"El acuerdo para los obreros de la construcción en relación a la pandemia fue financiado en un 30% por el Estado, un 50% por las cámaras empresariales y un 20% por los trabajadores.","El acuerdo para los obreros de la construcción en relación a la pandemia fue financiado en un 30% por el Estado, un 50% por las cámaras empresariales y un 20% por los", trabajadores,trabajadores,trabajadores,True, trabajadores.,"[1852, 14]",False
charruaLLM,136,490,dev_gold,Alejandro Stipanicic fue presidente de ANCAP.,Alejandro Stipanicic fue presidente de, ANCAP,ANCAP,la,False, la,[279],False
charruaLLM,137,491,dev_gold,Pablo Caban fue gerente comercial de ALUR.,Pablo Caban fue gerente comercial de, ALUR,ALUR,la,False, la,[279],False
charruaLLM,138,493,dev_gold,El Frente Amplio propuso crear un subsidio de 16.300 pesos.,El Frente Amplio propuso crear un subsidio de 16.300, pesos,pesos,millones,False, millones,[783],False
charruaLLM,139,494,dev_gold,El salario mínimo nacional fue de 16.300 pesos.,El salario mínimo nacional fue de 16.300, pesos,pesos,"pesos,",False," pesos,","[2978, 12]",False
charruaLLM,140,496,dev_gold,"Se sugirió diferir los vencimientos de la DGI y BPS de micro, pequeñas y medianas empresas por 60 días.","Se sugirió diferir los vencimientos de la DGI y BPS de micro, pequeñas y medianas empresas por 60", días,días,días,True, días.,"[998, 14]",False
charruaLLM,141,500,dev_gold,El Tour de Francia 2020 atravesó la ciudad de Niza.,El Tour de Francia 2020 atravesó la ciudad de, Niza,Niza,"París,",False," París,","[4977, 12]",False
charruaLLM,142,501,dev_gold,El Tour de Francia se corrió entre agosto y setiembre.,El Tour de Francia se corrió entre agosto y, setiembre,setiembre,octubre,False, octubre,[2251],False
charruaLLM,143,502,dev_gold,Egan Bernal ganó el Tour de Francia.,Egan Bernal ganó el Tour de, Francia,Francia,"Francia,",False," Francia,","[3440, 12]",False
charruaLLM,144,503,dev_gold,Christian Prudhomme fue director del Tour de Francia.,Christian Prudhomme fue director del Tour de, Francia,Francia,"Francia,",False," Francia,","[3440, 12]",False
charruaLLM,145,511,dev_gold,"Se debían realizar tests de diagnóstico de Covid-19 a todos los casos sospechosos, a todos los pacientes con sintomatología respiratoria, y especialmente a los trabajadores de la salud.","Se debían realizar tests de diagnóstico de Covid-19 a todos los casos sospechosos, a todos los pacientes con sintomatología respiratoria, y especialmente a los trabajadores de la", salud,salud,"salud,",False," salud,","[2065, 12]",False
charruaLLM,146,513,dev_gold,La tasa de ataque es el número de personas que presentan una enfermedad en relación al número de personas expuestas a sufrirla en un período limitado y en condiciones especiales.,La tasa de ataque es el número de personas que presentan una enfermedad en relación al número de personas expuestas a sufrirla en un período limitado y en condiciones, especiales,especiales,de,False, de,[259],False
charruaLLM,147,515,dev_gold,"Las medidas necesarias para reducir la transmisión de Covid-19 incluyen el distanciamiento social, la cuarentena poblacional, el protocolo de aislamiento (cierre de escuelas, cancelación de eventos masivos, cierre de fronteras y exhortación a quedarse en domicilio), así como la reducción del riesgo individual y colectivo mediante el lavado de manos y toser en el pliegue del codo.","Las medidas necesarias para reducir la transmisión de Covid-19 incluyen el distanciamiento social, la cuarentena poblacional, el protocolo de aislamiento (cierre de escuelas, cancelación de eventos masivos, cierre de fronteras y exhortación a quedarse en domicilio), así como la reducción del riesgo individual y colectivo mediante el lavado de manos y toser en el pliegue del", codo,codo,personal,False, personal,[2051],False
charruaLLM,148,519,dev_gold,Los trabajadores informales no fueron contemplados en las medidas gubernamentales adoptadas durante la pandemia de COVID-19.,Los trabajadores informales no fueron contemplados en las medidas gubernamentales adoptadas durante la pandemia de, COVID-19,COVID-19,coronavirus,False, coronavirus.,"[16045, 341, 4503, 14]",False
charruaLLM,149,521,dev_gold,Alrededor de 400 funcionarios de la AUF fueron al seguro de paro.,Alrededor de 400 funcionarios de la AUF fueron al seguro de, paro,paro,paro,True, paro,[3555],False
charruaLLM,150,523,dev_gold,Ignacio Alonso fue presidente de la AUF.,Ignacio Alonso fue presidente de la, AUF,AUF,"AUF,",False," AUF,","[6534, 12]",False
charruaLLM,151,524,dev_gold,Óscar Tabárez fue director de la selección mayor de Uruguay.,Óscar Tabárez fue director de la selección mayor de, Uruguay,Uruguay,"Uruguay,",False," Uruguay,","[655, 12]",False
charruaLLM,152,528,dev_gold,Lombardía es la región italiana que fue más afectada por el Coronavirus.,Lombardía es la región italiana que fue más afectada por el, Coronavirus,Coronavirus,coronavirus,False, coronavirus.,"[16045, 341, 4503, 14]",False
charruaLLM,153,53,dev_gold,El artículo 7 de la Constitución protege la libertad de las personas.,El artículo 7 de la Constitución protege la libertad de las, personas,personas,personas,True, personas,[913],False
charruaLLM,154,531,dev_gold,El preacuerdo impulsado para los trabajadores del SUNCA buscaba comenzar con una licencia especial por diez días hábiles.,El preacuerdo impulsado para los trabajadores del SUNCA buscaba comenzar con una licencia especial por diez días, hábiles,hábiles,para,False, para,[345],False
charruaLLM,155,535,dev_gold,El SUNCA continuó trabajando en el preacuerdo luego de recibir la negativa del Ministerio de Trabajo y Seguridad Social.,El SUNCA continuó trabajando en el preacuerdo luego de recibir la negativa del Ministerio de Trabajo y Seguridad, Social,Social,Social,True, Social,[3779],False
charruaLLM,156,537,dev_gold,El primer fallecido por coronavirus en Uruguay fue una persona de 71 años.,El primer fallecido por coronavirus en Uruguay fue una persona de 71, años,años,"años,",False," años,","[547, 12]",False
charruaLLM,157,538,dev_gold,El teléfono de apoyo para violencia de género es 0800 41 41 (o * 4141 por celular).,El teléfono de apoyo para violencia de género es 0800 41 41 (o * 4141 por, celular),celular),día),False, día).,"[1038, 635]",False
charruaLLM,158,54,dev_gold,Las elecciones departamentales aplazadas por la pandemia de Covid-19 estaban previstas para mayo.,Las elecciones departamentales aplazadas por la pandemia de Covid-19 estaban previstas para, mayo,mayo,el,False, el,[286],False
charruaLLM,159,540,dev_gold,Mónica Bottero fue presidenta del Instituto Nacional de las Mujeres.,Mónica Bottero fue presidenta del Instituto Nacional de las, Mujeres,Mujeres,Mujeres,True, Mujeres,"[12694, 268]",False
charruaLLM,160,546,dev_gold,El Mides es el Ministerio de Desarrollo Social.,El Mides es el Ministerio de Desarrollo, Social,Social,Social,True, Social,[3779],False
charruaLLM,161,548,dev_gold,Los refugios nocturnos funcionaban desde las 18.00 hasta las 9.00.,Los refugios nocturnos funcionaban desde las 18.00 hasta las, 9.00,9.00,06.00,False, 06.00.,"[1648, 22, 14, 424, 14]",False
charruaLLM,162,549,dev_gold,Pablo Bartol fue el Ministro de Desarrollo Social de Uruguay.,Pablo Bartol fue el Ministro de Desarrollo Social de, Uruguay,Uruguay,"Uruguay,",False," Uruguay,","[655, 12]",False
charruaLLM,163,550,dev_gold,El colectivo 'Ni Todo Está Perdido (Nitep)' es un colectivo integrado por personas que viven en la calle.,El colectivo 'Ni Todo Está Perdido (Nitep)' es un colectivo integrado por personas que viven en la, calle,calle,calle,True, calle,[2682],False
charruaLLM,164,553,dev_gold,La OMS es la Organización Mundial de la Salud.,La OMS es la Organización Mundial de la, Salud,Salud,Salud,True, Salud,[2979],False
charruaLLM,165,555,dev_gold,La demanda de servicios de salud aumenta en los inviernos.,La demanda de servicios de salud aumenta en los, inviernos,inviernos,últimos,False, últimos,[1505],False
charruaLLM,166,556,dev_gold,El Puente San Martín es el paso fronterizo entre Fray Bentos y Gualeguaychú.,El Puente San Martín es el paso fronterizo entre Fray Bentos y, Gualeguaychú,Gualeguaychú,Paysandú,False, Paysandú.,"[5490, 14]",False
charruaLLM,167,557,dev_gold,El primer caso positivo de COVID-19 en el puente San Martín es un camionero argentino.,El primer caso positivo de COVID-19 en el puente San Martín es un camionero, argentino,argentino,que,False, que,[284],False
charruaLLM,168,56,dev_gold,El artículo 331 literal D de la Constitución es el mecanismo constitucional para re-programar las elecciones obligatorias.,El artículo 331 literal D de la Constitución es el mecanismo constitucional para re-programar las elecciones, obligatorias,obligatorias,nacionales,False, nacionales,[4608],False
charruaLLM,169,566,dev_gold,Los primeros casos de Coronavirus en Uruguay se registraron en marzo de 2020.,Los primeros casos de Coronavirus en Uruguay se registraron en marzo de, 2020,2020,"2020,",False," 2020,","[15732, 12]",False
charruaLLM,170,568,dev_gold,"Se desaconsejó la asistencia a los velatorios de las personas que conformaban la población de riesgo, así como de quienes presentaban síntomas o tenían un riesgo mayor de haber contraído la enfermedad.","Se desaconsejó la asistencia a los velatorios de las personas que conformaban la población de riesgo, así como de quienes presentaban síntomas o tenían un riesgo mayor de haber contraído la", enfermedad,enfermedad,enfermedad,True, enfermedad.,"[4505, 14]",False
charruaLLM,171,569,dev_gold,El ministerio propuso que los directores de las funerarias ofrecieran una transmisión en vivo.,El ministerio propuso que los directores de las funerarias ofrecieran una transmisión en, vivo,vivo,vivo,True, vivo,[5752],False
charruaLLM,172,571,dev_gold,Ruben Melogno es el vocalista de Psiglo.,Ruben Melogno es el vocalista de, Psiglo,Psiglo,la,False, la,[279],False
charruaLLM,173,572,dev_gold,Ruben Melogno murió de Covid-19.,Ruben Melogno murió de, Covid-19,Covid-19,cáncer,False, cáncer,[5136],False
charruaLLM,174,573,dev_gold,Italia fue el país europeo con el mayor número de víctimas por Coronavirus.,Italia fue el país europeo con el mayor número de víctimas por, Coronavirus,Coronavirus,el,False, el,[286],False
charruaLLM,175,584,dev_gold,El tiempo de funcionamiento de estos refugios dependió de la evolución de la emergencia sanitaria.,El tiempo de funcionamiento de estos refugios dependió de la evolución de la emergencia, sanitaria,sanitaria,sanitaria,True, sanitaria.,"[12657, 14]",False
charruaLLM,176,590,dev_gold,La pérdida de ingresos globales estimada a consecuencia de la crisis de la pandemia fue de 2 billones de dólares.,La pérdida de ingresos globales estimada a consecuencia de la crisis de la pandemia fue de 2 billones de, dólares,dólares,"dólares,",False," dólares,","[1294, 12]",False
charruaLLM,177,591,dev_gold,25 millones de empleos estuvieron en riesgo a nivel global debido a la pandemia.,25 millones de empleos estuvieron en riesgo a nivel global debido a la, pandemia,pandemia,pandemia,True, pandemia.,"[2172, 7461, 14]",False
charruaLLM,178,597,dev_gold,Rodolfo Reich fue periodista de La Nación.,Rodolfo Reich fue periodista de La, Nación,Nación,"Nación,",False," Nación,","[7360, 12]",False
charruaLLM,179,6,dev_gold,Pablo da Silveira fue ministro de Educación y Cultura.,Pablo da Silveira fue ministro de Educación y, Cultura,Cultura,"Cultura,",False," Cultura,","[6835, 12]",False
charruaLLM,180,601,dev_gold,Guido Manini Ríos fue líder de Cabildo Abierto.,Guido Manini Ríos fue líder de Cabildo, Abierto,Abierto,"Abierto,",False," Abierto,","[12699, 12]",False
charruaLLM,181,603,dev_gold,La curva de casos de coronavirus representa la cantidad de casos registrados en cada país.,La curva de casos de coronavirus representa la cantidad de casos registrados en cada, país,país,país,True, país.,"[578, 14]",False
charruaLLM,182,606,dev_gold,Los primeros casos de Covid-19 en América del Sur comenzaron a comienzos de marzo.,Los primeros casos de Covid-19 en América del Sur comenzaron a comienzos de, marzo,marzo,la,False, la,[279],False
charruaLLM,183,608,dev_gold,La Comisión Académica de Posgrados depende de la Universidad de la República.,La Comisión Académica de Posgrados depende de la Universidad de la, República,República,República,True, República.,"[2096, 14]",False
charruaLLM,184,61,dev_gold,La emergencia sanitaria se declaró en Uruguay en marzo.,La emergencia sanitaria se declaró en Uruguay en, marzo,marzo,marzo,True, marzo,[2278],False
charruaLLM,185,612,dev_gold,La Agencia Nacional de Investigación e Innovación financió los proyectos para los kits RT-PCR.,La Agencia Nacional de Investigación e Innovación financió los proyectos para los kits, RT-PCR,RT-PCR,de,False, de,[259],False
charruaLLM,186,614,dev_gold,Los Juegos Olímpicos se jugaron en Japón.,Los Juegos Olímpicos se jugaron en, Japón,Japón,el,False, el,[286],False
charruaLLM,187,615,dev_gold,Shinzo Abe fue presidente de Japón.,Shinzo Abe fue presidente de, Japón,Japón,la,False, la,[279],False
charruaLLM,188,616,dev_gold,Thomas Bach fue el presidente del Comité Olímpico Internacional.,Thomas Bach fue el presidente del Comité Olímpico, Internacional,Internacional,Internacional,True, Internacional,[3421],False
charruaLLM,189,617,dev_gold,Los Juegos Olímpicos de Tokio se realizaron en 2021.,Los Juegos Olímpicos de Tokio se realizaron en, 2021,2021,el,False, el,[286],False
charruaLLM,190,618,dev_gold,Christophe de Kepper fue el director general del Comité Olímpico Internacional.,Christophe de Kepper fue el director general del Comité Olímpico, Internacional,Internacional,Internacional,True, Internacional,[3421],False
charruaLLM,191,620,dev_gold,Margaret Harris fue la vocera de la OMS.,Margaret Harris fue la vocera de la, OMS,OMS,"banda,",False," banda,","[3535, 12]",False
charruaLLM,192,621,dev_gold,El coronavirus se detectó por primera vez en la ciudad china de Wuhan.,El coronavirus se detectó por primera vez en la ciudad china de, Wuhan,Wuhan,"Wuhan,",False," Wuhan,","[870, 85, 4139, 12]",False
charruaLLM,193,624,dev_gold,Giuseppe Conte fue presidente de Italia.,Giuseppe Conte fue presidente de, Italia,Italia,la,False, la,[279],False
charruaLLM,194,627,dev_gold,En cerca de 100 escuelas hubo que contratar nuevos auxiliares.,En cerca de 100 escuelas hubo que contratar nuevos, auxiliares,auxiliares,docentes,False, docentes.,"[5078, 14]",False
charruaLLM,195,63,dev_gold,Las elecciones departamentales estuvieron previstas para el 10 de mayo.,Las elecciones departamentales estuvieron previstas para el 10 de, mayo,mayo,mayo,True, mayo.,"[2557, 14]",False
charruaLLM,196,633,dev_gold,Pinduoduo es una popular plataforma de comercio electrónico de compras en grupo.,Pinduoduo es una popular plataforma de comercio electrónico de compras en, grupo,grupo,"línea,",False," línea,","[2636, 12]",False
charruaLLM,197,637,dev_gold,El máximo de personas por grupo en los pubs y restaurantes de Irlanda era de seis personas.,El máximo de personas por grupo en los pubs y restaurantes de Irlanda era de seis, personas,personas,,False,.,[14],False
charruaLLM,198,641,dev_gold,Enrique Ruiz Escudero fue el ministro de salud español.,Enrique Ruiz Escudero fue el ministro de salud, español,español,de,False, de,[259],False
charruaLLM,199,644,dev_gold,Pedro Sánchez fue presidente de España,Pedro Sánchez fue presidente de, España,España,la,False, la,[279],False
charruaLLM,200,646,dev_gold,Las elecciones departamentales se quisieron posponer por el avance del nuevo coronavirus.,Las elecciones departamentales se quisieron posponer por el avance del nuevo, coronavirus,coronavirus,"gobierno,",False," gobierno,","[823, 12]",False
charruaLLM,201,647,dev_gold,El diputado Iván Posada perteneció al Partido Independiente.,El diputado Iván Posada perteneció al Partido, Independiente,Independiente,"Nacional,",False," Nacional,","[932, 12]",False
charruaLLM,202,648,dev_gold,Beatriz Argimón fue vicepresidenta de Uruguay.,Beatriz Argimón fue vicepresidenta de, Uruguay,Uruguay,la,False, la,[279],False
charruaLLM,203,649,dev_gold,Wilfredo Penco emitió un comunicado como vicepresidente de la Corte Electoral.,Wilfredo Penco emitió un comunicado como vicepresidente de la Corte, Electoral,Electoral,"Electoral,",False," Electoral,","[9518, 12]",False
charruaLLM,204,650,dev_gold,El primer caso de covid en China se dio a finales de 2019.,El primer caso de covid en China se dio a finales de, 2019,2019,"octubre,",False," octubre,","[2251, 12]",False
charruaLLM,205,652,dev_gold,China controló la expansión del coronavirus.,China controló la expansión del, coronavirus,coronavirus,"virus,",False," virus,","[8069, 12]",False
charruaLLM,206,653,dev_gold,Varios millones de personas se confinaron en China debido al brote de COVID-19.,Varios millones de personas se confinaron en China debido al brote de, COVID-19,COVID-19,coronavirus,False, coronavirus.,"[16045, 341, 4503, 14]",False
charruaLLM,207,66,dev_gold,El artículo 77 determina la fecha de las elecciones departamentales.,El artículo 77 determina la fecha de las elecciones, departamentales,departamentales,y,False, y,[290],False
charruaLLM,208,660,dev_gold,"El documento que recoge los resultados del estudio realizado por el grupo de investigación de género se llama 'La romantización del ""quédate en casa""'.","El documento que recoge los resultados del estudio realizado por el grupo de investigación de género se llama 'La romantización del ""quédate en"," casa""'","casa""'","casa""",False," casa""","[1611, 2]",False
charruaLLM,209,666,dev_gold,La distancia a mantener entre personas saludables para evitar la propagación del virus era de más de dos metros.,La distancia a mantener entre personas saludables para evitar la propagación del virus era de más de dos, metros,metros,metros,True, metros.,"[2558, 14]",False
charruaLLM,210,670,dev_gold,Gustavo Grecco fue presidente del SMU.,Gustavo Grecco fue presidente del, SMU,SMU,"club,",False," club,","[1695, 12]",False
charruaLLM,211,671,dev_gold,El Sindicato Médico del Uruguay fue el primero en pedir el aislamiento masivo.,El Sindicato Médico del Uruguay fue el primero en pedir el aislamiento, masivo,masivo,de,False, de,[259],False
charruaLLM,212,672,dev_gold,Guido Manini Ríos fue el líder del partido Cabildo Abierto.,Guido Manini Ríos fue el líder del partido Cabildo, Abierto,Abierto,"Abierto,",False," Abierto,","[12699, 12]",False
charruaLLM,213,673,dev_gold,Gustavo Ribero fue el vocero del SUAS.,Gustavo Ribero fue el vocero del, SUAS,SUAS,"Ejército,",False," Ejército,","[5380, 12]",False
charruaLLM,214,674,dev_gold,El coronavirus se conoce desde el año 1960.,El coronavirus se conoce desde el año, 1960,1960,"2000,",False," 2000,","[6316, 12]",False
charruaLLM,215,677,dev_gold,Larry David nació en 1947.,Larry David nació en, 1947,1947,el,False, el,[286],False
charruaLLM,216,678,dev_gold,Larry David nació en Brooklyn.,Larry David nació en, Brooklyn,Brooklyn,el,False, el,[286],False
charruaLLM,217,680,dev_gold,José Luis Satdjian fue subsecretario del MSP.,José Luis Satdjian fue subsecretario del, MSP,MSP,Ministerio,False, Ministerio,[1627],False
charruaLLM,218,681,dev_gold,José Luis Satdjian fue subsecretario del MSP.,José Luis Satdjian fue subsecretario del, MSP,MSP,Ministerio,False, Ministerio,[1627],False
charruaLLM,219,682,dev_gold,Un médico con covid asintomático debía hacer 14 días de cuarentena.,Un médico con covid asintomático debía hacer 14 días de, cuarentena,cuarentena,cuarentena,True, cuarentena,"[1840, 291, 765]",False
charruaLLM,220,683,dev_gold,Se consideraba 'contacto cercano' a aquella persona que estuviera a menos de dos metros de una persona confirmada como covid positivo durante un tiempo de diez minutos.,Se consideraba 'contacto cercano' a aquella persona que estuviera a menos de dos metros de una persona confirmada como covid positivo durante un tiempo de diez, minutos,minutos,días,False, días.,"[998, 14]",False
charruaLLM,221,690,dev_gold,El Sindicato Médico del Uruguay y el ex presidente Tabaré Vázquez propusieron la cuarentena obligatoria.,El Sindicato Médico del Uruguay y el ex presidente Tabaré Vázquez propusieron la cuarentena, obligatoria,obligatoria,obligatoria,True, obligatoria,"[5469, 1492]",False
charruaLLM,222,692,dev_gold,Uruguay pudo realizar 200 tests por día.,Uruguay pudo realizar 200 tests por, día,día,día,True, día.,"[1038, 14]",False
charruaLLM,223,697,dev_gold,Christian Di Candia fue intendente de Montevideo.,Christian Di Candia fue intendente de, Montevideo,Montevideo,"Montevideo,",False," Montevideo,","[863, 12]",False
charruaLLM,224,7,dev_gold,Pablo Mieres fue ministro de Trabajo y Seguridad Social.,Pablo Mieres fue ministro de Trabajo y Seguridad, Social,Social,Social,True, Social,[3779],False
charruaLLM,225,707,dev_gold,Se estimó que el número de personas que padecen hambre aguda aumentaría en 130 millones a causa de la pandemia de covid-19.,Se estimó que el número de personas que padecen hambre aguda aumentaría en 130 millones a causa de la pandemia de, covid-19,covid-19,coronavirus,False, coronavirus.,"[16045, 341, 4503, 14]",False
charruaLLM,226,708,dev_gold,Arif Husain fue jefe de la WFP.,Arif Husain fue jefe de la, WFP,WFP,policía,False, policía,[2204],False
charruaLLM,227,712,dev_gold,El gobierno de Estados Unidos planeó tres fases para reabrir el país tras la cuarentena.,El gobierno de Estados Unidos planeó tres fases para reabrir el país tras la, cuarentena,cuarentena,crisis,False, crisis,[1913],False
charruaLLM,228,713,dev_gold,Estaba previsto avanzar de una etapa a otra cada 14 días.,Estaba previsto avanzar de una etapa a otra cada 14, días,días,días,True, días.,"[998, 14]",False
charruaLLM,229,719,dev_gold,La duración del seguro de paro para los trabajadores de COPSA fue de cuatro meses.,La duración del seguro de paro para los trabajadores de COPSA fue de cuatro, meses,meses,meses,True, meses.,"[1295, 14]",False
charruaLLM,230,724,dev_gold,"En Israel, los niños mayores de 12 años podían vacunarse en horario escolar.","En Israel, los niños mayores de 12 años podían vacunarse en horario", escolar,escolar,"escolar,",False," escolar,","[12381, 12]",False
charruaLLM,231,725,dev_gold,"En Israel, cuatro de cada diez personas de entre 12 y 15 años tenían al menos una dosis de la vacuna contra el COVID-19.","En Israel, cuatro de cada diez personas de entre 12 y 15 años tenían al menos una dosis de la vacuna contra el", COVID-19,COVID-19,coronavirus,False, coronavirus.,"[16045, 341, 4503, 14]",False
charruaLLM,232,726,dev_gold,Claudio Moroni fue ministro de Trabajo de Argentina.,Claudio Moroni fue ministro de Trabajo de, Argentina,Argentina,la,False, la,[279],False
charruaLLM,233,728,dev_gold,Las medidas del gobierno argentino para pagar la mitad del sueldo de los trabajadores del sector privado representaron el 3% del PIB.,Las medidas del gobierno argentino para pagar la mitad del sueldo de los trabajadores del sector privado representaron el 3% del, PIB,PIB,salario,False, salario,[5651],False
charruaLLM,234,729,dev_gold,Ginés González García fue ministro de Salud.,Ginés González García fue ministro de, Salud,Salud,Educación,False, Educación,[4024],False
charruaLLM,235,731,dev_gold,Yamandú Orsi fue candidato a la Intendencia de Canelones por el Frente Amplio.,Yamandú Orsi fue candidato a la Intendencia de Canelones por el Frente, Amplio,Amplio,Amplio,True, Amplio.,"[2063, 14]",False
charruaLLM,236,733,dev_gold,Guido Manini Ríos representó a Cabildo Abierto.,Guido Manini Ríos representó a Cabildo, Abierto,Abierto,Abierto,True, Abierto,[12699],False
charruaLLM,237,737,dev_gold,Daniel Salinas fue ministro de Salud Pública.,Daniel Salinas fue ministro de Salud, Pública,Pública,Pública,True, Pública,[4498],False
charruaLLM,238,738,dev_gold,El laboratorio del MSP era capaz de procesar entre 80 y 100 muestras diarias.,El laboratorio del MSP era capaz de procesar entre 80 y 100 muestras, diarias,diarias,de,False, de,[259],False
charruaLLM,239,74,dev_gold,Iuli Edelstein fue presidente del Parlamento Israelí.,Iuli Edelstein fue presidente del Parlamento, Israelí,Israelí,Europeo,False, Europeo,[10775],False
charruaLLM,240,744,dev_gold,Baviera fue el estado con más casos de Covid-19.,Baviera fue el estado con más casos de, Covid-19,Covid-19,coronavirus,False, coronavirus,"[16045, 341, 4503]",False
charruaLLM,241,746,dev_gold,Wuhan es la capital de la provincia de Hubei.,Wuhan es la capital de la provincia de, Hubei,Hubei,"Hunan,",False," Hunan,","[588, 282, 275, 12]",False
charruaLLM,242,75,dev_gold,La capital de Israel es Jerusalén.,La capital de Israel es, Jerusalén,Jerusalén,la,False, la,[279],False
charruaLLM,243,753,dev_gold,La VPN fue una de las herramientas informáticas más utilizadas para trabajar a distancia.,La VPN fue una de las herramientas informáticas más utilizadas para trabajar a, distancia,distancia,distancia,True, distancia.,"[5630, 14]",False
charruaLLM,244,754,dev_gold,Vestirse de trabajo es una actividad que se recomienda para no distraerse al teletrabajar.,Vestirse de trabajo es una actividad que se recomienda para no distraerse al, teletrabajar,teletrabajar,momento,False, momento,[1033],False
charruaLLM,245,757,dev_gold,Slack es una aplicación de chat.,Slack es una aplicación de, chat,chat,realidad,False, realidad,[2374],False
charruaLLM,246,76,dev_gold,Benny Gantz fue el líder del partido Azul y Blanco.,Benny Gantz fue el líder del partido Azul y, Blanco,Blanco,el,False, el,[286],False
charruaLLM,247,760,dev_gold,"Las medidas sanitarias que se debían respetar durante la caravana del 1 de mayo de 2020 incluían, por ejemplo, que solo pudiera ir una persona por moto o bicicleta, no más de dos por auto (una persona adelante y otra atrás) y todo el mundo con tapaboca.","Las medidas sanitarias que se debían respetar durante la caravana del 1 de mayo de 2020 incluían, por ejemplo, que solo pudiera ir una persona por moto o bicicleta, no más de dos por auto (una persona adelante y otra atrás) y todo el mundo con", tapaboca,tapaboca,un,False, un,[295],False
charruaLLM,248,764,dev_gold,El Colegio Médico del Uruguay invirtió en la compra de hasta 2.000 kits de diagnóstico.,El Colegio Médico del Uruguay invirtió en la compra de hasta 2.000 kits de, diagnóstico,diagnóstico,kits,False, kits,"[1465, 854, 83]",False
charruaLLM,249,765,dev_gold,La Red de Costura Solidaria entregó 1.235 tapabocas en el Hospital Maciel.,La Red de Costura Solidaria entregó 1.235 tapabocas en el Hospital, Maciel,Maciel,de,False, de,[259],False
charruaLLM,250,768,dev_gold,En la ciudad italiana de Magenta se denunció discriminación al momento de realizar tests de Covid.,En la ciudad italiana de Magenta se denunció discriminación al momento de realizar tests de, Covid,Covid,diagnóstico,False, diagnóstico,[10885],False
charruaLLM,251,770,dev_gold,Nicola Mumoli fue jerarca del hospital de Magenta.,Nicola Mumoli fue jerarca del hospital de, Magenta,Magenta,la,False, la,[279],False
charruaLLM,252,771,dev_gold,Lombardía fue una de las regiones de Italia más afectadas por el Covid.,Lombardía fue una de las regiones de Italia más afectadas por el, Covid,Covid,"coronavirus,",False," coronavirus,","[16045, 341, 4503, 12]",False
charruaLLM,253,772,dev_gold,Tedros Adhanom Ghebreyesus fue director general de la Organización Mundial de la Salud.,Tedros Adhanom Ghebreyesus fue director general de la Organización Mundial de la, Salud,Salud,Salud,True, Salud,[2979],False
charruaLLM,254,80,dev_gold,"En Israel, debían pasar más de cinco meses desde la segunda dosis para recibir la vacuna de refuerzo.","En Israel, debían pasar más de cinco meses desde la segunda dosis para recibir la vacuna de", refuerzo,refuerzo,Pfizer,False, Pfizer.,"[352, 451, 90, 267, 14]",False
charruaLLM,255,81,dev_gold,"Más de 1,2 millones de personas en Israel recibieron la tercera dosis contra el covid.","Más de 1,2 millones de personas en Israel recibieron la tercera dosis contra el", covid,covid,"coronavirus,",False," coronavirus,","[16045, 341, 4503, 12]",False
charruaLLM,256,83,dev_gold,"Las restricciones en Israel durante la cuarta ola de covid fueron el certificado de vacunación para acceder a determinados espacios y la limitación de personas congregadas, incluido en centros comerciales.","Las restricciones en Israel durante la cuarta ola de covid fueron el certificado de vacunación para acceder a determinados espacios y la limitación de personas congregadas, incluido en centros", comerciales,comerciales,de,False, de,[259],False
charruaLLM,257,87,dev_gold,Las empresas más afectadas por la pandemia fueron las microempresas y las empresas del sector vinculado a los alojamientos y servicios de comida y comercio.,Las empresas más afectadas por la pandemia fueron las microempresas y las empresas del sector vinculado a los alojamientos y servicios de comida y, comercio,comercio,agua,False, agua.,"[2355, 14]",False
charruaLLM,258,9,dev_gold,El PIT-CNT publicó un video en Facebook.,El PIT-CNT publicó un video en, Facebook,Facebook,el,False, el,[286],False
charruaLLM,259,90,dev_gold,Las medidas anunciadas por el gobierno que más implementaron las empresas fueron el seguro de paro flexible y el aplazamiento de aportes tributarios.,Las medidas anunciadas por el gobierno que más implementaron las empresas fueron el seguro de paro flexible y el aplazamiento de aportes, tributarios,tributarios,patronales,False, patronales.,"[5450, 7374, 14]",False
charruaLLM,260,99,dev_gold,"Históricamente, seis de cada diez empresas han enviado empleados al seguro de desempleo.","Históricamente, seis de cada diez empresas han enviado empleados al seguro de", desempleo,desempleo,paro,False, paro.,"[3555, 14]",False
charruaLLM,261,10,test_gold,INAC quiere decir Instituto Nacional de Carnes.,INAC quiere decir Instituto Nacional de, Carnes,Carnes,"Colonización,",False," Colonización,","[1339, 269, 3216, 12]",False
charruaLLM,262,102,test_gold,El Comité Olímpico Nacional Italiano (CONI) decidió suspender el deporte en Italia.,El Comité Olímpico Nacional Italiano (CONI) decidió suspender el deporte en, Italia,Italia,el,False, el,[286],False
charruaLLM,263,109,test_gold,El período de incubación del virus está en un rango que va de dos a diez días.,El período de incubación del virus está en un rango que va de dos a diez, días,días,años,False, años.,"[547, 14]",False
charruaLLM,264,11,test_gold,Pablo Bartol fue ministro de Desarrollo Social.,Pablo Bartol fue ministro de Desarrollo, Social,Social,Social,True, Social,[3779],False
charruaLLM,265,110,test_gold,El coronavirus era muy similar a la gripe.,El coronavirus era muy similar a la, gripe,gripe,"gripe,",False," gripe,","[11241, 12]",False
charruaLLM,266,111,test_gold,El segundo caso positivo de COVID-19 en Liverpool fue el preparador físico Gastón Mañaka.,El segundo caso positivo de COVID-19 en Liverpool fue el preparador físico Gastón, Mañaka,Mañaka,"Tealdi,",False," Tealdi,","[5343, 285, 293, 12]",False
charruaLLM,267,112,test_gold,El segundo caso positivo de COVID-19 en Liverpool estuvo en cuarentena durante 7 días.,El segundo caso positivo de COVID-19 en Liverpool estuvo en cuarentena durante 7, días,días,"días,",False," días,","[998, 12]",False
charruaLLM,268,114,test_gold,Algunos medios tuvieron una actitud xenofóbica hacia los chinos.,Algunos medios tuvieron una actitud xenofóbica hacia los, chinos,chinos,"medios,",False," medios,","[1931, 12]",False
charruaLLM,269,115,test_gold,"El principal motivo de desinformación sobre el coronavirus son las noticias morbosas, inexactas o lisa y llanamente inventadas.","El principal motivo de desinformación sobre el coronavirus son las noticias morbosas, inexactas o lisa y llanamente", inventadas,inventadas,",",False,",",[12],False
charruaLLM,270,119,test_gold,El primer caso de Covid-19 en Argentina fue un hombre de 43 años que regresó a Argentina desde el norte de Italia.,El primer caso de Covid-19 en Argentina fue un hombre de 43 años que regresó a Argentina desde el norte de, Italia,Italia,la,False, la,[279],False
charruaLLM,271,12,test_gold,Ignacio Elgue fue el presidente del Instituto Nacional de Alimentación.,Ignacio Elgue fue el presidente del Instituto Nacional de, Alimentación,Alimentación,Carnes,False, Carnes,"[929, 3509]",False
charruaLLM,272,120,test_gold,El primer caso de Covid en Chile fue un médico de 33 años.,El primer caso de Covid en Chile fue un médico de 33, años,años,años,True, años,[547],False
charruaLLM,273,122,test_gold,El primer caso de Covid en Chile provino del sudeste asiático.,El primer caso de Covid en Chile provino del sudeste, asiático,asiático,"asiático,",False," asiático,","[10830, 12]",False
charruaLLM,274,123,test_gold,El primer país donde se detectaron casos de Covid-19 fue China.,El primer país donde se detectaron casos de Covid-19 fue, China,China,Uruguay,False, Uruguay.,"[655, 14]",False
charruaLLM,275,125,test_gold,Ginés González García fue el Ministro de Salud de Argentina.,Ginés González García fue el Ministro de Salud de, Argentina,Argentina,"Argentina,",False," Argentina,","[1185, 12]",False
charruaLLM,276,126,test_gold,Miguel Asqueta fue director general de Salud.,Miguel Asqueta fue director general de, Salud,Salud,la,False, la,[279],False
charruaLLM,277,127,test_gold,Los primeros casos de Covid en el sudeste asiático aparecieron en enero de 2020.,Los primeros casos de Covid en el sudeste asiático aparecieron en enero de, 2020,2020,"2020,",False," 2020,","[15732, 12]",False
charruaLLM,278,128,test_gold,Jaime Mañalich fue Ministro de Salud de Chile.,Jaime Mañalich fue Ministro de Salud de, Chile,Chile,la,False, la,[279],False
charruaLLM,279,129,test_gold,El CAF puso a disposición fondos para atender problemáticas relacionadas con el covid en América Latina.,El CAF puso a disposición fondos para atender problemáticas relacionadas con el covid en América, Latina,Latina,Latina,True, Latina.,"[3401, 14]",False
charruaLLM,280,138,test_gold,"El Consejo Superior de Deportes de España, la Liga y la Real Federación Española de Fútbol son los anunciantes de la vuelta del fútbol en España.","El Consejo Superior de Deportes de España, la Liga y la Real Federación Española de Fútbol son los anunciantes de la vuelta del fútbol en", España,España,el,False, el,[286],False
charruaLLM,281,140,test_gold,Irene Lozano fue presidenta del Consejo Superior de Deportes.,Irene Lozano fue presidenta del Consejo Superior de, Deportes,Deportes,la,False, la,[279],False
charruaLLM,282,143,test_gold,El Palacio de Viana está ubicado en Madrid.,El Palacio de Viana está ubicado en, Madrid,Madrid,la,False, la,[279],False
charruaLLM,283,147,test_gold,Las economías de América del Norte y Asia fueron las más afectadas por la pandemia.,Las economías de América del Norte y Asia fueron las más afectadas por la, pandemia,pandemia,pandemia,True, pandemia,"[2172, 7461]",False
charruaLLM,284,148,test_gold,Se esperaban caídas superiores al 30% en el comercio local de América Latina.,Se esperaban caídas superiores al 30% en el comercio local de América, Latina,Latina,Latina,True, Latina.,"[3401, 14]",False
charruaLLM,285,150,test_gold,"Los sectores económicos más afectados por la pandemia de COVID-19 fueron la construcción, el comercio, la hotelería y la gastronomía.","Los sectores económicos más afectados por la pandemia de COVID-19 fueron la construcción, el comercio, la hotelería y la", gastronomía,gastronomía,construcción,False, construcción.,"[3148, 14]",False
charruaLLM,286,154,test_gold,El undécimo fallecido por coronavirus en Uruguay tenía 80 años.,El undécimo fallecido por coronavirus en Uruguay tenía 80, años,años,años,True, años,[547],False
charruaLLM,287,160,test_gold,Tedros Adhanom Ghebreyesus fue director general de la OMS.,Tedros Adhanom Ghebreyesus fue director general de la, OMS,OMS,compañía,False, compañía.,"[2676, 14]",False
charruaLLM,288,164,test_gold,China fue el país más afectado por el COVID-19.,China fue el país más afectado por el, COVID-19,COVID-19,coronavirus,False, coronavirus,"[16045, 341, 4503]",False
charruaLLM,289,165,test_gold,Italia fue el segundo país más afectado por el Covid.,Italia fue el segundo país más afectado por el, Covid,Covid,coronavirus,False, coronavirus,"[16045, 341, 4503]",False
charruaLLM,290,167,test_gold,El Covid empezó en la ciudad china de Wuhan.,El Covid empezó en la ciudad china de, Wuhan,Wuhan,"Wuhan,",False," Wuhan,","[870, 85, 4139, 12]",False
charruaLLM,291,171,test_gold,Jorge Quian fue ministro de Salud.,Jorge Quian fue ministro de, Salud,Salud,Economía,False, Economía,[3130],False
charruaLLM,292,172,test_gold,Lucía Alonso fue directora de Epidemiología.,Lucía Alonso fue directora de, Epidemiología,Epidemiología,la,False, la,[279],False
charruaLLM,293,173,test_gold,"Los principales síntomas de Covid eran fiebre, tos y dificultad para respirar.","Los principales síntomas de Covid eran fiebre, tos y dificultad para", respirar,respirar,respirar,True, respirar.,"[7368, 920, 14]",False
charruaLLM,294,174,test_gold,Giovanni Escalante fue representante de la OPS en Uruguay.,Giovanni Escalante fue representante de la OPS en, Uruguay,Uruguay,el,False, el,[286],False
charruaLLM,295,181,test_gold,Sao Paulo fue el estado de Brasil con más casos de Covid.,Sao Paulo fue el estado de Brasil con más casos de, Covid,Covid,covid-19,False, covid-19,"[781, 341, 68, 13, 2198]",False
charruaLLM,296,184,test_gold,En Brasil se administró la vacuna Sinovac.,En Brasil se administró la vacuna, Sinovac,Sinovac,de,False, de,[259],False
charruaLLM,297,186,test_gold,"Brasil fue uno de los países con más casos de COVID-19 en el mundo, junto a Estados Unidos y la India.","Brasil fue uno de los países con más casos de COVID-19 en el mundo, junto a Estados Unidos y la", India,India,India,True, India.,"[7073, 14]",False
charruaLLM,298,193,test_gold,Juan Carlos Blanco fue asistente técnico de Jorge Giordano.,Juan Carlos Blanco fue asistente técnico de Jorge, Giordano,Giordano,"Fossati,",False," Fossati,","[15136, 935, 297, 12]",False
charruaLLM,299,196,test_gold,El riesgo de expansión del Covid-19 aumentó.,El riesgo de expansión del Covid-19, aumentó,aumentó,en,False, en,[281],False
charruaLLM,300,2,test_gold,Los jugadores de Nacional estuvieron aislados por una semana.,Los jugadores de Nacional estuvieron aislados por una, semana,semana,situación,False, situación,[1210],False
charruaLLM,301,20,test_gold,Los dirigentes del SUNCA se reunieron con los representantes de las cámaras empresariales.,Los dirigentes del SUNCA se reunieron con los representantes de las cámaras, empresariales,empresariales,empresariales,True, empresariales,[11025],False
charruaLLM,302,200,test_gold,El primer caso de Covid-19 en el África Subsahariana se detectó.,El primer caso de Covid-19 en el África Subsahariana se, detectó,detectó,produjo,False, produjo,[4497],False
charruaLLM,303,201,test_gold,Brasil es el primer país de Latinoamérica en haber presentado un caso de COVID-19.,Brasil es el primer país de Latinoamérica en haber presentado un caso de, COVID-19,COVID-19,coronavirus,False, coronavirus.,"[16045, 341, 4503, 14]",False
charruaLLM,304,202,test_gold,México fue el segundo país de Latinoamérica en presentar un caso de Covid.,México fue el segundo país de Latinoamérica en presentar un caso de, Covid,Covid,coronavirus,False, coronavirus,"[16045, 341, 4503]",False
charruaLLM,305,203,test_gold,Jorge Quian fue subsecretario de Salud Pública.,Jorge Quian fue subsecretario de Salud, Pública,Pública,Pública,True, Pública,[4498],False
charruaLLM,306,206,test_gold,Los casos graves de coronavirus eran poco frecuentes.,Los casos graves de coronavirus eran poco, frecuentes,frecuentes,"frecuentes,",False," frecuentes,","[13939, 12]",False
charruaLLM,307,212,test_gold,"Las medidas solicitadas buscan proteger a mujeres, niñas, niños y adolescentes.","Las medidas solicitadas buscan proteger a mujeres, niñas, niños y", adolescentes,adolescentes,personas,False, personas,[913],False
charruaLLM,308,216,test_gold,Tedros Adhanom Ghebreyesus fue director de la OMS.,Tedros Adhanom Ghebreyesus fue director de la, OMS,OMS,compañía,False, compañía,[2676],False
charruaLLM,309,217,test_gold,El director de la OMS fue etíope.,El director de la OMS fue, etíope,etíope,el,False, el,[286],False
charruaLLM,310,218,test_gold,Tedros Adhanom Ghebreyesus fue el director general de la Organización Mundial de la Salud.,Tedros Adhanom Ghebreyesus fue el director general de la Organización Mundial de la, Salud,Salud,Salud,True, Salud,[2979],False
charruaLLM,311,219,test_gold,La OMS es la Organización Mundial de la Salud.,La OMS es la Organización Mundial de la, Salud,Salud,Salud,True, Salud,[2979],False
charruaLLM,312,221,test_gold,El covid-19 se originó en Wuhan.,El covid-19 se originó en, Wuhan,Wuhan,el,False, el,[286],False
charruaLLM,313,223,test_gold,El virus que llevó a la pandemia se llama SARS CoV-2.,El virus que llevó a la pandemia se llama SARS, CoV-2,CoV-2,"-CoV-2,",False,"-CoV-2,","[13, 7001, 54, 13, 18, 12]",False
charruaLLM,314,226,test_gold,El virus SARS CoV-2 causa la enfermedad covid-19.,El virus SARS CoV-2 causa la enfermedad, covid-19,covid-19,y,False, y,[290],False
charruaLLM,315,23,test_gold,Daniel Radío fue el secretario del Sistema Integrado de Cuidados.,Daniel Radío fue el secretario del Sistema Integrado de, Cuidados,Cuidados,"Salud,",False," Salud,","[2979, 12]",False
charruaLLM,316,232,test_gold,La OMS es la Organización Mundial de la Salud.,La OMS es la Organización Mundial de la, Salud,Salud,Salud,True, Salud,[2979],False
charruaLLM,317,233,test_gold,La OMS declaró la pandemia.,La OMS declaró la, pandemia,pandemia,emergencia,False, emergencia,[5520],False
charruaLLM,318,24,test_gold,Margarita Percovich integra la Red Pro Cuidados.,Margarita Percovich integra la Red Pro, Cuidados,Cuidados,"ducciones,",False,"ducciones,","[13096, 12]",False
charruaLLM,319,241,test_gold,Países solicitaron asistencia financiera al FMI.,Países solicitaron asistencia financiera al, FMI,FMI,Banco,False, Banco,[2297],False
charruaLLM,320,242,test_gold,Se esperaba que más de 170 países afiliados al FMI tuvieran un crecimiento per cápita negativo.,Se esperaba que más de 170 países afiliados al FMI tuvieran un crecimiento per cápita, negativo,negativo,de,False, de,[259],False
charruaLLM,321,243,test_gold,"América Latina, África y Asia fueron algunas de las regiones más afectadas por la pandemia.","América Latina, África y Asia fueron algunas de las regiones más afectadas por la", pandemia,pandemia,pandemia,True, pandemia,"[2172, 7461]",False
charruaLLM,322,248,test_gold,Algunos de los países con menor cantidad de casos flexibilizaron las restricciones por la pandemia.,Algunos de los países con menor cantidad de casos flexibilizaron las restricciones por la, pandemia,pandemia,pandemia,True, pandemia.,"[2172, 7461, 14]",False
charruaLLM,323,250,test_gold,"Según el Centro Europeo de Prevención y Control de Enfermedades, las medidas impuestas para la pandemia debían mantenerse al menos unos meses.","Según el Centro Europeo de Prevención y Control de Enfermedades, las medidas impuestas para la pandemia debían mantenerse al menos unos", meses,meses,"días,",False," días,","[998, 12]",False
charruaLLM,324,261,test_gold,Cerca de 600 personas murieron a causa del COVID en Suecia en 2020.,Cerca de 600 personas murieron a causa del COVID en Suecia en, 2020,2020,los,False, los,[308],False
charruaLLM,325,264,test_gold,Camberra es la capital de Australia.,Camberra es la capital de, Australia,Australia,la,False, la,[279],False
charruaLLM,326,268,test_gold,Unos 430.000 pobladores de Canberra y sus comunidades aledañas tuvieron que confinarse tras detectarse un caso de COVID-19.,Unos 430.000 pobladores de Canberra y sus comunidades aledañas tuvieron que confinarse tras detectarse un caso de, COVID-19,COVID-19,coronavirus,False, coronavirus.,"[16045, 341, 4503, 14]",False
charruaLLM,327,270,test_gold,El fallecido tenía 73 años.,El fallecido tenía 73, años,años,años,True, años,[547],False
charruaLLM,328,274,test_gold,El CDC son los Centros de Control y Prevención de Enfermedades.,El CDC son los Centros de Control y Prevención de, Enfermedades,Enfermedades,Enfermedades,True, Enfermedades,"[1912, 618, 539, 649]",False
charruaLLM,329,276,test_gold,La Reserva Federal planeó comprar bonos del Tesoro.,La Reserva Federal planeó comprar bonos del, Tesoro,Tesoro,Tesoro,True, Tesoro,[10205],False
charruaLLM,330,277,test_gold,El límite fijado por la Reserva Federal para la compra de activos fue de 700.000 millones de dólares.,El límite fijado por la Reserva Federal para la compra de activos fue de 700.000 millones de, dólares,dólares,"dólares,",False," dólares,","[1294, 12]",False
charruaLLM,331,282,test_gold,El Comité de Emergencia de la OMS se reunió en Ginebra (Suiza).,El Comité de Emergencia de la OMS se reunió en Ginebra, (Suiza),(Suiza),para,False, para,[345],False
charruaLLM,332,283,test_gold,La OMS declaró la emergencia internacional por el coronavirus.,La OMS declaró la emergencia internacional por el, coronavirus,coronavirus,coronavirus,True, coronavirus,"[16045, 341, 4503]",False
charruaLLM,333,284,test_gold,Tedros Adhanom Ghebreyesus fue director general de la OMS.,Tedros Adhanom Ghebreyesus fue director general de la, OMS,OMS,compañía,False, compañía.,"[2676, 14]",False
charruaLLM,334,286,test_gold,Los casos de coronavirus en América se registraron en Canadá y Estados Unidos.,Los casos de coronavirus en América se registraron en Canadá y Estados, Unidos,Unidos,"Unidos,",False," Unidos,","[1254, 12]",False
charruaLLM,335,287,test_gold,Los coronavirus son una extensa familia de virus que pueden causar desde un resfrío común hasta el síndrome respiratorio agudo severo.,Los coronavirus son una extensa familia de virus que pueden causar desde un resfrío común hasta el síndrome respiratorio agudo, severo,severo,,False,.,[14],False
charruaLLM,336,291,test_gold,Nacional y Wanderers jugaron la final del Torneo Intermedio.,Nacional y Wanderers jugaron la final del Torneo, Intermedio,Intermedio,"Intermedio,",False," Intermedio,","[1529, 8719, 12]",False
charruaLLM,337,294,test_gold,Boris Johnson estuvo aislado en la residencia oficial de Downing Street.,Boris Johnson estuvo aislado en la residencia oficial de Downing, Street,Street,"Street,",False," Street,","[8829, 12]",False
charruaLLM,338,295,test_gold,La residencia oficial de Downing Street se encuentra en Londres.,La residencia oficial de Downing Street se encuentra en, Londres,Londres,la,False, la,[279],False
charruaLLM,339,296,test_gold,Matt Hancock fue el secretario de salud británico.,Matt Hancock fue el secretario de salud, británico,británico,de,False, de,[259],False
charruaLLM,340,299,test_gold,Andrew Cuomo fue gobernador de Nueva York.,Andrew Cuomo fue gobernador de Nueva, York,York,York,True, York,[3010],False
charruaLLM,341,302,test_gold,Chris Sununu fue republicano.,Chris Sununu fue, republicano,republicano,el,False, el,[286],False
charruaLLM,342,303,test_gold,Chris Sununu fue gobernador de Nueva Hampshire.,Chris Sununu fue gobernador de Nueva, Hampshire,Hampshire,York,False, York,[3010],False
charruaLLM,343,31,test_gold,El coronavirus se originó en China.,El coronavirus se originó en, China,China,el,False, el,[286],False
charruaLLM,344,310,test_gold,La Trastienda abrió nuevamente con shows en vivo.,La Trastienda abrió nuevamente con shows en, vivo,vivo,vivo,True, vivo,[5752],False
charruaLLM,345,312,test_gold,El protocolo de seguridad para los shows en vivo fue aprobado por el Poder Ejecutivo y la Intendencia de Montevideo.,El protocolo de seguridad para los shows en vivo fue aprobado por el Poder Ejecutivo y la Intendencia de, Montevideo,Montevideo,Montevideo,True, Montevideo.,"[863, 14]",False
charruaLLM,346,315,test_gold,El show de Buenos Muchachos en La Trastienda empezó a las 21 horas.,El show de Buenos Muchachos en La Trastienda empezó a las 21, horas,horas,.00,False,.00,"[14, 424]",False
charruaLLM,347,326,test_gold,Los anticuerpos monoclonales son proteínas artificiales que también se han usado en tratamientos contra determinados tipos de cáncer.,Los anticuerpos monoclonales son proteínas artificiales que también se han usado en tratamientos contra determinados tipos de, cáncer,cáncer,cáncer,True, cáncer.,"[5136, 14]",False
charruaLLM,348,328,test_gold,Una desventaja del uso de anticuerpos monoclonales era que un tratamiento sin coberturas sanitarias podía costar miles de dólares.,Una desventaja del uso de anticuerpos monoclonales era que un tratamiento sin coberturas sanitarias podía costar miles de, dólares,dólares,dólares,True, dólares.,"[1294, 14]",False
charruaLLM,349,33,test_gold,El primer paciente con coronavirus en Estados Unidos fue una persona que había viajado a Wuhan.,El primer paciente con coronavirus en Estados Unidos fue una persona que había viajado a, Wuhan,Wuhan,Estados,False, Estados,[1259],False
charruaLLM,350,330,test_gold,"Los corticoesteroides como la dexametasona, de bajo precio y disponibles en todo el mundo, y los antagonistas de interleucina-6 fueron los fármacos recomendados contra la COVID-19.","Los corticoesteroides como la dexametasona, de bajo precio y disponibles en todo el mundo, y los antagonistas de interleucina-6 fueron los fármacos recomendados contra la", COVID-19,COVID-19,enfermedad,False, enfermedad.,"[4505, 14]",False
charruaLLM,351,333,test_gold,Italia fue el país más afectado por la pandemia de COVID-19.,Italia fue el país más afectado por la pandemia de, COVID-19,COVID-19,"coronavirus,",False," coronavirus,","[16045, 341, 4503, 12]",False
charruaLLM,352,334,test_gold,Austria es un país donde el gobierno permitió la reapertura de los pequeños comercios.,Austria es un país donde el gobierno permitió la reapertura de los pequeños, comercios,comercios,comercios,True, comercios,[8164],False
charruaLLM,353,338,test_gold,"La pandemia tiene su origen en Wuhan, capital de la provincia de Hubei, China.","La pandemia tiene su origen en Wuhan, capital de la provincia de Hubei,", China,China,en,False, en,[281],False
charruaLLM,354,34,test_gold,"El coronavirus afectó más a personas con enfermedades debilitantes, como afecciones neurológicas, diabetes y obesidad.","El coronavirus afectó más a personas con enfermedades debilitantes, como afecciones neurológicas, diabetes y", obesidad,obesidad,enfermedades,False, enfermedades,[7242],False
charruaLLM,355,341,test_gold,El primer contagiado en Wuhan murió el 11 de enero.,El primer contagiado en Wuhan murió el 11 de, enero,enero,marzo,False, marzo,[2278],False
charruaLLM,356,342,test_gold,La primera muerte por coronavirus fuera de China se registró en enero de 2020.,La primera muerte por coronavirus fuera de China se registró en enero de, 2020,2020,"2020,",False," 2020,","[15732, 12]",False
charruaLLM,357,349,test_gold,La información completa de la pandemia se encuentra en el Center for Systems Science and Engineering de la Johns Hopkins University.,La información completa de la pandemia se encuentra en el Center for Systems Science and Engineering de la Johns Hopkins, University,University,",",False,",",[12],False
charruaLLM,358,352,test_gold,"La covid-19 no logró vencer a las vacunas, que fueron eficaces contra las formas graves de la enfermedad.","La covid-19 no logró vencer a las vacunas, que fueron eficaces contra las formas graves de la", enfermedad,enfermedad,enfermedad,True, enfermedad.,"[4505, 14]",False
charruaLLM,359,362,test_gold,El 88% de los pacientes con covid-19 que participaron en un estudio multicéntrico europeo tuvo alteración del gusto.,El 88% de los pacientes con covid-19 que participaron en un estudio multicéntrico europeo tuvo alteración del, gusto,gusto,sistema,False, sistema,[1508],False
charruaLLM,360,363,test_gold,Martín Fraschini fue presidente de la Sociedad de Otorrinolaringología del Uruguay.,Martín Fraschini fue presidente de la Sociedad de Otorrinolaringología del, Uruguay,Uruguay,Uruguay,True, Uruguay,[655],False
charruaLLM,361,364,test_gold,Martín Fraschini fue presidente de la Sorlu.,Martín Fraschini fue presidente de la, Sorlu,Sorlu,Asociación,False, Asociación,[3195],False
charruaLLM,362,365,test_gold,La Sorlu es la Sociedad de Otorrinolaringología del Uruguay.,La Sorlu es la Sociedad de Otorrinolaringología del, Uruguay,Uruguay,Uruguay,True, Uruguay.,"[655, 14]",False
charruaLLM,363,366,test_gold,Daniel Salinas fue ministro de Salud.,Daniel Salinas fue ministro de, Salud,Salud,Salud,True, Salud,[2979],False
charruaLLM,364,367,test_gold,Daniel Salinas fue ministro de salud.,Daniel Salinas fue ministro de, salud,salud,Salud,False, Salud,[2979],False
charruaLLM,365,368,test_gold,Miguel Asqueta fue el director general de la Salud.,Miguel Asqueta fue el director general de la, Salud,Salud,"empresa,",False," empresa,","[1269, 12]",False
charruaLLM,366,369,test_gold,Miguel Asqueta fue director general de Salud.,Miguel Asqueta fue director general de, Salud,Salud,la,False, la,[279],False
charruaLLM,367,37,test_gold,Argentina es el país de América Latina donde ocurrió la primera muerte por Covid-19.,Argentina es el país de América Latina donde ocurrió la primera muerte por, Covid-19,Covid-19,coronavirus,False, coronavirus,"[16045, 341, 4503]",False
charruaLLM,368,374,test_gold,El mismo tapabocas se podía usar durante tres horas.,El mismo tapabocas se podía usar durante tres, horas,horas,horas,True, horas.,"[1074, 14]",False
charruaLLM,369,377,test_gold,"Los sectores para los que se flexibilizaron los seguros de paro fueron comercios, comercios minoristas, servicios turísticos, agencias de viajes y restaurantes.","Los sectores para los que se flexibilizaron los seguros de paro fueron comercios, comercios minoristas, servicios turísticos, agencias de viajes y", restaurantes,restaurantes,servicios,False, servicios,[2069],False
charruaLLM,370,379,test_gold,Pablo Mieres fue ministro de Trabajo y Seguridad Social.,Pablo Mieres fue ministro de Trabajo y Seguridad, Social,Social,Social,True, Social,[3779],False
charruaLLM,371,38,test_gold,La primera muerte por Covid-19 en América Latina fue un hombre de 64 años que regresó de un viaje a Europa y estaba internado en un hospital de la Ciudad de Buenos Aires.,La primera muerte por Covid-19 en América Latina fue un hombre de 64 años que regresó de un viaje a Europa y estaba internado en un hospital de la Ciudad de Buenos, Aires,Aires,Aires,True, Aires.,"[2493, 14]",False
charruaLLM,372,381,test_gold,"El seguro de paro parcial es una reducción horaria para los empleados, y el resto del salario lo cubre el Banco de Previsión Social.","El seguro de paro parcial es una reducción horaria para los empleados, y el resto del salario lo cubre el Banco de Previsión", Social,Social,Social,True, Social.,"[3779, 14]",False
charruaLLM,373,383,test_gold,"Se implementó un chatbot en la página del Ministerio de Salud Pública (MSP), un sistema de respuesta automática a las dudas más frecuentes sobre el coronavirus, con información recabada por el Sistema Nacional de Emergencias, el MSP y la Administración de los Servicios de Salud del Estado.","Se implementó un chatbot en la página del Ministerio de Salud Pública (MSP), un sistema de respuesta automática a las dudas más frecuentes sobre el coronavirus, con información recabada por el Sistema Nacional de Emergencias, el MSP y la Administración de los Servicios de Salud del", Estado,Estado,Estado,True, Estado,[1367],False
charruaLLM,374,384,test_gold,Se empezó a controlar el precio del alcohol en gel y los tapabocas.,Se empezó a controlar el precio del alcohol en gel y los, tapabocas,tapabocas,productos,False, productos,[2395],False
charruaLLM,375,385,test_gold,Álvaro Delgado fue secretario de Presidencia.,Álvaro Delgado fue secretario de, Presidencia,Presidencia,"Presidencia,",False," Presidencia,","[3686, 12]",False
charruaLLM,376,389,test_gold,Las canastas financiadas por los Fondos Sociales de la Construcción pesan unos 40 kilos.,Las canastas financiadas por los Fondos Sociales de la Construcción pesan unos 40, kilos,kilos,millones,False, millones,[783],False
charruaLLM,377,39,test_gold,"Roberto Tórrez fue el jefe de Epidemiología de Santa Cruz, Bolivia.","Roberto Tórrez fue el jefe de Epidemiología de Santa Cruz,", Bolivia,Bolivia,quien,False, quien,[771],False
charruaLLM,378,395,test_gold,Íñigo Urkullu fue presidente del País Vasco.,Íñigo Urkullu fue presidente del País, Vasco,Vasco,"Vasco,",False," Vasco,","[10920, 12]",False
charruaLLM,379,396,test_gold,La Guerra Civil Española terminó en 1939.,La Guerra Civil Española terminó en, 1939,1939,la,False, la,[279],False
charruaLLM,380,40,test_gold,"Bolivia, Venezuela y Uruguay fueron los países de América Latina que no tenían casos de Covid.","Bolivia, Venezuela y Uruguay fueron los países de América Latina que no tenían casos de", Covid,Covid,covid-19,False, covid-19.,"[781, 341, 68, 13, 2198, 14]",False
charruaLLM,381,403,test_gold,"Los no vacunados que viajaban a Suiza debían presentar un test negativo al llegar y, además, hacerse otra prueba entre cuatro y siete días después.","Los no vacunados que viajaban a Suiza debían presentar un test negativo al llegar y, además, hacerse otra prueba entre cuatro y siete días", después,después,después,True, después,[985],False
charruaLLM,382,406,test_gold,Greg Mortimer es un crucero.,Greg Mortimer es un, crucero,crucero,hombre,False, hombre,[1927],False
charruaLLM,383,409,test_gold,El crucero Greg Mortimer tuvo 200 personas a bordo.,El crucero Greg Mortimer tuvo 200 personas a, bordo,bordo,"bordo,",False," bordo,","[9517, 12]",False
charruaLLM,384,41,test_gold,El coronavirus apareció por primera vez en diciembre.,El coronavirus apareció por primera vez en, diciembre,diciembre,el,False, el,[286],False
charruaLLM,385,410,test_gold,La Armada Nacional evacuó a ciudadanos australianos con COVID-19 del crucero Greg Mortimer.,La Armada Nacional evacuó a ciudadanos australianos con COVID-19 del crucero Greg, Mortimer,Mortimer,"Mortimer,",False," Mortimer,","[2507, 297, 6979, 12]",False
charruaLLM,386,413,test_gold,Tim Cook fue el CEO de Apple que felicitó al gobierno por las alertas de Coronavirus.uy.,Tim Cook fue el CEO de Apple que felicitó al gobierno por las alertas de, Coronavirus.uy,Coronavirus.uy,los,False, los,[308],False
charruaLLM,387,42,test_gold,El coronavirus apareció por primera vez en China.,El coronavirus apareció por primera vez en, China,China,el,False, el,[286],False
charruaLLM,388,428,test_gold,La rebaja de sueldos para el fondo coronavirus duró dos meses.,La rebaja de sueldos para el fondo coronavirus duró dos, meses,meses,horas,False, horas,[1074],False
charruaLLM,389,429,test_gold,El descuento a funcionarios se hizo a partir de un sueldo líquido por encima de los 80.000 pesos.,El descuento a funcionarios se hizo a partir de un sueldo líquido por encima de los 80.000, pesos,pesos,pesos,True, pesos.,"[2978, 14]",False
charruaLLM,390,43,test_gold,El primer caso de Covid en Paraguay apareció en 2020.,El primer caso de Covid en Paraguay apareció en, 2020,2020,el,False, el,[286],False
charruaLLM,391,436,test_gold,"La información para conocer quiénes necesitan asistencia proviene de fuentes de datos del Ministerio de Desarrollo Social, el Banco de Previsión Social y la Intendencia de Montevideo.","La información para conocer quiénes necesitan asistencia proviene de fuentes de datos del Ministerio de Desarrollo Social, el Banco de Previsión Social y la Intendencia de", Montevideo,Montevideo,Montevideo,True, Montevideo.,"[863, 14]",False
charruaLLM,392,438,test_gold,"En España, los pacientes más graves y con mayor probabilidad de supervivencia tenían prioridad para ingresar a cuidados intensivos.","En España, los pacientes más graves y con mayor probabilidad de supervivencia tenían prioridad para ingresar a cuidados", intensivos,intensivos,intensivos,True, intensivos.,"[5619, 1433, 14]",False
charruaLLM,393,44,test_gold,La LUD es la Liga Universitaria de Deportes.,La LUD es la Liga Universitaria de, Deportes,Deportes,"Deportes,",False," Deportes,","[13191, 12]",False
charruaLLM,394,440,test_gold,María Cruz Martín es una médica intensivista española.,María Cruz Martín es una médica intensivista, española,española,que,False, que,[284],False
charruaLLM,395,445,test_gold,Robert Silva fue el presidente de la Administración Nacional de Educación Pública.,Robert Silva fue el presidente de la Administración Nacional de Educación, Pública,Pública,Pública,True, Pública,[4498],False
charruaLLM,396,447,test_gold,Un estudiante de enseñanza media tiene 12 o 13 profesores.,Un estudiante de enseñanza media tiene 12 o 13, profesores,profesores,años,False, años,[547],False
charruaLLM,397,448,test_gold,La estrategia para enfrentar la pandemia fue el aislamiento social y quedarse en casa.,La estrategia para enfrentar la pandemia fue el aislamiento social y quedarse en, casa,casa,casa,True, casa.,"[1611, 14]",False
charruaLLM,398,45,test_gold,Santiago Alonso fue presidente de la LUD.,Santiago Alonso fue presidente de la, LUD,LUD,AUF,False, AUF,[6534],False
charruaLLM,399,455,test_gold,"La aplicación CoronavirusUy contiene información sobre ingresos, egresos, test, agendas y vacunas.","La aplicación CoronavirusUy contiene información sobre ingresos, egresos, test, agendas y", vacunas,vacunas,otros,False, otros,[937],False
charruaLLM,400,456,test_gold,La aplicación CoronavirusUy requería 15 minutos para detectar a una persona contagiada cercana.,La aplicación CoronavirusUy requería 15 minutos para detectar a una persona contagiada, cercana,cercana,,False,.,[14],False
charruaLLM,401,457,test_gold,Gastón Milano es un ingeniero que formó parte del equipo que creó la aplicación CoronavirusUy.,Gastón Milano es un ingeniero que formó parte del equipo que creó la aplicación, CoronavirusUy,CoronavirusUy,de,False, de,[259],False
charruaLLM,402,46,test_gold,La LUD suspendió su actividad deportiva.,La LUD suspendió su actividad, deportiva,deportiva,en,False, en,[281],False
charruaLLM,403,465,test_gold,El uso de los teléfonos celulares puede desarrollar conductas adictivas.,El uso de los teléfonos celulares puede desarrollar conductas, adictivas,adictivas,de,False, de,[259],False
charruaLLM,404,467,test_gold,Los trastornos que pueden venir a consecuencia del exceso de información son la ansiedad y la depresión.,Los trastornos que pueden venir a consecuencia del exceso de información son la ansiedad y la, depresión,depresión,depresión,True, depresión.,"[14846, 14]",False
charruaLLM,405,468,test_gold,La hiperconectividad provoca adicciones sociales.,La hiperconectividad provoca adicciones, sociales,sociales,",",False,",",[12],False
charruaLLM,406,469,test_gold,Los teléfonos celulares fueron la tecnología de comunicación con mayor crecimiento a nivel global.,Los teléfonos celulares fueron la tecnología de comunicación con mayor crecimiento a nivel, global,global,mundial,False, mundial.,"[2169, 14]",False
charruaLLM,407,47,test_gold,La LUD retomó su actividad deportiva.,La LUD retomó su actividad, deportiva,deportiva,en,False, en,[281],False
charruaLLM,408,471,test_gold,El primer caso de covid-19 en Uruguay se detectó en marzo.,El primer caso de covid-19 en Uruguay se detectó en, marzo,marzo,el,False, el,[286],False
charruaLLM,409,472,test_gold,"El proyecto de secuenciación del genoma de SARS-CoV-2 en Uruguay estuvo a cargo de la Universidad de la República (Udelar), el Institut Pasteur de Montevideo, el Instituto Nacional de Investigación Agropecuaria (INIA) y el Instituto de Investigaciones Biológicas Clemente Estable (IIBCE).","El proyecto de secuenciación del genoma de SARS-CoV-2 en Uruguay estuvo a cargo de la Universidad de la República (Udelar), el Institut Pasteur de Montevideo, el Instituto Nacional de Investigación Agropecuaria (INIA) y el Instituto de Investigaciones Biológicas Clemente Estable", (IIBCE),(IIBCE),(IIBCE),True, (IIBCE).,"[403, 5846, 4952, 37, 635]",False
charruaLLM,410,474,test_gold,"El test serológico detecta, en sangre obtenida de las personas, si hay anticuerpos generados por el virus.","El test serológico detecta, en sangre obtenida de las personas, si hay anticuerpos generados por el", virus,virus,virus,True, virus.,"[8069, 14]",False
charruaLLM,411,475,test_gold,Gonzalo Moratorio trabajó en el Laboratorio de Virología Molecular de la Facultad de Ciencias.,Gonzalo Moratorio trabajó en el Laboratorio de Virología Molecular de la Facultad de, Ciencias,Ciencias,Ciencias,True, Ciencias,[7995],False
charruaLLM,412,476,test_gold,El coronavirus ingresó a Uruguay.,El coronavirus ingresó a, Uruguay,Uruguay,la,False, la,[279],False
charruaLLM,413,48,test_gold,El doctor Carlos Voituret estuvo involucrado en la redacción de los protocolos sanitarios.,El doctor Carlos Voituret estuvo involucrado en la redacción de los protocolos, sanitarios,sanitarios,de,False, de,[259],False
charruaLLM,414,481,test_gold,José Quintín Olano fue el director de Salud del departamento de Treinta y Tres.,José Quintín Olano fue el director de Salud del departamento de Treinta y, Tres,Tres,"Tres,",False," Tres,","[6157, 12]",False
charruaLLM,415,491,test_gold,Las N95 son máscaras.,Las N95 son, máscaras,máscaras,el,False, el,[286],False
charruaLLM,416,492,test_gold,El coronavirus se contagia por el aire.,El coronavirus se contagia por el, aire,aire,"virus,",False," virus,","[8069, 12]",False
charruaLLM,417,495,test_gold,El 1º de mayo se celebra el Día Internacional de los Trabajadores.,El 1º de mayo se celebra el Día Internacional de los, Trabajadores,Trabajadores,Trabajadores,True, Trabajadores.,"[10319, 14]",False
charruaLLM,418,509,test_gold,Los vecinos de Cotravi pidieron un subsidio de 20.000 pesos.,Los vecinos de Cotravi pidieron un subsidio de 20.000, pesos,pesos,dólares,False, dólares,[1294],False
charruaLLM,419,51,test_gold,"Reino Unido, Baréin, Canadá, Arabia Saudita y México aprobaron el uso de emergencia de la vacuna de Pfizer-BioNTech contra el covid-19.","Reino Unido, Baréin, Canadá, Arabia Saudita y México aprobaron el uso de emergencia de la vacuna de Pfizer-BioNTech contra el", covid-19,covid-19,coronavirus,False, coronavirus.,"[16045, 341, 4503, 14]",False
charruaLLM,420,510,test_gold,Las canastas del gobierno valían 1.200 pesos.,Las canastas del gobierno valían 1.200, pesos,pesos,millones,False, millones,[783],False
charruaLLM,421,514,test_gold,Nicolás Jodal trabajó en GeneXus,Nicolás Jodal trabajó en, GeneXus,GeneXus,la,False, la,[279],False
charruaLLM,422,515,test_gold,Las nuevas funcionalidades de CoronavirusUy fueron informadas por Jodal a través de Twitter.,Las nuevas funcionalidades de CoronavirusUy fueron informadas por Jodal a través de, Twitter,Twitter,un,False, un,[295],False
charruaLLM,423,516,test_gold,Los datos sobre vacunación en la aplicación CoronavirusUy se actualizaban cada dos horas.,Los datos sobre vacunación en la aplicación CoronavirusUy se actualizaban cada dos, horas,horas,años,False, años.,"[547, 14]",False
charruaLLM,424,517,test_gold,El MSP es el Ministerio de Salud Pública.,El MSP es el Ministerio de Salud, Pública,Pública,Pública,True, Pública,[4498],False
charruaLLM,425,52,test_gold,El órgano regulador sanitario de México es Cofepris.,El órgano regulador sanitario de México es, Cofepris,Cofepris,el,False, el,[286],False
charruaLLM,426,520,test_gold,"El tapabocas debía cubrir el mentón, la boca y la nariz.","El tapabocas debía cubrir el mentón, la boca y la", nariz,nariz,boca,False, boca.,"[7312, 14]",False
charruaLLM,427,521,test_gold,"Para evitar el contagio de COVID-19, se debía mantener una distancia de dos metros.","Para evitar el contagio de COVID-19, se debía mantener una distancia de dos", metros,metros,metros,True, metros,[2558],False
charruaLLM,428,523,test_gold,Los ministros de Economía de la zona euro se han reunido durante seis horas.,Los ministros de Economía de la zona euro se han reunido durante seis, horas,horas,días,False, días,[998],False
charruaLLM,429,526,test_gold,La zona euro dispuso de un fondo de medio billón de euros.,La zona euro dispuso de un fondo de medio billón de, euros,euros,euros,True, euros,[3231],False
charruaLLM,430,527,test_gold,Italia y España fueron los países de la zona euro con mayor cantidad de casos de COVID durante la pandemia.,Italia y España fueron los países de la zona euro con mayor cantidad de casos de COVID durante la, pandemia,pandemia,pandemia,True, pandemia.,"[2172, 7461, 14]",False
charruaLLM,431,53,test_gold,Hugo López-Gatell fue subsecretario de salud de México.,Hugo López-Gatell fue subsecretario de salud de, México,México,la,False, la,[279],False
charruaLLM,432,541,test_gold,Nicolás Jodal desarrolló la aplicación CoronavirusUY.,Nicolás Jodal desarrolló la aplicación, CoronavirusUY,CoronavirusUY,de,False, de,[259],False
charruaLLM,433,542,test_gold,Jodal trabaja en GeneXus.,Jodal trabaja en, GeneXus,GeneXus,la,False, la,[279],False
charruaLLM,434,543,test_gold,Los menores de 18 años no podían inscribirse para vacunarse.,Los menores de 18 años no podían inscribirse para, vacunarse,vacunarse,la,False, la,[279],False
charruaLLM,435,547,test_gold,El gobierno decretó la emergencia sanitaria por el coronavirus.,El gobierno decretó la emergencia sanitaria por el, coronavirus,coronavirus,coronavirus,True, coronavirus,"[16045, 341, 4503]",False
charruaLLM,436,549,test_gold,"La encuesta de la Academia Internacional de Sexología Médica encontró que la masturbación fue la actividad sexual más frecuente durante la cuarentena, tanto en varones como en mujeres.","La encuesta de la Academia Internacional de Sexología Médica encontró que la masturbación fue la actividad sexual más frecuente durante la cuarentena, tanto en varones como en", mujeres,mujeres,mujeres,True, mujeres.,"[2153, 14]",False
charruaLLM,437,551,test_gold,"El sexting es el intercambio consentido de mensajes, fotos y videos eróticos por internet.","El sexting es el intercambio consentido de mensajes, fotos y videos eróticos por", internet,internet,parte,False, parte,[751],False
charruaLLM,438,552,test_gold,La cuarentena afectó psicológicamente causando ansiedad y estrés.,La cuarentena afectó psicológicamente causando ansiedad y, estrés,estrés,estrés,True, estrés.,"[11915, 14]",False
charruaLLM,439,554,test_gold,El ex preso político Juan José Noveched Sosa falleció por coronavirus.,El ex preso político Juan José Noveched Sosa falleció por, coronavirus,coronavirus,un,False, un,[295],False
charruaLLM,440,557,test_gold,Juan José Noveched murió a los 76 años.,Juan José Noveched murió a los 76, años,años,"años,",False," años,","[547, 12]",False
charruaLLM,441,558,test_gold,Juan José Noveched estuvo preso entre 1971 y 1981.,Juan José Noveched estuvo preso entre 1971 y, 1981,1981,"1975,",False," 1975,","[3419, 21, 12]",False
charruaLLM,442,559,test_gold,Crysol es una agrupación de ex presos políticos.,Crysol es una agrupación de ex presos, políticos,políticos,políticos,True, políticos,[2913],False
charruaLLM,443,56,test_gold,La FDA es la Administración de Alimentos y Medicamentos en Estados Unidos.,La FDA es la Administración de Alimentos y Medicamentos en Estados, Unidos,Unidos,Unidos,True, Unidos,[1254],False
charruaLLM,444,560,test_gold,El número de atención psicológica 0800 1920 funcionó las 24 horas.,El número de atención psicológica 0800 1920 funcionó las 24, horas,horas,horas,True, horas,[1074],False
charruaLLM,445,565,test_gold,El número para llamar en caso de una situación peligrosa es el 911.,El número para llamar en caso de una situación peligrosa es el, 911,911,de,False, de,[259],False
charruaLLM,446,566,test_gold,"En Argentina, durante la cuarentena, se permitió salir a correr en un radio de hasta 500 metros de la casa.","En Argentina, durante la cuarentena, se permitió salir a correr en un radio de hasta 500 metros de la", casa,casa,ciudad,False, ciudad,[1165],False
charruaLLM,447,567,test_gold,"Las ciudades argentinas con mayor presencia de COVID fueron la ciudad de Buenos Aires y otras capitales, como Rosario o Córdoba.","Las ciudades argentinas con mayor presencia de COVID fueron la ciudad de Buenos Aires y otras capitales, como Rosario o", Córdoba,Córdoba,San,False, San,[1032],False
charruaLLM,448,570,test_gold,Los países más afectados por covid en Europa fueron Italia y España.,Los países más afectados por covid en Europa fueron Italia y, España,España,"España,",False," España,","[2125, 12]",False
charruaLLM,449,579,test_gold,Pablo Orefice fue el director del programa salud.uy.,Pablo Orefice fue el director del programa, salud.uy,salud.uy,de,False, de,[259],False
charruaLLM,450,583,test_gold,La aplicación CoronavirusUy fue utilizada para alertar a las personas que habían estado en contacto con un paciente positivo de COVID-19.,La aplicación CoronavirusUy fue utilizada para alertar a las personas que habían estado en contacto con un paciente positivo de, COVID-19,COVID-19,coronavirus,False, coronavirus.,"[16045, 341, 4503, 14]",False
charruaLLM,451,584,test_gold,La aplicación Coronavirus.uy envía el mensaje 'Alerta: La persona que usa este celular puede haber estado expuesta al virus del COVID-19' en caso de exposición a un caso positivo de Covid.,La aplicación Coronavirus.uy envía el mensaje 'Alerta: La persona que usa este celular puede haber estado expuesta al virus del COVID-19' en caso de exposición a un caso positivo de, Covid,Covid,coronavirus,False, coronavirus.,"[16045, 341, 4503, 14]",False
charruaLLM,452,588,test_gold,El proyecto para penalizar la educación sexual en Polonia fue presentado por organizaciones civiles 'pro vida' y contrarias a los derechos de la población LGBTI.,El proyecto para penalizar la educación sexual en Polonia fue presentado por organizaciones civiles 'pro vida' y contrarias a los derechos de la población, LGBTI,LGBTI,,False,.,[14],False
charruaLLM,453,590,test_gold,Draginja Nadazdin fue directora de Amnistía Internacional Polonia.,Draginja Nadazdin fue directora de Amnistía Internacional, Polonia,Polonia,en,False, en,[281],False
charruaLLM,454,592,test_gold,Las personas en situación de calle se albergaron en el Gran Parque Central.,Las personas en situación de calle se albergaron en el Gran Parque, Central,Central,"Central,",False," Central,","[2602, 12]",False
charruaLLM,455,596,test_gold,Jacinda Ardern fue primera ministra de Nueva Zelanda.,Jacinda Ardern fue primera ministra de Nueva, Zelanda,Zelanda,"York,",False," York,","[3010, 12]",False
charruaLLM,456,597,test_gold,Nueva Zelanda tuvo un período de seis meses sin casos de coronavirus.,Nueva Zelanda tuvo un período de seis meses sin casos de, coronavirus,coronavirus,"covid-19,",False," covid-19,","[781, 341, 68, 13, 2198, 12]",False
charruaLLM,457,6,test_gold,No se diagnosticó a ninguna persona con coronavirus en las cárceles de Uruguay.,No se diagnosticó a ninguna persona con coronavirus en las cárceles de, Uruguay,Uruguay,la,False, la,[279],False
charruaLLM,458,600,test_gold,"Phil Valentine, un conductor de radio de Estados Unidos, falleció a los 61 años a causa de la covid-19.","Phil Valentine, un conductor de radio de Estados Unidos, falleció a los 61 años a causa de la", covid-19,covid-19,enfermedad,False, enfermedad.,"[4505, 14]",False
charruaLLM,459,602,test_gold,Los contactos vacunados no necesitaban aislarse en el Reino Unido.,Los contactos vacunados no necesitaban aislarse en el Reino, Unido,Unido,"Unido,",False," Unido,","[5211, 12]",False
charruaLLM,460,603,test_gold,Los contactos de positivos de Reino Unido estaban obligados a guardar una cuarentena de diez días.,Los contactos de positivos de Reino Unido estaban obligados a guardar una cuarentena de diez, días,días,"días,",False," días,","[998, 12]",False
charruaLLM,461,604,test_gold,NHS Covid-19 es la aplicación oficial del sistema de salud británico.,NHS Covid-19 es la aplicación oficial del sistema de salud, británico,británico,de,False, de,[259],False
charruaLLM,462,606,test_gold,Terra Brasserie es un restaurante.,Terra Brasserie es un, restaurante,restaurante,lugar,False, lugar,[944],False
charruaLLM,463,608,test_gold,La propuesta de subsidios del FA tenía un costo estimado de 240 millones de dólares.,La propuesta de subsidios del FA tenía un costo estimado de 240 millones de, dólares,dólares,"dólares,",False," dólares,","[1294, 12]",False
charruaLLM,464,614,test_gold,"Los diputados Eduardo Lust (Cabildo Abierto) y César Vega (Partido Ecologista Radical Intransigente), los abogados Gustavo Salle y Hoenir Sarthou, y la comunicadora Patricia Wolf le plantearon al presidente la suspensión del contrato con UPM.","Los diputados Eduardo Lust (Cabildo Abierto) y César Vega (Partido Ecologista Radical Intransigente), los abogados Gustavo Salle y Hoenir Sarthou, y la comunicadora Patricia Wolf le plantearon al presidente la suspensión del contrato con", UPM,UPM,el,False, el,[286],False
charruaLLM,465,615,test_gold,El tercer caso confirmado de COVID-19 en Deportivo Maldonado fue Agustín Sant'Ann.,El tercer caso confirmado de COVID-19 en Deportivo Maldonado fue Agustín, Sant'Ann,Sant'Ann,Álvarez,False, Álvarez,[5950],False
charruaLLM,466,617,test_gold,El jugador de Deportivo Maldonado contagiado de COVID-19 se encontraba aislado.,El jugador de Deportivo Maldonado contagiado de COVID-19 se encontraba, aislado,aislado,en,False, en,[281],False
charruaLLM,467,62,test_gold,Carissa Etienne fue directora de la Organización Panamericana de la Salud.,Carissa Etienne fue directora de la Organización Panamericana de la, Salud,Salud,Salud,True, Salud,[2979],False
charruaLLM,468,624,test_gold,Participar en Eno Breathe fue gratuito.,Participar en Eno Breathe fue, gratuito,gratuito,el,False, el,[286],False
charruaLLM,469,626,test_gold,El arquero John fue uno de los casos positivos de Santos tras el partido con Boca Juniors.,El arquero John fue uno de los casos positivos de Santos tras el partido con Boca, Juniors,Juniors,Juniors,True, Juniors.,"[6686, 14]",False
charruaLLM,470,629,test_gold,La Conmebol resolvió que no había lugar a reclamo de puntos.,La Conmebol resolvió que no había lugar a reclamo de, puntos,puntos,los,False, los,[308],False
charruaLLM,471,636,test_gold,Alexandr Gorélov fue subdirector del Instituto de Epidemiología de la oficina nacional de protección al consumidor.,Alexandr Gorélov fue subdirector del Instituto de Epidemiología de la oficina nacional de protección al, consumidor,consumidor,"SARS-CoV-2,",False," SARS-CoV-2,","[376, 2884, 51, 13, 7001, 54, 13, 18, 12]",False
charruaLLM,472,639,test_gold,CEPAL es la Comisión Económica para América Latina y el Caribe.,CEPAL es la Comisión Económica para América Latina y el, Caribe,Caribe,Caribe,True, Caribe,[7920],False
charruaLLM,473,647,test_gold,ASSE es la Administración de Servicios de Salud del Estado.,ASSE es la Administración de Servicios de Salud del, Estado,Estado,Estado,True, Estado,[1367],False
charruaLLM,474,650,test_gold,Eduardo Henderson fue gerente general de ASSE.,Eduardo Henderson fue gerente general de, ASSE,ASSE,la,False, la,[279],False
charruaLLM,475,651,test_gold,Eduardo Henderson fue el gerente general de ASSE.,Eduardo Henderson fue el gerente general de, ASSE,ASSE,la,False, la,[279],False
charruaLLM,476,656,test_gold,Miguel Martinez fue el decano de la Facultad de Medicina.,Miguel Martinez fue el decano de la Facultad de, Medicina,Medicina,Ciencias,False, Ciencias,[7995],False
charruaLLM,477,657,test_gold,Miguel Martínez fue decano de la Facultad de Medicina.,Miguel Martínez fue decano de la Facultad de, Medicina,Medicina,Ciencias,False, Ciencias,[7995],False
charruaLLM,478,667,test_gold,Los renunciantes de ASSE permanecieron en sus cargos hasta el 30 del mes.,Los renunciantes de ASSE permanecieron en sus cargos hasta el 30 del, mes,mes,mes,True, mes,[847],False
charruaLLM,479,668,test_gold,Leonardo Cipriani fue presidente de ASSE.,Leonardo Cipriani fue presidente de, ASSE,ASSE,la,False, la,[279],False
charruaLLM,480,669,test_gold,Jorge Basso fue ministro de Salud Pública.,Jorge Basso fue ministro de Salud, Pública,Pública,"Pública,",False," Pública,","[4498, 12]",False
charruaLLM,481,674,test_gold,El dengue fue una de las enfermedades que más preocuparon al Ministerio de Salud Pública (MSP).,El dengue fue una de las enfermedades que más preocuparon al Ministerio de Salud Pública, (MSP),(MSP),(MSP),True, (MSP),"[403, 45, 5233, 9]",False
charruaLLM,482,678,test_gold,Liverpool fue el campeón en Inglaterra.,Liverpool fue el campeón en, Inglaterra,Inglaterra,la,False, la,[279],False
charruaLLM,483,680,test_gold,"el pastor Márquez fue el fundador de la Iglesia Misión y de la ONG Beraca, Jorge Márquez.","el pastor Márquez fue el fundador de la Iglesia Misión y de la ONG Beraca, Jorge", Márquez,Márquez,Bergoglio,False, Bergoglio.,"[3219, 382, 15079, 14]",False
charruaLLM,484,681,test_gold,El pastor Márquez es de la iglesia Misión Vida.,El pastor Márquez es de la iglesia Misión, Vida,Vida,de,False, de,[259],False
charruaLLM,485,686,test_gold,Marcos Carámbula fue el presidente de la Administración de Servicios de Salud del Estado (ASSE).,Marcos Carámbula fue el presidente de la Administración de Servicios de Salud del Estado, (ASSE),(ASSE),"(ASSE),",False," (ASSE),","[403, 14265, 675]",False
charruaLLM,486,688,test_gold,Carámbula propone la vacunación como solución para la pandemia.,Carámbula propone la vacunación como solución para la, pandemia,pandemia,pandemia,True, pandemia,"[2172, 7461]",False
charruaLLM,487,689,test_gold,"Las poblaciones prioritarias con respecto a la vacunación fueron el personal de la salud, las personas de mayor riesgo que coexistían con el COVID y los adultos mayores.","Las poblaciones prioritarias con respecto a la vacunación fueron el personal de la salud, las personas de mayor riesgo que coexistían con el COVID y los adultos", mayores,mayores,mayores,True, mayores,[2750],False
charruaLLM,488,693,test_gold,"Los dispositivos de medición de calor se emplean en escuelas, aeropuertos e instalaciones médicas.","Los dispositivos de medición de calor se emplean en escuelas, aeropuertos e instalaciones", médicas,médicas,de,False, de,[259],False
charruaLLM,489,703,test_gold,Aleksander Čeferin fue presidente de la UEFA.,Aleksander Čeferin fue presidente de la, UEFA,UEFA,Asociación,False, Asociación,[3195],False
charruaLLM,490,708,test_gold,Los participantes del estudio de anticuerpos de IrsiCaixa fueron observados durante 15 meses.,Los participantes del estudio de anticuerpos de IrsiCaixa fueron observados durante 15, meses,meses,"días,",False," días,","[998, 12]",False
charruaLLM,491,713,test_gold,"La enzima se encuentra unida a la membrana que recubre las células de pulmones, las arterias, los riñones y los intestinos.","La enzima se encuentra unida a la membrana que recubre las células de pulmones, las arterias, los riñones y los", intestinos,intestinos,pulmones,False, pulmones.,"[5483, 77, 364, 14]",False
charruaLLM,492,714,test_gold,El nombre científico del coronavirus es SARS-CoV-2.,El nombre científico del coronavirus es, SARS-CoV-2,SARS-CoV-2,el,False, el,[286],False
charruaLLM,493,72,test_gold,"Las directrices de la DGS de Portugal recomendaron que las personas más vulnerables, especialmente aquellas con enfermedades crónicas o inmunodepresión, usaran mascarilla.","Las directrices de la DGS de Portugal recomendaron que las personas más vulnerables, especialmente aquellas con enfermedades crónicas o inmunodepresión, usaran", mascarilla,mascarilla,la,False, la,[279],False
charruaLLM,494,721,test_gold,Llegaron dos millones de vacunas de Pfizer.,Llegaron dos millones de vacunas de, Pfizer,Pfizer,Pfizer,True, Pfizer,"[352, 451, 90, 267]",False
charruaLLM,495,723,test_gold,Llegaron a Uruguay 172.800 dosis de la vacuna AstraZeneca.,Llegaron a Uruguay 172.800 dosis de la vacuna, AstraZeneca,AstraZeneca,contra,False, contra,[727],False
charruaLLM,496,727,test_gold,El shock de la demanda ocurre cuando los gastos del consumo caen en picada.,El shock de la demanda ocurre cuando los gastos del consumo caen en, picada,picada,un,False, un,[295],False
charruaLLM,497,728,test_gold,"Algunos de los países europeos más afectados por la pandemia fueron aquellos que habían sufrido los peores recortes en el presupuesto público durante las medidas de austeridad en la zona euro, lo que vinculó la inversión pública con el control adecuado de la pandemia.","Algunos de los países europeos más afectados por la pandemia fueron aquellos que habían sufrido los peores recortes en el presupuesto público durante las medidas de austeridad en la zona euro, lo que vinculó la inversión pública con el control adecuado de la", pandemia,pandemia,economía,False, economía.,"[2179, 14]",False
charruaLLM,498,729,test_gold,OMS significa Organización Mundial de la Salud.,OMS significa Organización Mundial de la, Salud,Salud,Salud,True, Salud,[2979],False
charruaLLM,499,730,test_gold,Una infección endémica es una enfermedad que ha logrado una presencia constante o prevalencia en una población.,Una infección endémica es una enfermedad que ha logrado una presencia constante o prevalencia en una, población,población,población,True, población,[2408],False
charruaLLM,500,731,test_gold,Michael Ryan fue el director ejecutivo del Programa de Emergencias Sanitarias de la OMS.,Michael Ryan fue el director ejecutivo del Programa de Emergencias Sanitarias de la, OMS,OMS,"ONU,",False," ONU,","[4648, 12]",False
charruaLLM,501,734,test_gold,La línea de apoyo psicológico estuvo disponible las 24 horas.,La línea de apoyo psicológico estuvo disponible las 24, horas,horas,horas,True, horas,[1074],False
charruaLLM,502,736,test_gold,La medida del gobierno de invertir en la compra de estudios de covid-19 fue anunciada por la Unidad Centralizada de Adquisiciones del Ministerio de Economía y Finanzas (MEF).,La medida del gobierno de invertir en la compra de estudios de covid-19 fue anunciada por la Unidad Centralizada de Adquisiciones del Ministerio de Economía y Finanzas, (MEF),(MEF),(MEF),True, (MEF),"[403, 8361, 38, 9]",False
charruaLLM,503,737,test_gold,El gobierno uruguayo invirtió casi ocho millones de dólares en la compra de estudios diagnósticos y tomas de muestras de covid-19.,El gobierno uruguayo invirtió casi ocho millones de dólares en la compra de estudios diagnósticos y tomas de muestras de, covid-19,covid-19,sangre,False, sangre.,"[5863, 14]",False
charruaLLM,504,74,test_gold,La mascarilla es una medida eficaz para prevenir el contagio de covid-19.,La mascarilla es una medida eficaz para prevenir el contagio de, covid-19,covid-19,la,False, la,[279],False
charruaLLM,505,747,test_gold,El Colectivo Trans del Uruguay (CTU) lanzó una campaña de donaciones para armar canastas de alimentos.,El Colectivo Trans del Uruguay (CTU) lanzó una campaña de donaciones para armar canastas de, alimentos,alimentos,"alimentos,",False," alimentos,","[4786, 12]",False
charruaLLM,506,757,test_gold,El testeo de anticuerpos en Rivera se realizó en marzo.,El testeo de anticuerpos en Rivera se realizó en, marzo,marzo,el,False, el,[286],False
charruaLLM,507,76,test_gold,El proyecto de ley presentado por la senadora Carmen Sanguinetti establecía que el teletrabajo no podía superar el límite máximo de 44 y 48 horas semanales.,El proyecto de ley presentado por la senadora Carmen Sanguinetti establecía que el teletrabajo no podía superar el límite máximo de 44 y 48 horas, semanales,semanales,,False,.,[14],False
charruaLLM,508,77,test_gold,Carmen Sanguinetti fue senadora del Partido Colorado.,Carmen Sanguinetti fue senadora del Partido, Colorado,Colorado,Colorado,True, Colorado,[4912],False
charruaLLM,509,8,test_gold,"Las restricciones para las visitas a los reclusos permitían una visita mayor de 18 años por persona privada de libertad y no permitían mujeres embarazadas, personas inmunodeprimidas o que presentaran síntomas de coronavirus.","Las restricciones para las visitas a los reclusos permitían una visita mayor de 18 años por persona privada de libertad y no permitían mujeres embarazadas, personas inmunodeprimidas o que presentaran síntomas de", coronavirus,coronavirus,covid-19,False, covid-19.,"[781, 341, 68, 13, 2198, 14]",False
charruaLLM,510,83,test_gold,Nacional y Peñarol donaron kits de cuidados personales al personal de la salud.,Nacional y Peñarol donaron kits de cuidados personales al personal de la, salud,salud,salud,True, salud.,"[2065, 14]",False
charruaLLM,511,84,test_gold,Nacional donó 3.000 kits por la pandemia.,Nacional donó 3.000 kits por la, pandemia,pandemia,donación,False, donación,"[740, 350]",False
charruaLLM,512,9,test_gold,Fernando Mattos fue presidente del INAC.,Fernando Mattos fue presidente del, INAC,INAC,Consejo,False, Consejo,[3081],False
charruaLLM,513,96,test_gold,Benett fue primer ministro de Israel.,Benett fue primer ministro de, Israel,Israel,la,False, la,[279],False
charruaLLM,514,97,test_gold,El Sinae es el Sistema Nacional de Emergencias.,El Sinae es el Sistema Nacional de, Emergencias,Emergencias,Emergencias,True, Emergencias,"[5311, 11288]",False
charruaLLM,515,0,train,El plan de contención económica social se elaboró para mitigar el impacto de la emergencia sanitaria.,El plan de contención económica social se elaboró para mitigar el impacto de la emergencia, sanitaria,sanitaria,sanitaria,True, sanitaria,[12657],False
charruaLLM,516,1,train,"La comisión de expertos del FA estuvo integrada por Danilo Astori, el senador Daniel Olesker, el ex ministro de Trabajo y Seguridad Social Ernesto Murro y la economista Andrea Vigorito.","La comisión de expertos del FA estuvo integrada por Danilo Astori, el senador Daniel Olesker, el ex ministro de Trabajo y Seguridad Social Ernesto Murro y la economista Andrea", Vigorito,Vigorito,Tuana,False, Tuana.,"[10029, 628, 14]",False
charruaLLM,517,100,train,"Durante la pandemia por coronavirus, en la página de UNICEF se podía descargar una guía para hablar sobre Covid-19.","Durante la pandemia por coronavirus, en la página de UNICEF se podía descargar una guía para hablar sobre", Covid-19,Covid-19,la,False, la,[279],False
charruaLLM,518,101,train,El libro disponible en la página de UNICEF trata sobre los derechos del niño.,El libro disponible en la página de UNICEF trata sobre los derechos del, niño,niño,pueblo,False, pueblo,[3233],False
charruaLLM,519,102,train,El juego Right Runner estuvo disponible para celular.,El juego Right Runner estuvo disponible para, celular,celular,los,False, los,[308],False
charruaLLM,520,103,train,El ibuprofeno es un antiinflamatorio no esteroideo.,El ibuprofeno es un antiinflamatorio no, esteroideo,esteroideo,es,False, es,[321],False
charruaLLM,521,105,train,Olivier Veran fue el ministro de salud de Francia.,Olivier Veran fue el ministro de salud de, Francia,Francia,la,False, la,[279],False
charruaLLM,522,106,train,"Las comorbilidades que se asociaron a muertes por Covid-19 fueron enfermedades cerebrovasculares y coronarias, diabetes e hipertensión.","Las comorbilidades que se asociaron a muertes por Covid-19 fueron enfermedades cerebrovasculares y coronarias, diabetes e", hipertensión,hipertensión,hipertensión,True, hipertensión.,"[13480, 435, 537, 14]",False
charruaLLM,523,107,train,Charlotte Warren-Gash fue profesor asociado de epidemiología en la Escuela de Higiene y Medicina Tropical de Londres.,Charlotte Warren-Gash fue profesor asociado de epidemiología en la Escuela de Higiene y Medicina Tropical de, Londres,Londres,la,False, la,[279],False
charruaLLM,524,109,train,"Las autoridades del Centro de Almaceneros Minoristas, Baristas, Autoservicistas y Afines del Uruguay (CAMBADU) y el secretario de Presidencia, Álvaro Delgado, están evaluando la medida de exigir el uso de tapabocas en los comercios minoristas asociados a la gremial.","Las autoridades del Centro de Almaceneros Minoristas, Baristas, Autoservicistas y Afines del Uruguay (CAMBADU) y el secretario de Presidencia, Álvaro Delgado, están evaluando la medida de exigir el uso de tapabocas en los comercios minoristas asociados a la", gremial,gremial,pandemia,False, pandemia.,"[2172, 7461, 14]",False
charruaLLM,525,11,train,En la pandemia por coronavirus quien recomendó al gobierno argentino mantener el aislamiento fue un grupo de expertos de entidades nacionales e internacionales.,En la pandemia por coronavirus quien recomendó al gobierno argentino mantener el aislamiento fue un grupo de expertos de entidades nacionales e, internacionales,internacionales,internacionales,True, internacionales,[3205],False
charruaLLM,526,115,train,El primer caso de Covid en Argentina apareció el 3 de marzo.,El primer caso de Covid en Argentina apareció el 3 de, marzo,marzo,abril,False, abril,[2601],False
charruaLLM,527,117,train,Eduardo Wado de Pedro fue el Ministro del Interior de la Argentina.,Eduardo Wado de Pedro fue el Ministro del Interior de la, Argentina,Argentina,"República,",False," República,","[2096, 12]",False
charruaLLM,528,118,train,Mario Meoni fue el Ministro de Transporte de la Argentina.,Mario Meoni fue el Ministro de Transporte de la, Argentina,Argentina,"República,",False," República,","[2096, 12]",False
charruaLLM,529,14,train,Ginés González García fue ministro de Salud de Argentina.,Ginés González García fue ministro de Salud de, Argentina,Argentina,la,False, la,[279],False
charruaLLM,530,143,train,"El organizador del concurso de dibujo y fotografía 'La cuarentena' fue la Facultad de Arquitectura, Diseño y Urbanismo de la Universidad de la República.","El organizador del concurso de dibujo y fotografía 'La cuarentena' fue la Facultad de Arquitectura, Diseño y Urbanismo de la Universidad de la", República,República,República,True, República.,"[2096, 14]",False
charruaLLM,531,145,train,"El jurado del concurso La Cuarentena estuvo compuesto por Julio Pereira, Ernesto Ryan, Nicolás Garrido, Mariana Cecilio y Leonardo Finotti.","El jurado del concurso La Cuarentena estuvo compuesto por Julio Pereira, Ernesto Ryan, Nicolás Garrido, Mariana Cecilio y Leonardo", Finotti,Finotti,Pacella,False, Pacella.,"[7783, 3795, 14]",False
charruaLLM,532,146,train,El acrónimo de la Universidad de la República es Udelar.,El acrónimo de la Universidad de la República es, Udelar,Udelar,el,False, el,[286],False
charruaLLM,533,147,train,Mariana Cecilio es de Brasil.,Mariana Cecilio es de, Brasil,Brasil,la,False, la,[279],False
charruaLLM,534,15,train,"En Argentina, en el marco de las medidas para combatir la pandemia de coronavirus, la cuarentena se flexibilizó en las provincias de Entre Ríos, Misiones, Salta, San Juan y Neuquén.","En Argentina, en el marco de las medidas para combatir la pandemia de coronavirus, la cuarentena se flexibilizó en las provincias de Entre Ríos, Misiones, Salta, San Juan y", Neuquén,Neuquén,Santa,False, Santa,[4161],False
charruaLLM,535,154,train,Los primeros contagiados de Covid-19 en el deporte uruguayo fueron dos jugadores de rugby y tres jugadoras de hockey.,Los primeros contagiados de Covid-19 en el deporte uruguayo fueron dos jugadores de rugby y tres jugadoras de, hockey,hockey,"fútbol,",False," fútbol,","[1728, 12]",False
charruaLLM,536,16,train,"El aislamiento social, preventivo y obligatorio en Argentina, adoptado para combatir la pandemia de coronavirus, durará al menos hasta el 10 de mayo.","El aislamiento social, preventivo y obligatorio en Argentina, adoptado para combatir la pandemia de coronavirus, durará al menos hasta el 10 de", mayo,mayo,marzo,False, marzo.,"[2278, 14]",False
charruaLLM,537,160,train,"Los científicos británicos recomendaron, para combatir el coronavirus, aislar los casos sospechosos, poner en cuarentena a quienes viven con ellos y poner a resguardo a ancianos y personas con factores de riesgo.","Los científicos británicos recomendaron, para combatir el coronavirus, aislar los casos sospechosos, poner en cuarentena a quienes viven con ellos y poner a resguardo a ancianos y personas con factores de", riesgo,riesgo,riesgo,True, riesgo.,"[2721, 14]",False
charruaLLM,538,17,train,Las zonas de Argentina más afectadas por el Covid fueron la ciudad de Buenos Aires y la zona metropolitana.,Las zonas de Argentina más afectadas por el Covid fueron la ciudad de Buenos Aires y la zona, metropolitana,metropolitana,de,False, de,[259],False
charruaLLM,539,177,train,El sindicato de trabajadoras domésticas es el Sindicato Único de Trabajadoras Domésticas (SUTD).,El sindicato de trabajadoras domésticas es el Sindicato Único de Trabajadoras Domésticas, (SUTD),(SUTD),"(SUTSAU),",False," (SUTSAU),","[403, 51, 53, 52, 3136, 53, 675]",False
charruaLLM,540,179,train,Yaneth Mazzoleni fue dirigente del Sindicato Único de Trabajadoras Domésticas.,Yaneth Mazzoleni fue dirigente del Sindicato Único de Trabajadoras, Domésticas,Domésticas,Domésticas,True, Domésticas,"[9095, 2687, 1090]",False
charruaLLM,541,182,train,El acrónimo del Ministerio de Desarrollo Social es Mides.,El acrónimo del Ministerio de Desarrollo Social es, Mides,Mides,el,False, el,[286],False
charruaLLM,542,183,train,La dirección del hotel Urban Express es Andes y Uruguay.,La dirección del hotel Urban Express es Andes y, Uruguay,Uruguay,la,False, la,[279],False
charruaLLM,543,184,train,Gabriel Cunha fue director de Coordinación de Programas para Personas en Situación de Calle del Mides.,Gabriel Cunha fue director de Coordinación de Programas para Personas en Situación de Calle del, Mides,Mides,Instituto,False, Instituto,[3185],False
charruaLLM,544,185,train,Nicolás Martinelli fue director general de Secretaría del Mides.,Nicolás Martinelli fue director general de Secretaría del, Mides,Mides,Ministerio,False, Ministerio,[1627],False
charruaLLM,545,186,train,Luis Lacalle Pou fue presidente.,Luis Lacalle Pou fue, presidente,presidente,el,False, el,[286],False
charruaLLM,546,189,train,Magdalena Furtado fue la representante de ONU Mujeres en Uruguay.,Magdalena Furtado fue la representante de ONU Mujeres en, Uruguay,Uruguay,la,False, la,[279],False
charruaLLM,547,19,train,"En el marco de la pandemia por coronavirus, quien solicitó al gobierno no retomar las clases presenciales en escuelas rurales el 22 de abril fue la Sociedad de Medicina Rural del Uruguay.","En el marco de la pandemia por coronavirus, quien solicitó al gobierno no retomar las clases presenciales en escuelas rurales el 22 de abril fue la Sociedad de Medicina Rural del", Uruguay,Uruguay,Uruguay,True, Uruguay,[655],False
charruaLLM,548,190,train,Soledad Quesada fue directora de la Asesoría para la Igualdad de Género de la Intendencia de Montevideo.,Soledad Quesada fue directora de la Asesoría para la Igualdad de Género de la Intendencia de, Montevideo,Montevideo,Montevideo,True, Montevideo.,"[863, 14]",False
charruaLLM,549,193,train,El confinamiento en España comenzó el domingo en que el gobierno de Pedro Sánchez decretó el estado de alerta durante la pandemia de Covid-19.,El confinamiento en España comenzó el domingo en que el gobierno de Pedro Sánchez decretó el estado de alerta durante la pandemia de, Covid-19,Covid-19,coronavirus,False, coronavirus.,"[16045, 341, 4503, 14]",False
charruaLLM,550,197,train,Giuseppe Conte fue el primer ministro de Italia.,Giuseppe Conte fue el primer ministro de, Italia,Italia,la,False, la,[279],False
charruaLLM,551,2,train,"Durante la pandemia por coronavirus el FA elaboró el “plan de contención económica social” que, en materia laboral, estableció medidas de preservación de puestos de trabajo","Durante la pandemia por coronavirus el FA elaboró el “plan de contención económica social” que, en materia laboral, estableció medidas de preservación de puestos de", trabajo,trabajo,trabajo,True, trabajo.,"[1178, 14]",False
charruaLLM,552,20,train,"Luego de suspender las clases presenciales por la pandemia de coronavirus, se pensaba retomarlas un 22 de abril.","Luego de suspender las clases presenciales por la pandemia de coronavirus, se pensaba retomarlas un 22 de", abril,abril,abril,True, abril.,"[2601, 14]",False
charruaLLM,553,202,train,"La estrategia sanitaria presentada por el gobierno del primer ministro italiano, Giuseppe Conte, para la reapertura gradual del país a partir del 4 de mayo durante la pandemia de coronavirus, tiene cinco puntos.","La estrategia sanitaria presentada por el gobierno del primer ministro italiano, Giuseppe Conte, para la reapertura gradual del país a partir del 4 de mayo durante la pandemia de coronavirus, tiene cinco", puntos,puntos,puntos,True, puntos,[1293],False
charruaLLM,554,203,train,El seminario de Isol Misenta se transmitió en vivo a través del Instagram Live de @plastilinarte.,El seminario de Isol Misenta se transmitió en vivo a través del Instagram Live de, @plastilinarte,@plastilinarte,la,False, la,[279],False
charruaLLM,555,205,train,Isol Misenta es una autora e ilustradora argentina.,Isol Misenta es una autora e ilustradora, argentina,argentina,,False,.,[14],False
charruaLLM,556,206,train,El seminario de Isol Misenta está dirigido a familias.,El seminario de Isol Misenta está dirigido a, familias,familias,los,False, los,[308],False
charruaLLM,557,208,train,Isol Misenta ganó el Memorial Astrid Lindgren.,Isol Misenta ganó el Memorial Astrid, Lindgren,Lindgren,",",False,",",[12],False
charruaLLM,558,209,train,El pueblo Kichwa es una comunidad indígena de Ecuador.,El pueblo Kichwa es una comunidad indígena de, Ecuador,Ecuador,la,False, la,[279],False
charruaLLM,559,22,train,"En el marco de la pandemia por coronavirus, la decisión de retomar las clases un 22 abril fue tomada por el gobierno.","En el marco de la pandemia por coronavirus, la decisión de retomar las clases un 22 abril fue tomada por el", gobierno,gobierno,gobierno,True, gobierno,[823],False
charruaLLM,560,221,train,"Dos aviones, uno de la empresa Amaszonas y otro de la Fuerza Aérea Uruguaya, traerán a más de 120 uruguayos varados en Perú como parte de una operación del gobierno uruguayo para repatriarlos debido a los cierres de fronteras por la pandemia de coronavirus.","Dos aviones, uno de la empresa Amaszonas y otro de la Fuerza Aérea Uruguaya, traerán a más de 120 uruguayos varados en Perú como parte de una operación del gobierno uruguayo para repatriarlos debido a los cierres de fronteras por la pandemia de", coronavirus,coronavirus,covid-19,False, covid-19.,"[781, 341, 68, 13, 2198, 14]",False
charruaLLM,561,222,train,Ernesto Talvi fue Ministro de Relaciones Exteriores.,Ernesto Talvi fue Ministro de Relaciones, Exteriores,Exteriores,Exteriores,True, Exteriores,[6233],False
charruaLLM,562,223,train,"En la repatriación de uruguayos varados en Perú, tuvieron prioridad los adultos mayores, las personas en situación de vulnerabilidad, las familias con hijos menores y aquellas personas que estuvieron varadas por más tiempo.","En la repatriación de uruguayos varados en Perú, tuvieron prioridad los adultos mayores, las personas en situación de vulnerabilidad, las familias con hijos menores y aquellas personas que estuvieron varadas por más", tiempo,tiempo,de,False, de,[259],False
charruaLLM,563,224,train,La pandemia del nuevo coronavirus causó la suspensión de la asamblea de Wanderers.,La pandemia del nuevo coronavirus causó la suspensión de la asamblea de, Wanderers,Wanderers,la,False, la,[279],False
charruaLLM,564,229,train,El Sudamericano femenino sub 17 postergado por el Covid-19 estaba previsto para comenzar el 15 de abril.,El Sudamericano femenino sub 17 postergado por el Covid-19 estaba previsto para comenzar el 15 de, abril,abril,junio,False, junio.,"[2288, 14]",False
charruaLLM,565,23,train,"En Uruguay, las clases presenciales de las escuelas rurales no se retomarán el 22 de abril de 2020 en el departamento de Canelones.","En Uruguay, las clases presenciales de las escuelas rurales no se retomarán el 22 de abril de 2020 en el departamento de", Canelones,Canelones,Canelones,True, Canelones.,"[4604, 14]",False
charruaLLM,566,232,train,La primera fase del Sudamericano femenino sub 17 en Uruguay se jugó en el estadio Charrúa de Montevideo.,La primera fase del Sudamericano femenino sub 17 en Uruguay se jugó en el estadio Charrúa de, Montevideo,Montevideo,Montevideo,True, Montevideo.,"[863, 14]",False
charruaLLM,567,234,train,La AUF es la Asociación Uruguaya de Fútbol.,La AUF es la Asociación Uruguaya de, Fútbol,Fútbol,Fútbol,True, Fútbol,[5467],False
charruaLLM,568,236,train,Defensor Sporting y Plaza Colonia decidieron mandar a sus jugadores al seguro de paro.,Defensor Sporting y Plaza Colonia decidieron mandar a sus jugadores al seguro de, paro,paro,paro,True, paro.,"[3555, 14]",False
charruaLLM,569,237,train,"Los extranjeros liberados por los clubes uruguayos fueron el argentino Imanol Enríquez, los paraguayos Guido Verdún y Santiago Irala, y el brasileño Leonai Souza.","Los extranjeros liberados por los clubes uruguayos fueron el argentino Imanol Enríquez, los paraguayos Guido Verdún y Santiago Irala, y el brasileño Leonai", Souza,Souza,"Souza,",False," Souza,","[14787, 12]",False
charruaLLM,570,238,train,Para acceder al seguro de paro se requerían al menos 180 días de actividad.,Para acceder al seguro de paro se requerían al menos 180 días de, actividad,actividad,anticipación,False, anticipación.,"[6944, 350, 14]",False
charruaLLM,571,239,train,"En el año 2020, los clubes Defensor Sporting y Plaza Colonia de la Asociación Uruguaya de Fútbol enviaron al seguro de paro a los futbolistas del plantel principal, al cuerpo técnico, a los trabajadores con cargos rentados y a la mayoría del personal administrativo.","En el año 2020, los clubes Defensor Sporting y Plaza Colonia de la Asociación Uruguaya de Fútbol enviaron al seguro de paro a los futbolistas del plantel principal, al cuerpo técnico, a los trabajadores con cargos rentados y a la mayoría del personal", administrativo,administrativo,de,False, de,[259],False
charruaLLM,572,24,train,Someruy es la Sociedad de Medicina Rural del Uruguay.,Someruy es la Sociedad de Medicina Rural del, Uruguay,Uruguay,Uruguay,True, Uruguay,[655],False
charruaLLM,573,245,train,"El coronavirus de las aves presenta síntomas respiratorios, pero puede agravarse por infecciones secundarias.","El coronavirus de las aves presenta síntomas respiratorios, pero puede agravarse por infecciones", secundarias,secundarias,"respiratorias,",False," respiratorias,","[11819, 3394, 12]",False
charruaLLM,574,246,train,El primer caso de coronavirus en un ave se detectó a principios del siglo XXI.,El primer caso de coronavirus en un ave se detectó a principios del siglo, XXI,XXI,"XX,",False," XX,","[6207, 12]",False
charruaLLM,575,247,train,Los virus son entidades biológicas compuestas de material hereditario y proteínas que requieren necesariamente de un hospedero para replicarse y generar copias de sí mismos.,Los virus son entidades biológicas compuestas de material hereditario y proteínas que requieren necesariamente de un hospedero para replicarse y generar copias de sí, mismos,mismos,mismos,True, mismos.,"[4035, 14]",False
charruaLLM,576,248,train,Los coronavirus son virus con envoltura (una capa lipídica asociada a glicoproteínas) cuyo genoma es una única hebra de ARN de entre 25 y 32 kb.,Los coronavirus son virus con envoltura (una capa lipídica asociada a glicoproteínas) cuyo genoma es una única hebra de ARN de entre 25 y 32, kb,kb,años,False, años.,"[547, 14]",False
charruaLLM,577,249,train,"De acuerdo a su origen, los dos grandes grupos de coronavirus son el de las aves y el de los mamíferos (murciélagos).","De acuerdo a su origen, los dos grandes grupos de coronavirus son el de las aves y el de los mamíferos", (murciélagos),(murciélagos),",",False,",",[12],False
charruaLLM,578,25,train,Menos del 6% de los médicos uruguayos vivía y asistía al norte del Río Negro.,Menos del 6% de los médicos uruguayos vivía y asistía al norte del Río, Negro,Negro,de,False, de,[259],False
charruaLLM,579,26,train,Patricia Nava fue la presidenta de la Federación Médica del Interior.,Patricia Nava fue la presidenta de la Federación Médica del, Interior,Interior,Interior,True, Interior,[2760],False
charruaLLM,580,261,train,El gobierno aumentó el IVA al reducir el descuento para compras con tarjeta de débito de 4% a 2% y para compras con tarjeta de crédito.,El gobierno aumentó el IVA al reducir el descuento para compras con tarjeta de débito de 4% a 2% y para compras con tarjeta de, crédito,crédito,crédito,True, crédito,[4550],False
charruaLLM,581,262,train,El descuento para las tarjetas de débito se redujo del 4% al 2%.,El descuento para las tarjetas de débito se redujo del 4% al, 2%,2%,5%,False, 5%,"[784, 5]",False
charruaLLM,582,263,train,El Frente Amplio es una coalición de izquierda.,El Frente Amplio es una coalición de, izquierda,izquierda,izquierda,True, izquierda,[2915],False
charruaLLM,583,264,train,Javier Miranda fue presidente del Frente Amplio (FA).,Javier Miranda fue presidente del Frente Amplio, (FA),(FA),",",False,",",[12],False
charruaLLM,584,269,train,El país de origen del covid-19 es China.,El país de origen del covid-19 es, China,China,el,False, el,[286],False
charruaLLM,585,27,train,Patricia Nava fue la presidenta de Femi.,Patricia Nava fue la presidenta de, Femi,Femi,la,False, la,[279],False
charruaLLM,586,271,train,Teletrabajar es una actividad laboral que se lleva a cabo fuera de la organización.,Teletrabajar es una actividad laboral que se lleva a cabo fuera de la, organización,organización,"casa,",False," casa,","[1611, 12]",False
charruaLLM,587,272,train,"El teletrabajo puede generar beneficios a los empleadores, como la optimización de recursos y la disminución de gastos operativos.","El teletrabajo puede generar beneficios a los empleadores, como la optimización de recursos y la disminución de gastos", operativos,operativos,,False,.,[14],False
charruaLLM,588,273,train,"En Uruguay, la modalidad de teletrabajo no está contenida en el marco jurídico.","En Uruguay, la modalidad de teletrabajo no está contenida en el marco", jurídico,jurídico,de,False, de,[259],False
charruaLLM,589,274,train,"Algunos beneficios del teletrabajo, para los empleados, son mayor disponibilidad de tiempo y reducción de costos.","Algunos beneficios del teletrabajo, para los empleados, son mayor disponibilidad de tiempo y reducción de", costos,costos,la,False, la,[279],False
charruaLLM,590,277,train,"El sitio 'Cine.ar' contiene decenas de películas, series, documentales y cortos de producción argentina.","El sitio 'Cine.ar' contiene decenas de películas, series, documentales y cortos de producción", argentina,argentina,,False,.,[14],False
charruaLLM,591,278,train,"Los protagonistas de la película 'Alelí' son Néstor Guzzini, Cristina Morán, Mirella Pascual y Romina Peluffo.","Los protagonistas de la película 'Alelí' son Néstor Guzzini, Cristina Morán, Mirella Pascual y Romina", Peluffo,Peluffo,Rodríguez,False, Rodríguez.,"[2385, 14]",False
charruaLLM,592,279,train,Cine.ar es una plataforma con sede en Medellín.,Cine.ar es una plataforma con sede en, Medellín,Medellín,la,False, la,[279],False
charruaLLM,593,28,train,FEMI es la Federación Médica del Interior.,FEMI es la Federación Médica del, Interior,Interior,Interior,True, Interior,[2760],False
charruaLLM,594,280,train,"El SMU pidió 'medidas drásticas de prevención' de la expansión del COVID-19, entre ellas una 'cuarentena general'.","El SMU pidió 'medidas drásticas de prevención' de la expansión del COVID-19, entre ellas una 'cuarentena", general',general',de,False, de,[259],False
charruaLLM,595,283,train,"El SMU pidió que se cerraran restaurantes, centros comerciales y otros posibles lugares de esparcimiento del virus.","El SMU pidió que se cerraran restaurantes, centros comerciales y otros posibles lugares de esparcimiento del", virus,virus,país,False, país.,"[578, 14]",False
charruaLLM,596,284,train,"Tener una amplia disponibilidad de tests permite detectar el virus en las personas, mejorando la estrategia de prevención, el aislamiento de contactos y protegiendo al personal sanitario para no mermar los recursos humanos del sistema de salud.","Tener una amplia disponibilidad de tests permite detectar el virus en las personas, mejorando la estrategia de prevención, el aislamiento de contactos y protegiendo al personal sanitario para no mermar los recursos humanos del sistema de", salud,salud,salud,True, salud.,"[2065, 14]",False
charruaLLM,597,285,train,La OFI es la Organización del Fútbol del Interior.,La OFI es la Organización del Fútbol del, Interior,Interior,Interior,True, Interior,[2760],False
charruaLLM,598,286,train,"Tras la suspensión por coronavirus, los torneos de fútbol organizador por la OFI se reiniciarán un 15 de mayo.","Tras la suspensión por coronavirus, los torneos de fútbol organizador por la OFI se reiniciarán un 15 de", mayo,mayo,mayo,True, mayo,[2557],False
charruaLLM,599,287,train,"La Copa Nacional de Selecciones, el primer campeonato del año de la Organización del Fútbol del Interior (OFI), se suspendió cuando estaban por empezar a jugarse los cuartos de final de la Fase Nacional.","La Copa Nacional de Selecciones, el primer campeonato del año de la Organización del Fútbol del Interior (OFI), se suspendió cuando estaban por empezar a jugarse los cuartos de final de la Fase", Nacional,Nacional,1,False, 1,[385],False
charruaLLM,600,288,train,"Unos días antes de la suspensión de la Copa Nacional de Selecciones de la Organización del Fútbol del Interior (OFI), las selecciones de San José, Salto y Canelones del Este fueron campeonas de las zonas Sur, Litoral y Este, respectivamente.","Unos días antes de la suspensión de la Copa Nacional de Selecciones de la Organización del Fútbol del Interior (OFI), las selecciones de San José, Salto y Canelones del Este fueron campeonas de las zonas Sur, Litoral y Este,", respectivamente,respectivamente,y,False, y,[290],False
charruaLLM,601,289,train,"Los cruces de ida en cuartos de final de la Fase Nacional de la Copa Nacional de Selecciones de la Organización del Fútbol del Interior (OFI) son Canelones del Este-Paysandú, Cerro Largo-San José, Rocha-Río Negro y Canelones-Salto.","Los cruces de ida en cuartos de final de la Fase Nacional de la Copa Nacional de Selecciones de la Organización del Fútbol del Interior (OFI) son Canelones del Este-Paysandú, Cerro Largo-San José, Rocha-Río Negro y", Canelones-Salto,Canelones-Salto,San,False, San,[1032],False
charruaLLM,602,293,train,Las personas que vivían en condiciones de mayor vulnerabilidad eran las más afectadas.,Las personas que vivían en condiciones de mayor vulnerabilidad eran las más, afectadas,afectadas,vulnerables,False, vulnerables,[15157],False
charruaLLM,603,295,train,"Actualmente, el humor en España pasa por un momento dorado.","Actualmente, el humor en España pasa por un momento", dorado,dorado,de,False, de,[259],False
charruaLLM,604,296,train,"El humor español actual, que incluye miles de videos de stand-up, programas televisivos y sketches de dúos como Pantomima Full y Venga Monjas, se puede encontrar en la plataforma YouTube.","El humor español actual, que incluye miles de videos de stand-up, programas televisivos y sketches de dúos como Pantomima Full y Venga Monjas, se puede encontrar en la plataforma", YouTube,YouTube,de,False, de,[259],False
charruaLLM,605,297,train,"En el actual momento dorado del humor en España, los videos de stand-up se pueden encontrar en YouTube.","En el actual momento dorado del humor en España, los videos de stand-up se pueden encontrar en", YouTube,YouTube,la,False, la,[279],False
charruaLLM,606,298,train,"Pantomima Full es una parodia de tipos urbanos: el emprendedor, el ciclista, el adicto al trabajo, el salidor, el solitario, el místico, el crossfitero, el fanático de la cerveza artesanal y el de la sidra.","Pantomima Full es una parodia de tipos urbanos: el emprendedor, el ciclista, el adicto al trabajo, el salidor, el solitario, el místico, el crossfitero, el fanático de la cerveza artesanal y el de la", sidra,sidra,cerveza,False, cerveza.,"[11227, 14]",False
charruaLLM,607,299,train,"Si la parodia de tipos urbanos del dúo madrileño Pantomima Full estuviera ambientada en Montevideo, el objetivo de la broma sería el 'nuevo uruguayo'.","Si la parodia de tipos urbanos del dúo madrileño Pantomima Full estuviera ambientada en Montevideo, el objetivo de la broma sería el 'nuevo", uruguayo',uruguayo',',False,',[7],False
charruaLLM,608,3,train,"Los objetivos del plan de contención económica social son preservar las empresas y las y los trabajadores, no aumentar la pobreza y la desigualdad, y prepararse para el día después.","Los objetivos del plan de contención económica social son preservar las empresas y las y los trabajadores, no aumentar la pobreza y la desigualdad, y prepararse para el día", después,después,de,False, de,[259],False
charruaLLM,609,300,train,La OMS es la Organización Mundial de la Salud.,La OMS es la Organización Mundial de la, Salud,Salud,Salud,True, Salud,[2979],False
charruaLLM,610,301,train,"Según la Organización Mundial de la Salud (OMS), un ejercicio que se puede realizar en el hogar para mantener la salud física durante la cuarentena por coronavirus es bajar y subir escaleras.","Según la Organización Mundial de la Salud (OMS), un ejercicio que se puede realizar en el hogar para mantener la salud física durante la cuarentena por coronavirus es bajar y subir", escaleras,escaleras,la,False, la,[279],False
charruaLLM,611,303,train,Fumar aumenta el peligro de verse afectado por otras enfermedades graves en relación al coronavirus.,Fumar aumenta el peligro de verse afectado por otras enfermedades graves en relación al, coronavirus,coronavirus,coronavirus,True, coronavirus.,"[16045, 341, 4503, 14]",False
charruaLLM,612,304,train,El número para suscribirse a las actualizaciones de coronavirus de la OMS mediante mensaje de texto era 0041798931892.,El número para suscribirse a las actualizaciones de coronavirus de la OMS mediante mensaje de texto era, 0041798931892,0041798931892,de,False, de,[259],False
charruaLLM,613,309,train,"Los principales síntomas del covid-19 son fiebre, tos seca o poco productiva, dificultad respiratoria, resfrío, dolor de garganta, decaimiento, dolores musculares y articulares, cefalea y, con menor frecuencia, dolor abdominal y a veces diarrea.","Los principales síntomas del covid-19 son fiebre, tos seca o poco productiva, dificultad respiratoria, resfrío, dolor de garganta, decaimiento, dolores musculares y articulares, cefalea y, con menor frecuencia, dolor abdominal y a veces", diarrea,diarrea,",",False,",",[12],False
charruaLLM,614,31,train,Beatriz Argimón fue la vicepresidenta de Uruguay.,Beatriz Argimón fue la vicepresidenta de, Uruguay,Uruguay,la,False, la,[279],False
charruaLLM,615,312,train,La ANII es la Agencia Nacional de Investigación e Innovación.,La ANII es la Agencia Nacional de Investigación e, Innovación,Innovación,Innovación,True, Innovación,"[617, 717, 3973]",False
charruaLLM,616,313,train,Los kits de diagnóstico de Covid-19 debían estar disponibles antes de mayo de 2020.,Los kits de diagnóstico de Covid-19 debían estar disponibles antes de mayo de, 2020,2020,2021,False, 2021.,"[584, 5963, 14]",False
charruaLLM,617,318,train,Argentina registró 41.080 casos positivos de covid-19 en un solo día.,Argentina registró 41.080 casos positivos de covid-19 en un solo, día,día,"día,",False," día,","[1038, 12]",False
charruaLLM,618,32,train,"Las elecciones departamentales de Uruguay, cuyo posible aplazamiento fue analizado por la vicepresidenta Beatriz Argimón y los partidos políticos, estaban previstas para el 10 de mayo.","Las elecciones departamentales de Uruguay, cuyo posible aplazamiento fue analizado por la vicepresidenta Beatriz Argimón y los partidos políticos, estaban previstas para el 10 de", mayo,mayo,mayo,True, mayo.,"[2557, 14]",False
charruaLLM,619,322,train,Cao Liping fue representante del Ministerio de Ecología y Medio Ambiente de China.,Cao Liping fue representante del Ministerio de Ecología y Medio Ambiente de, China,China,la,False, la,[279],False
charruaLLM,620,323,train,El paquete de estímulo económico aprobado por Donald Trump fue de dos billones de dólares.,El paquete de estímulo económico aprobado por Donald Trump fue de dos billones de, dólares,dólares,"dólares,",False," dólares,","[1294, 12]",False
charruaLLM,621,325,train,"La secuencia de los genomas del coronavirus permite saber de dónde provienen las cepas que ingresaron a Uruguay, cuándo llegaron y si hay diferentes variantes del nuevo coronavirus en el país.","La secuencia de los genomas del coronavirus permite saber de dónde provienen las cepas que ingresaron a Uruguay, cuándo llegaron y si hay diferentes variantes del nuevo coronavirus en el", país,país,mundo,False, mundo.,"[1011, 14]",False
charruaLLM,622,327,train,El estudio del Institut Pasteur de Montevideo para secuenciar los genomas del SARS-CoV-2 en diez pacientes uruguayos con Covid-19 fue liderado por Gregorio Iraola junto a Pilar Moreno y Gonzalo Moratorio.,El estudio del Institut Pasteur de Montevideo para secuenciar los genomas del SARS-CoV-2 en diez pacientes uruguayos con Covid-19 fue liderado por Gregorio Iraola junto a Pilar Moreno y Gonzalo, Moratorio,Moratorio,Moratorio,True, Moratorio.,"[349, 7380, 14]",False
charruaLLM,623,33,train,Iván Posada fue diputado del Partido Independiente.,Iván Posada fue diputado del Partido, Independiente,Independiente,Nacional,False, Nacional,[932],False
charruaLLM,624,331,train,Los gobiernos latinoamericanos tomaron medidas para proteger a los sectores más vulnerables de la población y de las empresas frente al impacto económico del coronavirus.,Los gobiernos latinoamericanos tomaron medidas para proteger a los sectores más vulnerables de la población y de las empresas frente al impacto económico del, coronavirus,coronavirus,coronavirus,True, coronavirus.,"[16045, 341, 4503, 14]",False
charruaLLM,625,333,train,Iván Duque fue presidente de Colombia.,Iván Duque fue presidente de, Colombia,Colombia,la,False, la,[279],False
charruaLLM,626,34,train,"En el contexto de la crisis por la pandemia del coronavirus (Covid-19), se prevé que las consecuencias económicas, sociales y sanitarias serán de largo plazo.","En el contexto de la crisis por la pandemia del coronavirus (Covid-19), se prevé que las consecuencias económicas, sociales y sanitarias serán de largo", plazo,plazo,plazo,True, plazo.,"[2615, 14]",False
charruaLLM,627,340,train,El PIAS (Plan Integral de Atención a la Salud) es el plan que establece las prestaciones obligatorias que deben ofrecer las instituciones del Sistema Nacional Integrado de Salud.,El PIAS (Plan Integral de Atención a la Salud) es el plan que establece las prestaciones obligatorias que deben ofrecer las instituciones del Sistema Nacional Integrado de, Salud,Salud,Salud,True, Salud,[2979],False
charruaLLM,628,342,train,Los estudios diagnósticos que debían dar los prestadores de salud eran la técnica de PCR (reacción en cadena de la polimerasa).,Los estudios diagnósticos que debían dar los prestadores de salud eran la técnica de PCR (reacción en cadena de la, polimerasa),polimerasa),enfermedad),False, enfermedad),"[4505, 9]",False
charruaLLM,629,345,train,Juan Pablo Labat es el ex director nacional de Evaluación y Monitoreo del Mides.,Juan Pablo Labat es el ex director nacional de Evaluación y Monitoreo del, Mides,Mides,Ministerio,False, Ministerio,[1627],False
charruaLLM,630,350,train,Valeria Ripoll fue la secretaria general de la Asociación de Empleados y Obreros Municipales de Montevideo (Adeom).,Valeria Ripoll fue la secretaria general de la Asociación de Empleados y Obreros Municipales de Montevideo, (Adeom),(Adeom),"(Adeom),",False," (Adeom),","[403, 16367, 307, 675]",False
charruaLLM,631,351,train,El Ministerio de Salud Pública (MSP) es quien determina el protocolo a aplicar en los cementerios de Montevideo para los fallecidos por coronavirus.,El Ministerio de Salud Pública (MSP) es quien determina el protocolo a aplicar en los cementerios de Montevideo para los fallecidos por, coronavirus,coronavirus,coronavirus,True, coronavirus.,"[16045, 341, 4503, 14]",False
charruaLLM,632,352,train,"Según Ripoll, los responsables de salud de los trabajadores de la Intendencia debían acudir presencialmente al cementerio e indicar qué había que hacer.","Según Ripoll, los responsables de salud de los trabajadores de la Intendencia debían acudir presencialmente al cementerio e indicar qué había que", hacer,hacer,hacer,True, hacer,[856],False
charruaLLM,633,353,train,La Intendencia tomó como medida adicional en el protocolo para fallecidos por coronavirus que la túnica debía ser desechable.,La Intendencia tomó como medida adicional en el protocolo para fallecidos por coronavirus que la túnica debía ser, desechable,desechable,puesta,False, puesta,[6683],False
charruaLLM,634,357,train,Azucena Arbeleche fue ministra de Economía.,Azucena Arbeleche fue ministra de, Economía,Economía,Educación,False, Educación,[4024],False
charruaLLM,635,36,train,"Al comienzo de la pandemia, el país con más casos de Covid-19 fue China.","Al comienzo de la pandemia, el país con más casos de Covid-19 fue", China,China,el,False, el,[286],False
charruaLLM,636,360,train,Carmela Hountou fue denunciada por violación de cuarentena.,Carmela Hountou fue denunciada por violación de, cuarentena,cuarentena,la,False, la,[279],False
charruaLLM,637,362,train,Violar una cuarentena puede tener consecuencias penales.,Violar una cuarentena puede tener consecuencias, penales,penales,negativas,False, negativas,[15210],False
charruaLLM,638,365,train,"Omar Paganini fue ministro de Industria, Energía y Minería.","Omar Paganini fue ministro de Industria, Energía y", Minería,Minería,"Minería,",False," Minería,","[1317, 1641, 12]",False
charruaLLM,639,367,train,Las empresas que desarrollaron la tecnología para las alertas de exposición de la aplicación uruguaya Coronavirus Uy fueron Google y Apple.,Las empresas que desarrollaron la tecnología para las alertas de exposición de la aplicación uruguaya Coronavirus Uy fueron Google y, Apple,Apple,Google,False, Google.,"[4824, 14]",False
charruaLLM,640,368,train,Los únicos países que desarrollaron una app para coronavirus antes que Uruguay fueron Italia y Suiza.,Los únicos países que desarrollaron una app para coronavirus antes que Uruguay fueron Italia y, Suiza,Suiza,España,False, España.,"[2125, 14]",False
charruaLLM,641,37,train,"En el marco de la pandemia de Covid-19, Italia es el país que registra más muertes causadas por la enfermedad, superando incluso a China, el país donde surgió el virus.","En el marco de la pandemia de Covid-19, Italia es el país que registra más muertes causadas por la enfermedad, superando incluso a China, el país donde surgió el", virus,virus,virus,True, virus.,"[8069, 14]",False
charruaLLM,642,372,train,Los torneos sudamericanos de fútbol de clubes que fueron suspendidos por la Conmebol en 2020 a raíz de la pandemia de Covid-19 fueron la Copa Libertadores y la Copa Sudamericana.,Los torneos sudamericanos de fútbol de clubes que fueron suspendidos por la Conmebol en 2020 a raíz de la pandemia de Covid-19 fueron la Copa Libertadores y la Copa, Sudamericana,Sudamericana,Sudamericana,True, Sudamericana.,"[7585, 14]",False
charruaLLM,643,379,train,El GACH es el Grupo Asesor Científico Honorario.,El GACH es el Grupo Asesor Científico, Honorario,Honorario,Honorario,True, Honorario,"[15973, 475]",False
charruaLLM,644,38,train,La clave coreana para tener una baja tasa de mortalidad a causa del Covid19 fue el testeo masivo de la población.,La clave coreana para tener una baja tasa de mortalidad a causa del Covid19 fue el testeo masivo de la, población,población,población,True, población.,"[2408, 14]",False
charruaLLM,645,383,train,Pablo Caggiani fue consejero del Consejo de Educación Inicial y Primaria.,Pablo Caggiani fue consejero del Consejo de Educación Inicial y, Primaria,Primaria,Primaria,True, Primaria,[8421],False
charruaLLM,646,384,train,Los comedores escolares reciben habitualmente a 250.000 niños.,Los comedores escolares reciben habitualmente a 250.000, niños,niños,personas,False, personas,[913],False
charruaLLM,647,389,train,Daniel Radio fue la mayor autoridad de la secretaría del Sistema Nacional Integrado de Cuidados.,Daniel Radio fue la mayor autoridad de la secretaría del Sistema Nacional Integrado de, Cuidados,Cuidados,Salud,False, Salud,[2979],False
charruaLLM,648,39,train,La suspensión de la actividad causó el incremento de solicitudes de seguro de desempleo.,La suspensión de la actividad causó el incremento de solicitudes de seguro de, desempleo,desempleo,paro,False, paro,[3555],False
charruaLLM,649,394,train,"Durante la crisis sanitaria por el coronavirus, el Banco Central Europeo espera que los accionistas de la banca se unan a los esfuerzos colectivos de no pagar dividendos y mantener líneas de crédito para apoyar a las personas y pequeñas empresas a superar la crisis.","Durante la crisis sanitaria por el coronavirus, el Banco Central Europeo espera que los accionistas de la banca se unan a los esfuerzos colectivos de no pagar dividendos y mantener líneas de crédito para apoyar a las personas y pequeñas empresas a superar la", crisis,crisis,crisis,True, crisis.,"[1913, 14]",False
charruaLLM,650,396,train,Los docentes de la Universidad Tecnológica (Utec) planearon desarrollar insumos médicos de fabricación 3D ante la emergencia sanitaria mediante un formulario para quienes quisieran aportar de alguna manera a la iniciativa.,Los docentes de la Universidad Tecnológica (Utec) planearon desarrollar insumos médicos de fabricación 3D ante la emergencia sanitaria mediante un formulario para quienes quisieran aportar de alguna manera a la, iniciativa,iniciativa,investigación,False, investigación.,"[2099, 14]",False
charruaLLM,651,397,train,Las máscaras de acetato protegen toda la cara de la persona y evitan el contacto con cualquier tipo de fluidos.,Las máscaras de acetato protegen toda la cara de la persona y evitan el contacto con cualquier tipo de, fluidos,fluidos,material,False, material,[5124],False
charruaLLM,652,4,train,El plan de contención económica social se basó en un aumento transitorio del gasto y de la inversión pública para minimizar el efecto de la desaceleración económica y su impacto en la población.,El plan de contención económica social se basó en un aumento transitorio del gasto y de la inversión pública para minimizar el efecto de la desaceleración económica y su impacto en la, población,población,economía,False, economía.,"[2179, 14]",False
charruaLLM,653,405,train,El INDDHH es la Institución Nacional de Derechos Humanos y Defensoría del Pueblo.,El INDDHH es la Institución Nacional de Derechos Humanos y Defensoría del, Pueblo,Pueblo,Pueblo,True, Pueblo,[12506],False
charruaLLM,654,41,train,"Hasta el miércoles 18 de marzo, en el Banco de Previsión Social (BPS) los departamentos donde se presentaron solicitudes de seguro de desempleo fueron Montevideo, seguido por Canelones, Maldonado, Colonia, Paysandú, Salto y Tacuarembó.","Hasta el miércoles 18 de marzo, en el Banco de Previsión Social (BPS) los departamentos donde se presentaron solicitudes de seguro de desempleo fueron Montevideo, seguido por Canelones, Maldonado, Colonia, Paysandú, Salto y", Tacuarembó,Tacuarembó,San,False, San,[1032],False
charruaLLM,655,410,train,El número de la Ley de Faltas es 19.120.,El número de la Ley de Faltas es, 19.120,19.120,de,False, de,[259],False
charruaLLM,656,419,train,"El gobierno uruguayo recomendó cuarentena para los no vacunados, un test PCR negativo antes de ingresar al país y otro a los cinco días para las personas que vuelven del exterior.","El gobierno uruguayo recomendó cuarentena para los no vacunados, un test PCR negativo antes de ingresar al país y otro a los cinco días para las personas que vuelven del", exterior,exterior,país,False, país.,"[578, 14]",False
charruaLLM,657,421,train,Un ciudadano podía obtener la aplicación del Covid19 a través del Play Store de los teléfonos.,Un ciudadano podía obtener la aplicación del Covid19 a través del Play Store de los, teléfonos,teléfonos,usuarios,False, usuarios.,"[3094, 14]",False
charruaLLM,658,424,train,China donó 150.000 mascarillas a Uruguay en apoyo a la pandemia.,China donó 150.000 mascarillas a Uruguay en apoyo a la, pandemia,pandemia,campaña,False, campaña,[2073],False
charruaLLM,659,428,train,Wuhan es la capital de la provincia de Hubei.,Wuhan es la capital de la provincia de, Hubei,Hubei,"Hunan,",False," Hunan,","[588, 282, 275, 12]",False
charruaLLM,660,429,train,La ciudad de Wuhan estuvo cerrada por 56 días.,La ciudad de Wuhan estuvo cerrada por 56, días,días,"días,",False," días,","[998, 12]",False
charruaLLM,661,430,train,Xi Jinping es el presidente de China.,Xi Jinping es el presidente de, China,China,la,False, la,[279],False
charruaLLM,662,432,train,La aplicación presentada por el gobierno para el rastreo del coronavirus se llama CoronavirusUy.,La aplicación presentada por el gobierno para el rastreo del coronavirus se llama, CoronavirusUy,CoronavirusUy,"""Sector",False," ""Sector","[348, 51, 338, 381]",False
charruaLLM,663,433,train,"En la nueva versión de la aplicación CoronavirusUy, el celular intercambia identificadores a través de Bluetooth cuando está a menos de tres metros de otro celular por más de 5 o 10 minutos.","En la nueva versión de la aplicación CoronavirusUy, el celular intercambia identificadores a través de Bluetooth cuando está a menos de tres metros de otro celular por más de 5 o 10", minutos,minutos,minutos,True, minutos.,"[1613, 14]",False
charruaLLM,664,436,train,Alberto Fernández fue presidente de Argentina.,Alberto Fernández fue presidente de, Argentina,Argentina,la,False, la,[279],False
charruaLLM,665,440,train,"Durante la cuarentena por el coronavirus, el presidente de Argentina, Alberto Fernández, anunció que el Banco Mundial aprobó un apoyo presupuestario de 300 millones de dólares.","Durante la cuarentena por el coronavirus, el presidente de Argentina, Alberto Fernández, anunció que el Banco Mundial aprobó un apoyo presupuestario de 300 millones de", dólares,dólares,dólares,True, dólares,[1294],False
charruaLLM,666,444,train,Alejandro Domínguez fue presidente de la Conmebol.,Alejandro Domínguez fue presidente de la, Conmebol,Conmebol,Asociación,False, Asociación,[3195],False
charruaLLM,667,45,train,"Durante la pandemia de COVID-19, la distancia que se debía mantener con otras personas para evitar el contagio era mayor a un metro.","Durante la pandemia de COVID-19, la distancia que se debía mantener con otras personas para evitar el contagio era mayor a un", metro,metro,metro,True, metro,[7841],False
charruaLLM,668,459,train,La tercera y cuarta fecha de las Eliminatorias Sudamericanas de fútbol rumbo al Mundial de Catar 2022 estaban programadas originalmente para el mes de setiembre.,La tercera y cuarta fecha de las Eliminatorias Sudamericanas de fútbol rumbo al Mundial de Catar 2022 estaban programadas originalmente para el mes de, setiembre,setiembre,noviembre,False, noviembre.,"[2498, 14]",False
charruaLLM,669,461,train,"La investigación científica sobre el origen zoonótico del virus SARS-CoV-2, que provoca la covid-19, fue liderada por Edward Holmes de la Universidad de Sídney y Andrew Rambaut de la Universidad de Edinburgo.","La investigación científica sobre el origen zoonótico del virus SARS-CoV-2, que provoca la covid-19, fue liderada por Edward Holmes de la Universidad de Sídney y Andrew Rambaut de la Universidad de", Edinburgo,Edinburgo,Oxford,False, Oxford.,"[553, 88, 7531, 14]",False
charruaLLM,670,462,train,Que el covid-19 tenga un origen zoonótico significa que fue transmitido a humanos desde otras especies.,Que el covid-19 tenga un origen zoonótico significa que fue transmitido a humanos desde otras, especies,especies,partes,False, partes,[3515],False
charruaLLM,671,464,train,El virus de la covid-19 fue detectado por primera vez en la ciudad de Wuhan.,El virus de la covid-19 fue detectado por primera vez en la ciudad de, Wuhan,Wuhan,Nueva,False, Nueva,[2597],False
charruaLLM,672,465,train,El SARS-CoV-2 es un virus.,El SARS-CoV-2 es un, virus,virus,virus,True, virus,[8069],False
charruaLLM,673,470,train,La influenza H1N1 y el SARS-CoV-2 son virus de ARN.,La influenza H1N1 y el SARS-CoV-2 son virus de, ARN,ARN,la,False, la,[279],False
charruaLLM,674,475,train,El número para comunicarse en caso de violencia doméstica es el 911.,El número para comunicarse en caso de violencia doméstica es el, 911,911,de,False, de,[259],False
charruaLLM,675,48,train,El porcentaje de personales que mueren por Covid-19 es del 2%,El porcentaje de personales que mueren por Covid-19 es del, 2%,2%,"10,5%,",False," 10,5%,","[1060, 12, 21, 2382]",False
charruaLLM,676,480,train,Ginés González García fue el Ministro de Salud de Argentina.,Ginés González García fue el Ministro de Salud de, Argentina,Argentina,"Argentina,",False," Argentina,","[1185, 12]",False
charruaLLM,677,483,train,Donald Trump fue el presidente de Estados Unidos.,Donald Trump fue el presidente de Estados, Unidos,Unidos,"Unidos,",False," Unidos,","[1254, 12]",False
charruaLLM,678,484,train,António Guterres fue el secretario general de la ONU.,António Guterres fue el secretario general de la, ONU,ONU,"ONU,",False," ONU,","[4648, 12]",False
charruaLLM,679,487,train,"Leandro Cabrera, defensor uruguayo del Espanyol, es uno de los futbolistas afectados por coronavirus.","Leandro Cabrera, defensor uruguayo del Espanyol, es uno de los futbolistas afectados por", coronavirus,coronavirus,la,False, la,[279],False
charruaLLM,680,49,train,"Para evitar el Covid, era necesario lavarse las manos por más de 20 segundos.","Para evitar el Covid, era necesario lavarse las manos por más de 20", segundos,segundos,minutos,False, minutos.,"[1613, 14]",False
charruaLLM,681,493,train,Álvaro Delgado fue secretario de Presidencia.,Álvaro Delgado fue secretario de, Presidencia,Presidencia,"Presidencia,",False," Presidencia,","[3686, 12]",False
charruaLLM,682,495,train,Los organismos multilaterales de crédito pueden donar fondos no reembolsables.,Los organismos multilaterales de crédito pueden donar fondos no, reembolsables,reembolsables,solo,False, solo,[1251],False
charruaLLM,683,50,train,Los síntomas de Covid aparecen entre los dos y los 14 días después de haber contraído el virus.,Los síntomas de Covid aparecen entre los dos y los 14 días después de haber contraído el, virus,virus,virus,True, virus.,"[8069, 14]",False
charruaLLM,684,500,train,Eduardo Brenta es el director de Gestión Humana de la Intendencia de Montevideo.,Eduardo Brenta es el director de Gestión Humana de la Intendencia de, Montevideo,Montevideo,"Montevideo,",False," Montevideo,","[863, 12]",False
charruaLLM,685,501,train,"Según la Intendencia de Montevideo (IM), las personas que forman parte de los grupos de riesgo del coronavirus y que no deben concurrir a trabajar son las personas de 60 años o más de edad, inmunodeprimidos, pacientes oncológicos, con EPOC o enfermedades autoinmunes, embarazadas y diabéticos.","Según la Intendencia de Montevideo (IM), las personas que forman parte de los grupos de riesgo del coronavirus y que no deben concurrir a trabajar son las personas de 60 años o más de edad, inmunodeprimidos, pacientes oncológicos, con EPOC o enfermedades autoinmunes, embarazadas y", diabéticos,diabéticos,personas,False, personas,[913],False
charruaLLM,686,505,train,Monica Bottero fue directora de Inmujeres.,Monica Bottero fue directora de, Inmujeres,Inmujeres,la,False, la,[279],False
charruaLLM,687,51,train,Los síntomas de la Covid-19 pueden presentarse hasta 14 días después del contagio.,Los síntomas de la Covid-19 pueden presentarse hasta 14 días después del, contagio,contagio,inicio,False, inicio,[3677],False
charruaLLM,688,520,train,"El aislamiento vertical, medida propuesta por el presidente de Brasil Jair Bolsonaro durante la pandemia de coronavirus, es un aislamiento restringido a los grupos de riesgo y a las personas ya infectadas.","El aislamiento vertical, medida propuesta por el presidente de Brasil Jair Bolsonaro durante la pandemia de coronavirus, es un aislamiento restringido a los grupos de riesgo y a las personas ya", infectadas,infectadas,vacunadas,False, vacunadas.,"[11472, 564, 14]",False
charruaLLM,689,523,train,"En Uruguay, la cuarentena tiene efectos sobre la salud mental como síntomas de estrés postraumático, confusión y enojo.","En Uruguay, la cuarentena tiene efectos sobre la salud mental como síntomas de estrés postraumático, confusión y", enojo,enojo,ansiedad,False, ansiedad.,"[13025, 14]",False
charruaLLM,690,526,train,"Según un estudio de investigadores de la universidad King’s College de Londres publicado en la revista médica The Lancet sobre el impacto psicológico de la cuarentena, los factores que provocan mayor estrés son: mayor duración de la cuarentena, temor de contagiarse la infección, frustración, aburrimiento, suministros inadecuados, información inadecuada, pérdidas financieras y estigma.","Según un estudio de investigadores de la universidad King’s College de Londres publicado en la revista médica The Lancet sobre el impacto psicológico de la cuarentena, los factores que provocan mayor estrés son: mayor duración de la cuarentena, temor de contagiarse la infección, frustración, aburrimiento, suministros inadecuados, información inadecuada, pérdidas financieras y", estigma,estigma,pérdida,False, pérdida,[5075],False
charruaLLM,691,527,train,"En Uruguay, las personas que regresaban de países considerados de riesgo eran obligadas a hacer una cuarentena de 14 días.","En Uruguay, las personas que regresaban de países considerados de riesgo eran obligadas a hacer una cuarentena de 14", días,días,días,True, días.,"[998, 14]",False
charruaLLM,692,53,train,Alrededor del 5% de las personas con COVID-19 requirieron ingreso a CTI.,Alrededor del 5% de las personas con COVID-19 requirieron ingreso a, CTI,CTI,la,False, la,[279],False
charruaLLM,693,537,train,"Las clases presenciales de algunos cursos se retomarían en las universidades privadas en mayo, según la propuesta que evalúa el Ministerio de Educación y Cultura.","Las clases presenciales de algunos cursos se retomarían en las universidades privadas en mayo, según la propuesta que evalúa el Ministerio de Educación y", Cultura,Cultura,Cultura,True, Cultura,[6835],False
charruaLLM,694,539,train,"Luego de la suspención de clases por el coronavirus. La propuesta presentada por las universidades privadas al Ministerio de Educación y Cultura (MEC), evaluada por el ministro Pablo Da Silveira, consiste en retomar algunos cursos presenciales en mayo.","Luego de la suspención de clases por el coronavirus. La propuesta presentada por las universidades privadas al Ministerio de Educación y Cultura (MEC), evaluada por el ministro Pablo Da Silveira, consiste en retomar algunos cursos presenciales en", mayo,mayo,el,False, el,[286],False
charruaLLM,695,541,train,"La propuesta para retomar algunos cursos presenciales en mayo, que está siendo evaluada por el Ministerio de Educación y Cultura (MEC), fue realizada por las universidades privadas.","La propuesta para retomar algunos cursos presenciales en mayo, que está siendo evaluada por el Ministerio de Educación y Cultura (MEC), fue realizada por las universidades", privadas,privadas,de,False, de,[259],False
charruaLLM,696,542,train,"Las universidades privadas están pensando retomar algunos cursos presenciales en mayo, según una propuesta que está evaluando el Ministerio de Educación y Cultura (MEC).","Las universidades privadas están pensando retomar algunos cursos presenciales en mayo, según una propuesta que está evaluando el Ministerio de Educación y Cultura", (MEC),(MEC),(MEC),True, (MEC).,"[403, 45, 6655, 635]",False
charruaLLM,697,544,train,"Luego de la suspensión de clases presenciales a causa del coronavirus, la propuesta de retomar los cursos presenciales en mayo vino por parte de las universidades privadas.","Luego de la suspensión de clases presenciales a causa del coronavirus, la propuesta de retomar los cursos presenciales en mayo vino por parte de las universidades", privadas,privadas,de,False, de,[259],False
charruaLLM,698,545,train,La Revista de la Asociación Médica Estadounidense realizó el estudio sobre las drogas contra la artritis.,La Revista de la Asociación Médica Estadounidense realizó el estudio sobre las drogas contra la, artritis,artritis,obesidad,False, obesidad,[15044],False
charruaLLM,699,549,train,La interleucina IL-6 es un tipo de proteína llamada citocina que le pide al cuerpo aumentar una respuesta inflamatoria.,La interleucina IL-6 es un tipo de proteína llamada citocina que le pide al cuerpo aumentar una respuesta, inflamatoria,inflamatoria,inmune,False, inmune.,"[4439, 282, 69, 14]",False
charruaLLM,700,55,train,"Aproximadamente el 15% de las personas con COVID-19 desarrolló una enfermedad grave con dificultad respiratoria, y el 5% requirió cuidados intensivos.","Aproximadamente el 15% de las personas con COVID-19 desarrolló una enfermedad grave con dificultad respiratoria, y el 5% requirió cuidados", intensivos,intensivos,intensivos,True, intensivos.,"[5619, 1433, 14]",False
charruaLLM,701,553,train,La investigación para el desarrollo de diagnósticos comenzó al inicio de la pandemia en China.,La investigación para el desarrollo de diagnósticos comenzó al inicio de la pandemia en, China,China,el,False, el,[286],False
charruaLLM,702,554,train,Rodrigo Arim es el rector de la Universidad de la República (Udelar).,Rodrigo Arim es el rector de la Universidad de la República, (Udelar),(Udelar),",",False,",",[12],False
charruaLLM,703,555,train,Alberto Fernández fue presidente de Argentina.,Alberto Fernández fue presidente de, Argentina,Argentina,la,False, la,[279],False
charruaLLM,704,56,train,"En Uruguay, en el marco de la pandemia por coronavirus, el uso del tapabocas se empezó a recomendar en abril.","En Uruguay, en el marco de la pandemia por coronavirus, el uso del tapabocas se empezó a recomendar en", abril,abril,las,False, las,[339],False
charruaLLM,705,560,train,Martín Guzmán fue ministro de Economía de Argentina.,Martín Guzmán fue ministro de Economía de, Argentina,Argentina,la,False, la,[279],False
charruaLLM,706,561,train,El programa Recomiendo aporta información sobre productos y recetas de lo que el chef prueba junto al entrevistado.,El programa Recomiendo aporta información sobre productos y recetas de lo que el chef prueba junto al, entrevistado,entrevistado,chef,False, chef.,"[15785, 14]",False
charruaLLM,707,562,train,"El nuevo programa de televisión Recomiendo, conducido por Hugo Soca, se televisa en Canal 4.","El nuevo programa de televisión Recomiendo, conducido por Hugo Soca, se televisa en Canal", 4,4,10,False, 10,[1060],False
charruaLLM,708,563,train,El salón de té Doña Inés se encuentra en Pocitos.,El salón de té Doña Inés se encuentra en, Pocitos,Pocitos,la,False, la,[279],False
charruaLLM,709,564,train,El tomate favorito de Hugo Soca es el carnoso corazón de buey.,El tomate favorito de Hugo Soca es el carnoso corazón de, buey,buey,la,False, la,[279],False
charruaLLM,710,565,train,Hugo Soca recorrerá el Mercado Ferrando en su programa de televisión Recomiendo de Canal 4.,Hugo Soca recorrerá el Mercado Ferrando en su programa de televisión Recomiendo de Canal, 4,4,10,False, 10.,"[1060, 14]",False
charruaLLM,711,569,train,La lista de precios publicada por el Área de Defensa del Consumidor del Ministerio de Economía y Finanzas (MEF) incluye productos de cuidado personal.,La lista de precios publicada por el Área de Defensa del Consumidor del Ministerio de Economía y Finanzas (MEF) incluye productos de cuidado, personal,personal,de,False, de,[259],False
charruaLLM,712,57,train,El tapabocas debía cambiarse cuando estaba húmedo o cada cuatro horas.,El tapabocas debía cambiarse cuando estaba húmedo o cada cuatro, horas,horas,días,False, días.,"[998, 14]",False
charruaLLM,713,58,train,"En Uruguay, según las indicaciones del Ministerio de Salud Pública, las personas que tengan un diagnóstico de covid-19 o que sospechen que pueden tener la enfermedad tienen que hacer cuarentena obligatoria y no pueden salir de su casa.","En Uruguay, según las indicaciones del Ministerio de Salud Pública, las personas que tengan un diagnóstico de covid-19 o que sospechen que pueden tener la enfermedad tienen que hacer cuarentena obligatoria y no pueden salir de su", casa,casa,casa,True, casa.,"[1611, 14]",False
charruaLLM,714,588,train,El estudio de la Cámara de Comercio y Servicios del Uruguay sobre los impactos económicos de la pandemia del Covid-19 consideró 629 empresas.,El estudio de la Cámara de Comercio y Servicios del Uruguay sobre los impactos económicos de la pandemia del Covid-19 consideró 629, empresas,empresas,.000,False,.000,"[14, 864]",False
charruaLLM,715,59,train,"En cuanto a cantidad, los tipos de coronavirus que afectan a los humanos son siete.","En cuanto a cantidad, los tipos de coronavirus que afectan a los humanos son", siete,siete,más,False, más,[422],False
charruaLLM,716,590,train,"Según el autor José Stagnaro, en el contexto de la pandemia de coronavirus, el miedo a la enfermedad se parece al miedo a la inseguridad.","Según el autor José Stagnaro, en el contexto de la pandemia de coronavirus, el miedo a la enfermedad se parece al miedo a la", inseguridad,inseguridad,enfermedad,False, enfermedad.,"[4505, 14]",False
charruaLLM,717,593,train,"Nuestros mejores recursos para hacer frente al miedo son creer en soluciones solidarias, en la vida pública, en la política y, finalmente, en cierta esperanza en un mundo mejor.","Nuestros mejores recursos para hacer frente al miedo son creer en soluciones solidarias, en la vida pública, en la política y, finalmente, en cierta esperanza en un mundo", mejor,mejor,que,False, que,[284],False
charruaLLM,718,594,train,Daniel Salinas fue ministro de Salud Pública.,Daniel Salinas fue ministro de Salud, Pública,Pública,Pública,True, Pública,[4498],False
charruaLLM,719,595,train,"El ministro de Salud, Daniel Salinas, criticó la Marcha por la Diversidad debido a la violación de las recomendaciones sanitarias durante el evento.","El ministro de Salud, Daniel Salinas, criticó la Marcha por la Diversidad debido a la violación de las recomendaciones sanitarias durante el", evento,evento,año,False, año,[656],False
charruaLLM,720,597,train,La doctora Karina Rando fue la Directora general de Coordinación del Ministerio de Salud Pública.,La doctora Karina Rando fue la Directora general de Coordinación del Ministerio de Salud, Pública,Pública,Pública,True, Pública,[4498],False
charruaLLM,721,598,train,"El ministro de Salud, Daniel Salinas, se expresó el 26 de septiembre de 2020 sobre la multitudinaria Marcha por la Diversidad a través de su cuenta de Twitter.","El ministro de Salud, Daniel Salinas, se expresó el 26 de septiembre de 2020 sobre la multitudinaria Marcha por la Diversidad a través de su cuenta de", Twitter,Twitter,Twitter,True, Twitter.,"[3478, 14]",False
charruaLLM,722,599,train,La Marcha por la Diversidad en Uruguay se celebró el viernes 25 de septiembre de 2020 por la tarde.,La Marcha por la Diversidad en Uruguay se celebró el viernes 25 de septiembre de 2020 por la, tarde,tarde,conmemoración,False, conmemoración,"[11474, 350]",False
charruaLLM,723,6,train,"Las elecciones en Bolivia, previstas para el 3 de mayo, fueron aplazadas por el Tribunal Supremo Electoral debido a la pandemia de coronavirus, y aún no se ha fijado una nueva fecha.","Las elecciones en Bolivia, previstas para el 3 de mayo, fueron aplazadas por el Tribunal Supremo Electoral debido a la pandemia de coronavirus, y aún no se ha fijado una nueva", fecha,fecha,fecha,True, fecha,[2238],False
charruaLLM,724,60,train,El Covid-19 se descubrió en diciembre de 2019.,El Covid-19 se descubrió en diciembre de, 2019,2019,"2020,",False," 2020,","[15732, 12]",False
charruaLLM,725,603,train,"Debido a la pandemia de coronavirus, además de la Copa América y la Eurocopa, se postergaron la Copa Libertadores y la Sudamericana.","Debido a la pandemia de coronavirus, además de la Copa América y la Eurocopa, se postergaron la Copa Libertadores y la", Sudamericana,Sudamericana,Copa,False, Copa,[2171],False
charruaLLM,726,61,train,El COVID-19 se descubrió en la provincia china de Wuhan.,El COVID-19 se descubrió en la provincia china de, Wuhan,Wuhan,"Wuhan,",False," Wuhan,","[870, 85, 4139, 12]",False
charruaLLM,727,611,train,Guido Manini Ríos es senador y ex comandante en jefe del Ejército.,Guido Manini Ríos es senador y ex comandante en jefe del, Ejército,Ejército,"Ejército,",False," Ejército,","[5380, 12]",False
charruaLLM,728,615,train,"Las sesiones remotas en el Parlamento comenzaron el miércoles 11, en el marco de la pandemia de coronavirus.","Las sesiones remotas en el Parlamento comenzaron el miércoles 11, en el marco de la pandemia de", coronavirus,coronavirus,coronavirus,True, coronavirus.,"[16045, 341, 4503, 14]",False
charruaLLM,729,62,train,El nombre completo del covid es SARS-CoV-2.,El nombre completo del covid es, SARS-CoV-2,SARS-CoV-2,el,False, el,[286],False
charruaLLM,730,620,train,La Comisión Especial de Población y Desarrollo se encarga de analizar el accionar del Ministerio de Desarrollo Social.,La Comisión Especial de Población y Desarrollo se encarga de analizar el accionar del Ministerio de Desarrollo, Social,Social,Social,True, Social,[3779],False
charruaLLM,731,621,train,Los beneficiarios de las canastas de alimentos de la iniciativa @CanastasUy durante la emergencia por coronavirus son las alcaldías de localidades vulnerables.,Los beneficiarios de las canastas de alimentos de la iniciativa @CanastasUy durante la emergencia por coronavirus son las alcaldías de localidades, vulnerables,vulnerables,de,False, de,[259],False
charruaLLM,732,63,train,"El nombre de la enfermedad covid-19, causada por el nuevo coronavirus SARS-CoV-2, fue dado a conocer por la Organización Mundial de la Salud (OMS) el 11 de febrero.","El nombre de la enfermedad covid-19, causada por el nuevo coronavirus SARS-CoV-2, fue dado a conocer por la Organización Mundial de la Salud (OMS) el 11 de", febrero,febrero,marzo,False, marzo,[2278],False
charruaLLM,733,633,train,El 08004141 es el número de teléfono de Inmujeres.,El 08004141 es el número de teléfono de, Inmujeres,Inmujeres,la,False, la,[279],False
charruaLLM,734,634,train,Álvaro Delgado fue prosecretario de la Presidencia de Uruguay.,Álvaro Delgado fue prosecretario de la Presidencia de, Uruguay,Uruguay,la,False, la,[279],False
charruaLLM,735,635,train,"En el marco de las medidas del gobierno uruguayo para combatir la violencia de género y doméstica durante la emergencia sanitaria, una persona que no está en condiciones de hablar puede mandar un correo electrónico a denuncia@minterior.gub.uy.","En el marco de las medidas del gobierno uruguayo para combatir la violencia de género y doméstica durante la emergencia sanitaria, una persona que no está en condiciones de hablar puede mandar un correo electrónico a", denuncia@minterior.gub.uy,denuncia@minterior.gub.uy,la,False, la,[279],False
charruaLLM,736,636,train,Jorge Larrañaga fue ministro del Interior.,Jorge Larrañaga fue ministro del, Interior,Interior,"Interior,",False," Interior,","[2760, 12]",False
charruaLLM,737,64,train,La organización que le puso nombre completo al COVID-19 fue la OMS.,La organización que le puso nombre completo al COVID-19 fue la, OMS,OMS,que,False, que,[284],False
charruaLLM,738,642,train,"En el marco de la pandemia de coronavirus en Estados Unidos, el gobernador Andrew Cuomo informó que en los hospitales de Nueva York empezaron a escasear las máscaras y los respiradores artificiales.","En el marco de la pandemia de coronavirus en Estados Unidos, el gobernador Andrew Cuomo informó que en los hospitales de Nueva York empezaron a escasear las máscaras y los respiradores", artificiales,artificiales,,False,.,[14],False
charruaLLM,739,644,train,El estadounidense Andrew Cuomo fue gobernador del estado de Nueva York.,El estadounidense Andrew Cuomo fue gobernador del estado de Nueva, York,York,"York,",False," York,","[3010, 12]",False
charruaLLM,740,65,train,Los medicamentos que sirvieron para tratar el covid fueron la cloroquina y la hidroxicloroquina.,Los medicamentos que sirvieron para tratar el covid fueron la cloroquina y la, hidroxicloroquina,hidroxicloroquina,hidroxicloroquina,True, hidroxicloroquina.,"[11198, 3886, 2036, 79, 4741, 14]",False
charruaLLM,741,650,train,"La obra de Florencia Caballero Bianchi, que forma parte del ciclo de teatro leído organizado por Salvadora editora y transcurre durante la crisis de 2002, se llama Cheta.","La obra de Florencia Caballero Bianchi, que forma parte del ciclo de teatro leído organizado por Salvadora editora y transcurre durante la crisis de 2002, se llama", Cheta,Cheta,"""La",False," ""La","[348, 405]",False
charruaLLM,742,66,train,La Suprema Corte de Justicia resolvió iniciar una Feria Judicial Sanitaria durante la pandemia de COVID-19.,La Suprema Corte de Justicia resolvió iniciar una Feria Judicial Sanitaria durante la pandemia de, COVID-19,COVID-19,"covid-19,",False," covid-19,","[781, 341, 68, 13, 2198, 12]",False
charruaLLM,743,660,train,Las personas que incumplen la cuarentena obligatoria son sancionadas penalmente.,Las personas que incumplen la cuarentena obligatoria son sancionadas, penalmente,penalmente,con,False, con,[296],False
charruaLLM,744,661,train,"Los trabajadores exceptuados durante la cuarentena obligatoria fueron aquellos vinculados a la salud, la seguridad, la producción y distribución de petróleo, y quienes ocupaban cargos de conducción política en el gobierno.","Los trabajadores exceptuados durante la cuarentena obligatoria fueron aquellos vinculados a la salud, la seguridad, la producción y distribución de petróleo, y quienes ocupaban cargos de conducción política en el", gobierno,gobierno,gobierno,True, gobierno.,"[823, 14]",False
charruaLLM,745,671,train,"Nacional, Peñarol, Liverpool, Fénix, River Plate y Plaza son clubes que han jugado la Copa Libertadores y la Copa Sudamericana.","Nacional, Peñarol, Liverpool, Fénix, River Plate y Plaza son clubes que han jugado la Copa Libertadores y la Copa", Sudamericana,Sudamericana,Sudamericana,True, Sudamericana.,"[7585, 14]",False
charruaLLM,746,674,train,"Debido a la falta de clases presenciales, el Consejo de Educación Técnico-Profesional (CETP-UTU) resolvió que todas las carreras de su nivel terciario se realizarán de forma virtual.","Debido a la falta de clases presenciales, el Consejo de Educación Técnico-Profesional (CETP-UTU) resolvió que todas las carreras de su nivel terciario se realizarán de forma", virtual,virtual,presencial,False, presencial.,"[454, 5861, 14]",False
charruaLLM,747,678,train,"Antes de la resolución del Consejo de Educación Técnico-Profesional (CETP-UTU) de virtualizar todas sus carreras terciarias por la emergencia sanitaria, las carreras que se podían realizar virtualmente eran prevencionista, logística, turismo y tecnólogo cárnico.","Antes de la resolución del Consejo de Educación Técnico-Profesional (CETP-UTU) de virtualizar todas sus carreras terciarias por la emergencia sanitaria, las carreras que se podían realizar virtualmente eran prevencionista, logística, turismo y tecnólogo", cárnico,cárnico,,False,.,[14],False
charruaLLM,748,681,train,María José Santacreu es la directora de Cinemateca Uruguaya.,María José Santacreu es la directora de Cinemateca, Uruguaya,Uruguaya,Uruguaya,True, Uruguaya.,"[4811, 14]",False
charruaLLM,749,682,train,La protagonista de Familia sumergida es Mercedes Morán.,La protagonista de Familia sumergida es Mercedes, Morán,Morán,"Morán,",False," Morán,","[2507, 408, 12]",False
charruaLLM,750,683,train,La fábrica de nada fue dirigida por Pedro Piño.,La fábrica de nada fue dirigida por Pedro, Piño,Piño,"Almodóvar,",False," Almodóvar,","[1052, 415, 2563, 1406, 12]",False
charruaLLM,751,689,train,"Kevin Durant es alero de los Brooklyn Nets, de la NBA.","Kevin Durant es alero de los Brooklyn Nets, de la", NBA,NBA,Conferencia,False, Conferencia,[11199],False
charruaLLM,752,69,train,"En Uruguay, el trabajo judicial se reanudaría el lunes 4 de mayo tras la Feria Judicial Sanitaria decretada por la Suprema Corte de Justicia debido a la pandemia de coronavirus.","En Uruguay, el trabajo judicial se reanudaría el lunes 4 de mayo tras la Feria Judicial Sanitaria decretada por la Suprema Corte de Justicia debido a la pandemia de", coronavirus,coronavirus,coronavirus,True, coronavirus.,"[16045, 341, 4503, 14]",False
charruaLLM,753,690,train,Kevin Durant es estadounidense.,Kevin Durant es, estadounidense,estadounidense,el,False, el,[286],False
charruaLLM,754,693,train,"Los equipos de la NBA con casos confirmados de covid-19 fueron Utah Jazz, Detroit Pistons y Brooklyn Nets.","Los equipos de la NBA con casos confirmados de covid-19 fueron Utah Jazz, Detroit Pistons y Brooklyn", Nets,Nets,Nets,True, Nets.,"[8052, 83, 14]",False
charruaLLM,755,696,train,La Facultad de Veterinaria de la Universidad de la República presentó un proyecto para estudiar el contagio de coronavirus en mascotas.,La Facultad de Veterinaria de la Universidad de la República presentó un proyecto para estudiar el contagio de coronavirus en, mascotas,mascotas,el,False, el,[286],False
charruaLLM,756,697,train,El ARN es una molécula presente en las células que se encarga de mediar entre la información almacenada en el ADN y la síntesis de proteínas adecuada.,El ARN es una molécula presente en las células que se encarga de mediar entre la información almacenada en el ADN y la síntesis de proteínas, adecuada,adecuada,,False,.,[14],False
charruaLLM,757,698,train,"El patrullaje fronterizo consiste en la identificación de vehículos, cargas, revisación de bodegas y todo lo que estaba pensado hacerse.","El patrullaje fronterizo consiste en la identificación de vehículos, cargas, revisación de bodegas y todo lo que estaba pensado", hacerse,hacerse,para,False, para,[345],False
charruaLLM,758,7,train,"Las elecciones en Bolivia, aplazadas por la pandemia del coronavirus, estaban previstas para el 3 de mayo.","Las elecciones en Bolivia, aplazadas por la pandemia del coronavirus, estaban previstas para el 3 de", mayo,mayo,noviembre,False, noviembre.,"[2498, 14]",False
charruaLLM,759,70,train,La Feria Judicial Sanitaria fue una decisión de la Suprema Corte de Justicia.,La Feria Judicial Sanitaria fue una decisión de la Suprema Corte de, Justicia,Justicia,"Justicia,",False," Justicia,","[2183, 12]",False
charruaLLM,760,702,train,El avión presidencial comprado durante el gobierno del ex presidente Tabaré Vázquez será rematado por un millón de dólares.,El avión presidencial comprado durante el gobierno del ex presidente Tabaré Vázquez será rematado por un millón de, dólares,dólares,dólares,True, dólares.,"[1294, 14]",False
charruaLLM,761,705,train,Elbia Pereira fue dirigente sindical de magisterio.,Elbia Pereira fue dirigente sindical de, magisterio,magisterio,la,False, la,[279],False
charruaLLM,762,71,train,El secretario general de la Organización Mundial de la Salud (OMS) es el etíope Tedros Adhanom Ghebreyesus.,El secretario general de la Organización Mundial de la Salud (OMS) es el etíope Tedros Adhanom, Ghebreyesus,Ghebreyesus,"Ghebreyesus,",False," Ghebreyesus,","[442, 1453, 429, 89, 268, 427, 12]",False
charruaLLM,763,710,train,La OIT es la Organización Internacional del Trabajo.,La OIT es la Organización Internacional del, Trabajo,Trabajo,Trabajo,True, Trabajo,[4533],False
charruaLLM,764,715,train,Harry Kane es el capitán de la selección de fútbol de Inglaterra.,Harry Kane es el capitán de la selección de fútbol de, Inglaterra,Inglaterra,la,False, la,[279],False
charruaLLM,765,722,train,"En el marco de la crisis en el fútbol uruguayo, la campaña de solidaridad comenzada por la Organización de Futbolistas Uruguayas beneficia a las jugadoras que vivan o estén cercanas a gente en situación de riesgo.","En el marco de la crisis en el fútbol uruguayo, la campaña de solidaridad comenzada por la Organización de Futbolistas Uruguayas beneficia a las jugadoras que vivan o estén cercanas a gente en situación de", riesgo,riesgo,calle,False, calle.,"[2682, 14]",False
charruaLLM,766,733,train,Nitzan Horowitz fue ministro de Sanidad de Israel.,Nitzan Horowitz fue ministro de Sanidad de, Israel,Israel,la,False, la,[279],False
charruaLLM,767,746,train,Mitchell Duarte fue secretario general de la Mutual Uruguaya de Futbolistas Profesionales.,Mitchell Duarte fue secretario general de la Mutual Uruguaya de Futbolistas, Profesionales,Profesionales,Profesionales,True, Profesionales,"[9438, 1906, 420]",False
charruaLLM,768,748,train,El Consejo Nacional Consultivo por una Vida Libre de Violencia de Género está integrado por 14 organismos del Estado y representantes de la sociedad civil.,El Consejo Nacional Consultivo por una Vida Libre de Violencia de Género está integrado por 14 organismos del Estado y representantes de la sociedad, civil,civil,civil,True, civil.,"[5604, 14]",False
charruaLLM,769,751,train,Mónica Bottero fue la directora de Inmujeres.,Mónica Bottero fue la directora de, Inmujeres,Inmujeres,la,False, la,[279],False
charruaLLM,770,752,train,El número de teléfono de Inmujeres es 0800 4141 o 4141*.,El número de teléfono de Inmujeres es 0800 4141 o, 4141*,4141*,0800,False, 0800,"[1648, 8066]",False
charruaLLM,771,753,train,El número de la Línea Azul es 0800 5050.,El número de la Línea Azul es 0800, 5050,5050,5000,False, 5000.,"[784, 864, 14]",False
charruaLLM,772,759,train,Albert Uderzo nació en 1927.,Albert Uderzo nació en, 1927,1927,la,False, la,[279],False
charruaLLM,773,76,train,La Organización Mundial de la Salud (OMS) declaró el estado de emergencia mundial por el coronavirus (Covid-19) el 30 de enero.,La Organización Mundial de la Salud (OMS) declaró el estado de emergencia mundial por el coronavirus (Covid-19) el 30 de, enero,enero,marzo,False, marzo,[2278],False
charruaLLM,774,760,train,Albert Uderzo fue el creador de Asterix.,Albert Uderzo fue el creador de, Asterix,Asterix,la,False, la,[279],False
charruaLLM,775,761,train,"René Goscinny, cocreador de la historieta Asterix junto a Albert Uderzo, murió en 1977.","René Goscinny, cocreador de la historieta Asterix junto a Albert Uderzo, murió en", 1977,1977,el,False, el,[286],False
charruaLLM,776,762,train,El golpe de estado en Argentina fue el 24 de marzo de 1976.,El golpe de estado en Argentina fue el 24 de marzo de, 1976,1976,"2001,",False," 2001,","[6324, 12]",False
charruaLLM,777,763,train,Alberto Fernández fue presidente de Argentina.,Alberto Fernández fue presidente de, Argentina,Argentina,la,False, la,[279],False
charruaLLM,778,767,train,"La Federación Nacional de Profesores de Enseñanza Secundaria (Fenapes) inició la campaña #ProfesTiranPiques, una serie de videos cortos en los que docentes de diversas asignaturas recomiendan películas, aplicaciones o cuentas en redes sociales para mantenerse vinculados con las materias.","La Federación Nacional de Profesores de Enseñanza Secundaria (Fenapes) inició la campaña #ProfesTiranPiques, una serie de videos cortos en los que docentes de diversas asignaturas recomiendan películas, aplicaciones o cuentas en redes sociales para mantenerse vinculados con las", materias,materias,clases,False, clases.,"[5365, 14]",False
charruaLLM,779,771,train,La biblioteca virtual del Frente de Participación Estudiantil se llama Pimba.,La biblioteca virtual del Frente de Participación Estudiantil se llama, Pimba,Pimba,"""La",False," ""La","[348, 405]",False
charruaLLM,780,773,train,Federico de Pallejas fue encargado de comunicaciones de Fenapes.,Federico de Pallejas fue encargado de comunicaciones de, Fenapes,Fenapes,la,False, la,[279],False
charruaLLM,781,781,train,"En el marco de la pandemia de COVID-19 y la crisis sanitaria, económica y social derivada de ella, las personas más afectadas son las trabajadoras en condiciones de informalidad, cuentapropistas, monotributistas, independientes, de economías de plataformas y trabajadoras domésticas.","En el marco de la pandemia de COVID-19 y la crisis sanitaria, económica y social derivada de ella, las personas más afectadas son las trabajadoras en condiciones de informalidad, cuentapropistas, monotributistas, independientes, de economías de plataformas y trabajadoras", domésticas,domésticas,domésticas,True, domésticas.,"[6404, 1090, 14]",False
charruaLLM,782,786,train,Realizar la mayor cantidad posible de tests para el Covid permite convertir casos de portadores desconocidos en portadores conocidos.,Realizar la mayor cantidad posible de tests para el Covid permite convertir casos de portadores desconocidos en portadores, conocidos,conocidos,de,False, de,[259],False
charruaLLM,783,789,train,El SMU es el Sindicato Médico del Uruguay.,El SMU es el Sindicato Médico del, Uruguay,Uruguay,Uruguay,True, Uruguay,[655],False
charruaLLM,784,792,train,Los tests de diagnóstico del COVID-19 sirven para el rastreo de casos e indicar aislamiento.,Los tests de diagnóstico del COVID-19 sirven para el rastreo de casos e indicar, aislamiento,aislamiento,que,False, que,[284],False
charruaLLM,785,796,train,Anthony Fauci fue el principal epidemiólogo de Estados Unidos.,Anthony Fauci fue el principal epidemiólogo de Estados, Unidos,Unidos,"Unidos,",False," Unidos,","[1254, 12]",False
charruaLLM,786,8,train,Los ciudadanos de Bolivia entraron en cuarentena total un domingo.,Los ciudadanos de Bolivia entraron en cuarentena total un, domingo,domingo,día,False, día,[1038],False
charruaLLM,787,800,train,Merkel estuvo en cuarentena porque un médico con el que estuvo en contacto dio positivo por coronavirus.,Merkel estuvo en cuarentena porque un médico con el que estuvo en contacto dio positivo por, coronavirus,coronavirus,coronavirus,True, coronavirus.,"[16045, 341, 4503, 14]",False
charruaLLM,788,803,train,"El plan 'Nueva York en Pausa' consiste en cuarentena obligatoria y el cierre de todos los negocios, excepto los considerados esenciales.","El plan 'Nueva York en Pausa' consiste en cuarentena obligatoria y el cierre de todos los negocios, excepto los considerados", esenciales,esenciales,de,False, de,[259],False
charruaLLM,789,806,train,El coronavirus Covid-19 afecta las vías respiratorias de los seres humanos.,El coronavirus Covid-19 afecta las vías respiratorias de los seres, humanos,humanos,"humanos,",False," humanos,","[3386, 12]",False
charruaLLM,790,807,train,El Covid19 pertenece a la familia Coronaviridae.,El Covid19 pertenece a la familia, Coronaviridae,Coronaviridae,de,False, de,[259],False
charruaLLM,791,808,train,El virus Covid19 es de tipo beta.,El virus Covid19 es de tipo, beta,beta,de,False, de,[259],False
charruaLLM,792,81,train,Las zonas de Brasil más afectadas por el Covid fueron San Pablo y Río de Janeiro.,Las zonas de Brasil más afectadas por el Covid fueron San Pablo y Río de, Janeiro,Janeiro,"Janeiro,",False," Janeiro,","[7138, 12]",False
charruaLLM,793,814,train,"Como medida para evitar el contagio de Covid-19, la Intendencia de Montevideo extendió el horario de las ferias vecinales de frutas y verduras hasta las 14.00.","Como medida para evitar el contagio de Covid-19, la Intendencia de Montevideo extendió el horario de las ferias vecinales de frutas y verduras hasta las", 14.00,14.00,18,False, 18,[1474],False
charruaLLM,794,816,train,Fernando Nopitsch fue el secretario general de la Intendencia de Montevideo.,Fernando Nopitsch fue el secretario general de la Intendencia de, Montevideo,Montevideo,"Montevideo,",False," Montevideo,","[863, 12]",False
charruaLLM,795,818,train,Luis Lacalle Pou fue presidente de la República.,Luis Lacalle Pou fue presidente de la, República,República,"República,",False," República,","[2096, 12]",False
charruaLLM,796,82,train,Luiz Henrique Mandetta es el ex Ministro de Salud de Brasil destituido por Bolsonaro.,Luiz Henrique Mandetta es el ex Ministro de Salud de Brasil destituido por, Bolsonaro,Bolsonaro,el,False, el,[286],False
charruaLLM,797,820,train,Mario Abdo Benítez fue el presidente de Paraguay.,Mario Abdo Benítez fue el presidente de, Paraguay,Paraguay,la,False, la,[279],False
charruaLLM,798,822,train,Efraín Alegre es el líder del opositor Partido Liberal en Paraguay.,Efraín Alegre es el líder del opositor Partido Liberal en, Paraguay,Paraguay,el,False, el,[286],False
charruaLLM,799,829,train,Álvaro Delgado fue el secretario de Presidencia.,Álvaro Delgado fue el secretario de, Presidencia,Presidencia,"Presidencia,",False," Presidencia,","[3686, 12]",False
charruaLLM,800,83,train,Axel Kicillof fue gobernador de la provincia de Buenos Aires.,Axel Kicillof fue gobernador de la provincia de Buenos, Aires,Aires,"Aires,",False," Aires,","[2493, 12]",False
charruaLLM,801,836,train,Carlos Leoni es el director de Salud de Paysandú.,Carlos Leoni es el director de Salud de, Paysandú,Paysandú,la,False, la,[279],False
charruaLLM,802,843,train,"La pastilla para tratar la covid-19, desarrollada por farmacéuticas como Shionogi, Pfizer y MSD, se toma una vez que una persona se contagia.","La pastilla para tratar la covid-19, desarrollada por farmacéuticas como Shionogi, Pfizer y MSD, se toma una vez que una persona se", contagia,contagia,encuentra,False, encuentra,[2409],False
charruaLLM,803,845,train,Pfizer y MSD son farmacéuticas.,Pfizer y MSD son, farmacéuticas,farmacéuticas,los,False, los,[308],False
charruaLLM,804,846,train,Tamiflu y Xofluza son medicamentos que se usan contra la gripe.,Tamiflu y Xofluza son medicamentos que se usan contra la, gripe,gripe,enfermedad,False, enfermedad.,"[4505, 14]",False
charruaLLM,805,847,train,El Remdesivir es un tratamiento contra la covid-19 que se administra en hospitales y se reserva para pacientes más graves.,El Remdesivir es un tratamiento contra la covid-19 que se administra en hospitales y se reserva para pacientes más, graves,graves,graves,True, graves.,"[6235, 14]",False
charruaLLM,806,850,train,"El cuestionario del portal cuarentena.uy, diseñado para predecir la percepción de la crisis sanitaria durante la pandemia, fue realizado por la Facultad de Psicología de la Universidad de la República y el equipo de DATA.","El cuestionario del portal cuarentena.uy, diseñado para predecir la percepción de la crisis sanitaria durante la pandemia, fue realizado por la Facultad de Psicología de la Universidad de la República y el equipo de", DATA,DATA,la,False, la,[279],False
charruaLLM,807,854,train,Los resultados preliminares del cuestionario sobre la percepción de la crisis sanitaria por la pandemia de cuarentena.uy se pueden ver en cuarentena.uy/resultados.,Los resultados preliminares del cuestionario sobre la percepción de la crisis sanitaria por la pandemia de cuarentena.uy se pueden ver en, cuarentena.uy/resultados,cuarentena.uy/resultados,el,False, el,[286],False
charruaLLM,808,855,train,"Alejandro Maiche, profesor e investigador de la Facultad de Psicología de la Universidad de la República, es quien tuvo la idea del portal cuarentena.uy, diseñado para medir la percepción de la crisis sanitaria durante la pandemia.","Alejandro Maiche, profesor e investigador de la Facultad de Psicología de la Universidad de la República, es quien tuvo la idea del portal cuarentena.uy, diseñado para medir la percepción de la crisis sanitaria durante la", pandemia,pandemia,pandemia,True, pandemia.,"[2172, 7461, 14]",False
charruaLLM,809,856,train,El PIT-CNT es una central sindical.,El PIT-CNT es una central, sindical,sindical,sindical,True, sindical,[4530],False
charruaLLM,810,858,train,ASSE es la Administración de los Servicios de Salud del Estado.,ASSE es la Administración de los Servicios de Salud del, Estado,Estado,Estado,True, Estado,[1367],False
charruaLLM,811,86,train,Martin Guzmán fue Ministro de Economía de Argentina.,Martin Guzmán fue Ministro de Economía de, Argentina,Argentina,"Brasil,",False," Brasil,","[1410, 12]",False
charruaLLM,812,861,train,"En el marco de las medidas dispuestas por el gobierno uruguayo para reducir la exposición al coronavirus, las personas que forman parte de la población de riesgo son las personas de más de 65 años.","En el marco de las medidas dispuestas por el gobierno uruguayo para reducir la exposición al coronavirus, las personas que forman parte de la población de riesgo son las personas de más de 65", años,años,"años,",False," años,","[547, 12]",False
charruaLLM,813,863,train,Álvaro Delgado fue el Secretario de la Presidencia.,Álvaro Delgado fue el Secretario de la, Presidencia,Presidencia,"Presidencia,",False," Presidencia,","[3686, 12]",False
charruaLLM,814,87,train,Daniel Arroyo fue Ministro de Desarrollo Social de Argentina.,Daniel Arroyo fue Ministro de Desarrollo Social de, Argentina,Argentina,"Uruguay,",False," Uruguay,","[655, 12]",False
charruaLLM,815,878,train,"El número del Servicio de Atención Médica de Emergencia, al que la familia de Martín Mesa llamó en abril antes de su ingreso al Hospital Español, es el 105.","El número del Servicio de Atención Médica de Emergencia, al que la familia de Martín Mesa llamó en abril antes de su ingreso al Hospital Español, es el", 105,105,más,False, más,[422],False
charruaLLM,816,879,train,Virginia Longo fue la directora de la región sur de ASSE.,Virginia Longo fue la directora de la región sur de, ASSE,ASSE,la,False, la,[279],False
charruaLLM,817,880,train,Virginia Longo es la directora de la Región Sur de ASSE.,Virginia Longo es la directora de la Región Sur de, ASSE,ASSE,la,False, la,[279],False
charruaLLM,818,883,train,Lautréamont es una librería.,Lautréamont es una, librería,librería,de,False, de,[259],False
charruaLLM,819,886,train,"Los videos en los que autores uruguayos recomiendan literatura nacional, publicados por la librería Lautréamont y las editoriales Hum y Estuario bajo la iniciativa #autoresencuarentena, duran menos de un minuto.","Los videos en los que autores uruguayos recomiendan literatura nacional, publicados por la librería Lautréamont y las editoriales Hum y Estuario bajo la iniciativa #autoresencuarentena, duran menos de un", minuto,minuto,mes,False, mes.,"[847, 14]",False
charruaLLM,820,889,train,El merendero Solidarios Unidos Seis Barrios se encuentra en el cruce de las calles Rafael y Teniente Galeano.,El merendero Solidarios Unidos Seis Barrios se encuentra en el cruce de las calles Rafael y Teniente, Galeano,Galeano,"Rinaldi,",False," Rinaldi,","[421, 3221, 293, 12]",False
charruaLLM,821,9,train,"Debido a la pandemia de coronavirus, el confinamiento total en Bolivia anunciado por la presidenta interina Jeanine Áñez fue previsto por 14 días.","Debido a la pandemia de coronavirus, el confinamiento total en Bolivia anunciado por la presidenta interina Jeanine Áñez fue previsto por 14", días,días,días,True, días.,"[998, 14]",False
charruaLLM,822,90,train,El sector terciario de la economía es el de servicios.,El sector terciario de la economía es el de, servicios,servicios,mayor,False, mayor,[859],False
charruaLLM,823,907,train,Hasta el 10% de los contagios de coronavirus se dieron en ámbitos asistenciales.,Hasta el 10% de los contagios de coronavirus se dieron en ámbitos, asistenciales,asistenciales,de,False, de,[259],False
charruaLLM,824,909,train,Los testeos de Covid19 en el interior del país estaban previstos para realizarse en el Laboratorio de Virología Molecular de la Universidad de la República.,Los testeos de Covid19 en el interior del país estaban previstos para realizarse en el Laboratorio de Virología Molecular de la Universidad de la, República,República,República,True, República.,"[2096, 14]",False
charruaLLM,825,91,train,"El Ministerio de Desarrollo Social ofrece Asignación Familiar, Asignación Familiar Plan de Equidad y Tarjeta Uruguay Social.","El Ministerio de Desarrollo Social ofrece Asignación Familiar, Asignación Familiar Plan de Equidad y Tarjeta Uruguay", Social,Social,"Social,",False," Social,","[3779, 12]",False
charruaLLM,826,910,train,Los resultados de análisis de Covid-19 en el interior del país demoraban hasta cinco días.,Los resultados de análisis de Covid-19 en el interior del país demoraban hasta cinco, días,días,días,True, días,[998],False
charruaLLM,827,914,train,La sigla ONU significa Organización de las Naciones Unidas.,La sigla ONU significa Organización de las Naciones, Unidas,Unidas,Unidas,True, Unidas,[5709],False
charruaLLM,828,917,train,Casi 2.000 uruguayos volvieron a través de la operación Todos en Casa.,Casi 2.000 uruguayos volvieron a través de la operación Todos en, Casa,Casa,el,False, el,[286],False
charruaLLM,829,928,train,"La serie Feriados fue dirigida por Leonardo Pintos, Claudio Quijano y Lucas Cilintano.","La serie Feriados fue dirigida por Leonardo Pintos, Claudio Quijano y Lucas", Cilintano,Cilintano,"Sugo,",False," Sugo,","[1879, 382, 12]",False
charruaLLM,830,93,train,Shai Steinhaus fue el vocero de Comida para Héroes.,Shai Steinhaus fue el vocero de Comida para, Héroes,Héroes,el,False, el,[286],False
charruaLLM,831,94,train,El bar Rumba se encuentra en la intersección de las calles Héctor Miranda y Ellauri.,El bar Rumba se encuentra en la intersección de las calles Héctor Miranda y, Ellauri,Ellauri,Luis,False, Luis,[1778],False
charruaLLM,832,96,train,"En el marco del proyecto benéfico Comida para Héroes, Pedidos Ya apoya la logística cediendo motos tres veces por semana para el envío de las viandas destinadas al personal sanitario y grupos vulnerables.","En el marco del proyecto benéfico Comida para Héroes, Pedidos Ya apoya la logística cediendo motos tres veces por semana para el envío de las viandas destinadas al personal sanitario y grupos", vulnerables,vulnerables,de,False, de,[259],False
charruaLLM,833,98,train,Bibliobarrio es una biblioteca.,Bibliobarrio es una, biblioteca,biblioteca,de,False, de,[259],False
spanishLLM,0,10,dev_gold,El Pereira Rossell es un hospital.,El Pereira Rossell es un, hospital,hospital,tipo,False, tipo,[1237],False
spanishLLM,1,100,dev_gold,El sector de alojamiento y servicios de comida envió la mayor cantidad de trabajadores al seguro de desempleo.,El sector de alojamiento y servicios de comida envió la mayor cantidad de trabajadores al seguro de, desempleo,desempleo,vida,False, vida,[1118],False
spanishLLM,2,103,dev_gold,"Históricamente, el 60% de las empresas del sector manufacturero envió a sus trabajadores al seguro de desempleo.","Históricamente, el 60% de las empresas del sector manufacturero envió a sus trabajadores al seguro de", desempleo,desempleo,"vida,",False," vida,","[1118, 12]",False
spanishLLM,3,108,dev_gold,Las escuelas privadas no tenían una posible fecha para comenzar el nuevo régimen.,Las escuelas privadas no tenían una posible fecha para comenzar el nuevo, régimen,régimen,ciclo,False, ciclo,[5126],False
spanishLLM,4,114,dev_gold,"La plataforma CREA, de Plan Ceibal, fue una herramienta clave para la educación virtual.","La plataforma CREA, de Plan Ceibal, fue una herramienta clave para la educación", virtual,virtual,",",False,",",[12],False
spanishLLM,5,115,dev_gold,La OPS es la Organización Panamericana de la Salud.,La OPS es la Organización Panamericana de la, Salud,Salud,rrrrrrrrrrrrrrrrrrrrrrrrrrrrrrr,False, rrrrrrrrrrrrrrrrrrrrrrrrrrrrrrr,"[221, 82, 82, 82, 82, 82, 82, 82, 82, 82, 82, 82, 82, 82, 82, 82, 82, 82, 82, 82, 82, 82, 82, 82, 82, 82, 82, 82, 82, 82, 82, 82]",True
spanishLLM,6,116,dev_gold,Carissa Etienne fue el presidente de la OPS.,Carissa Etienne fue el presidente de la, OPS,OPS,república,False, república,[1678],False
spanishLLM,7,119,dev_gold,"La directora de la OPS, Carissa Etienne, era de Dominica.","La directora de la OPS, Carissa Etienne, era de", Dominica,Dominica,฀,False, ฀,"[221, 15521]",False
spanishLLM,8,12,dev_gold,El Maciel es un hospital.,El Maciel es un, hospital,hospital,tipo,False, tipo,[1237],False
spanishLLM,9,120,dev_gold,"Algunos sectores poblacionales del continente, como los indígenas y afrodescendientes, tienen peor acceso al sistema de salud estatal en Latinoamérica.","Algunos sectores poblacionales del continente, como los indígenas y afrodescendientes, tienen peor acceso al sistema de salud estatal en", Latinoamérica,Latinoamérica,el,False, el,[288],False
spanishLLM,10,126,dev_gold,En México se registraban diez femicidios por día.,En México se registraban diez femicidios por, día,día,lo,False, lo,[395],False
spanishLLM,11,131,dev_gold,Nigel Manchini es profesor de Filosofía y magíster en Neuropsicología y Educación.,Nigel Manchini es profesor de Filosofía y magíster en Neuropsicología y, Educación,Educación,astronomíaco),False, astronomíaco),"[441, 8530, 302, 359, 423, 9]",False
spanishLLM,12,132,dev_gold,Las manifestaciones populares desaparecieron con la pandemia.,Las manifestaciones populares desaparecieron con la, pandemia,pandemia,violencia,False, violencia,[3465],False
spanishLLM,13,133,dev_gold,Jair Bolsonaro fue presidente de Brasil.,Jair Bolsonaro fue presidente de, Brasil,Brasil,la,False, la,[276],False
spanishLLM,14,134,dev_gold,Las redes bolsonaristas acusaron al Partido Comunista Chino por la expansión del coronavirus.,Las redes bolsonaristas acusaron al Partido Comunista Chino por la expansión del, coronavirus,coronavirus,iceódromo,False, iceódromo,"[221, 1927, 274, 583, 1321]",False
spanishLLM,15,135,dev_gold,Yang Wanming fue embajador chino en Brasil.,Yang Wanming fue embajador chino en, Brasil,Brasil,el,False, el,[288],False
spanishLLM,16,136,dev_gold,El canciller de Brasil fue Ernesto Araújo.,El canciller de Brasil fue Ernesto, Araújo,Araújo,íta,False,íta,"[293, 301]",False
spanishLLM,17,137,dev_gold,El hashtag #VirusChino se volvió tendencia.,El hashtag #VirusChino se volvió, tendencia,tendencia,a,False, a,[264],False
spanishLLM,18,138,dev_gold,Bernardo Küster fue director del portal Brasil sin miedo.,Bernardo Küster fue director del portal Brasil sin, miedo,miedo,"fronteras,",False," fronteras,","[5346, 12]",False
spanishLLM,19,143,dev_gold,Las causas de la obesidad en niños son la falta de actividad física y el consumo de alimentos ultraprocesados y bebidas azucaradas.,Las causas de la obesidad en niños son la falta de actividad física y el consumo de alimentos ultraprocesados y bebidas, azucaradas,azucaradas,alcohólicas,False, alcohólicas.,"[13249, 9677, 14]",False
spanishLLM,20,145,dev_gold,Unicef en América Latina está en Panamá.,Unicef en América Latina está en, Panamá,Panamá,el,False, el,[288],False
spanishLLM,21,146,dev_gold,Jean Gough representó a Unicef en América Latina.,Jean Gough representó a Unicef en América, Latina,Latina,�ngeles,False, �ngeles,"[221, 10391, 78, 2474, 266]",False
spanishLLM,22,148,dev_gold,El coronavirus provoca la enfermedad Covid-19.,El coronavirus provoca la enfermedad, Covid-19,Covid-19,de,False, de,[258],False
spanishLLM,23,149,dev_gold,Los clubes de la B y de la C recibieron donaciones de alimentos y productos de limpieza.,Los clubes de la B y de la C recibieron donaciones de alimentos y productos de, limpieza,limpieza,origen,False, origen,[2733],False
spanishLLM,24,151,dev_gold,"La Segunda División Amateur realizó un relevamiento entre todos los planteles de los jugadores que estaban en peor situación, ya que sabían que muchos estaban sin trabajo, recibían muy poco dinero y tenían familia, para evaluar la forma de hacerles llegar un surtido de alimentos y artículos de limpieza.","La Segunda División Amateur realizó un relevamiento entre todos los planteles de los jugadores que estaban en peor situación, ya que sabían que muchos estaban sin trabajo, recibían muy poco dinero y tenían familia, para evaluar la forma de hacerles llegar un surtido de alimentos y artículos de", limpieza,limpieza,los,False, los,[310],False
spanishLLM,25,16,dev_gold,Se deja constancia de los datos de coronavirus en la página web del Sistema Nacional de Emergencias (SINAE).,Se deja constancia de los datos de coronavirus en la página web del Sistema Nacional de Emergencias, (SINAE),(SINAE),y,False, y,[291],False
spanishLLM,26,164,dev_gold,"La Intersocial está integrada por la central obrera, la Federación de Estudiantes Universitarios del Uruguay, la Organización Nacional de Asociaciones de Jubilados y Pensionistas del Uruguay, la Federación Uruguaya de Cooperativas de Viviendas por Ayuda Mutua, el colectivo Ovejas Negras y la Intersocial Feminista.","La Intersocial está integrada por la central obrera, la Federación de Estudiantes Universitarios del Uruguay, la Organización Nacional de Asociaciones de Jubilados y Pensionistas del Uruguay, la Federación Uruguaya de Cooperativas de Viviendas por Ayuda Mutua, el colectivo Ovejas Negras y la Intersocial", Feminista,Feminista,"฀de฀de฀,",False," ฀de฀de฀,","[221, 15521, 257, 15521, 257, 15521, 12]",False
spanishLLM,27,168,dev_gold,La Sociedad de Medicina Familiar y Comunitaria realizó la solicitud de mantener abiertas las policlínicas.,La Sociedad de Medicina Familiar y Comunitaria realizó la solicitud de mantener abiertas las, policlínicas,policlínicas,solicitudes,False, solicitudes,[3554],False
spanishLLM,28,169,dev_gold,Las policlínicas y las visitas domiciliarias de seguimiento resolvían cerca del 80% de los problemas de salud.,Las policlínicas y las visitas domiciliarias de seguimiento resolvían cerca del 80% de los problemas de, salud,salud,salud,True, salud,[1658],False
spanishLLM,29,171,dev_gold,Los especialistas pidieron reforzar la teleasistencia y que los prestadores brindaran vías alternativas de comunicación.,Los especialistas pidieron reforzar la teleasistencia y que los prestadores brindaran vías alternativas de, comunicación,comunicación,acceso,False, acceso,[1969],False
spanishLLM,30,174,dev_gold,Salvador Illa fue el ministro de Salud de España.,Salvador Illa fue el ministro de Salud de, España,España,"alud,",False," alud,","[221, 282, 787, 12]",False
spanishLLM,31,175,dev_gold,"En España, se recomendó el uso de tapabocas al aire libre, aunque no era obligatorio, y la policía, tanto a pie como en vehículos y helicópteros, llamaba a las personas a mantener la distancia social.","En España, se recomendó el uso de tapabocas al aire libre, aunque no era obligatorio, y la policía, tanto a pie como en vehículos y helicópteros, llamaba a las personas a mantener la distancia", social,social,de,False, de,[258],False
spanishLLM,32,177,dev_gold,La primera muerte por coronavirus en Brasil ocurrió en 2020.,La primera muerte por coronavirus en Brasil ocurrió en, 2020,2020,el,False, el,[288],False
spanishLLM,33,181,dev_gold,La Agencia Nacional de Seguridad Vial aumentó los controles para desalentar el turismo.,La Agencia Nacional de Seguridad Vial aumentó los controles para desalentar el, turismo,turismo,mercado,False, mercado,[1368],False
spanishLLM,34,184,dev_gold,El lanzamiento de la aplicación fue a las 19:30 horas.,El lanzamiento de la aplicación fue a las 19:30, horas,horas,"horas,",False," horas,","[1695, 12]",False
spanishLLM,35,186,dev_gold,"Inicialmente, la tecnología de alertas de exposición se probó en cuatro países.","Inicialmente, la tecnología de alertas de exposición se probó en cuatro", países,países,"países,",False," países,","[846, 12]",False
spanishLLM,36,187,dev_gold,La Tabaré se presentó en la cárcel de Punta de Rieles.,La Tabaré se presentó en la cárcel de Punta de, Rieles,Rieles,�ngeli),False, �ngeli),"[221, 10391, 78, 2474, 73, 9]",False
spanishLLM,37,191,dev_gold,La Tabaré tocó arriba del ring de boxeo del gimnasio del Polo Industrial de la cárcel de Punta de Rieles.,La Tabaré tocó arriba del ring de boxeo del gimnasio del Polo Industrial de la cárcel de Punta de, Rieles,Rieles,unta,False, unta,"[221, 6907]",False
spanishLLM,38,201,dev_gold,Lo primero que se debía hacer para combatir el covid-19 era cumplir y apoyar las medidas del gobierno.,Lo primero que se debía hacer para combatir el covid-19 era cumplir y apoyar las medidas del, gobierno,gobierno,gobierno,True, gobierno,[1107],False
spanishLLM,39,206,dev_gold,La pandemia del coronavirus está afectando al mundo entero.,La pandemia del coronavirus está afectando al mundo, entero,entero,de,False, de,[258],False
spanishLLM,40,209,dev_gold,Gustavo Leal es el ex director de Convivencia y Seguridad Ciudadana del Ministerio del Interior.,Gustavo Leal es el ex director de Convivencia y Seguridad Ciudadana del Ministerio del, Interior,Interior,icassocista,False, icassocista,"[221, 972, 723, 267, 7497]",False
spanishLLM,41,210,dev_gold,La decisión de la cuarentena general y estricta en Europa se tomó cuando la situación desbordó los servicios de salud.,La decisión de la cuarentena general y estricta en Europa se tomó cuando la situación desbordó los servicios de, salud,salud,la,False, la,[276],False
spanishLLM,42,211,dev_gold,"La cuarentena general y estricta implica claridad en las actividades autorizadas, control y sanciones en caso de incumplimiento.","La cuarentena general y estricta implica claridad en las actividades autorizadas, control y sanciones en caso de", incumplimiento,incumplimiento,incumplimiento,True, incumplimiento,[6608],False
spanishLLM,43,214,dev_gold,Los habitantes de Sydney podían alejarse hasta 10 kilómetros de sus casas.,Los habitantes de Sydney podían alejarse hasta 10 kilómetros de sus, casas,casas,"fronteras,",False," fronteras,","[5346, 12]",False
spanishLLM,44,232,dev_gold,Las policlínicas estuvieron cerradas desde que se conocieron los primeros casos de covid-19.,Las policlínicas estuvieron cerradas desde que se conocieron los primeros casos de, covid-19,covid-19,cáncer,False, cáncer,[5348],False
spanishLLM,45,236,dev_gold,Sumefac es la sigla de la Sociedad Uruguaya de Medicina Familiar y Comunitaria.,Sumefac es la sigla de la Sociedad Uruguaya de Medicina Familiar y, Comunitaria,Comunitaria,฀de,False, ฀de,"[221, 15521, 257]",False
spanishLLM,46,24,dev_gold,Las clases se suspendieron a causa de la pandemia.,Las clases se suspendieron a causa de la, pandemia,pandemia,falta,False, falta,[2389],False
spanishLLM,47,241,dev_gold,Las partidas se financiaron por medio de la recaudación del Impuesto de Primaria.,Las partidas se financiaron por medio de la recaudación del Impuesto de, Primaria,Primaria,fondos,False, fondos,[2342],False
spanishLLM,48,243,dev_gold,"La investigación sobre anticuerpos fue realizada por una subsidiaria de la farmacéutica estatal Sinopharm, que produce dos de las vacunas aprobadas por el Gobierno chino, y el Centro Nacional de Investigación de Medicina Traslacional de la Universidad de Jiaotong.","La investigación sobre anticuerpos fue realizada por una subsidiaria de la farmacéutica estatal Sinopharm, que produce dos de las vacunas aprobadas por el Gobierno chino, y el Centro Nacional de Investigación de Medicina Traslacional de la Universidad de", Jiaotong,Jiaotong,carácter,False, carácter,[2102],False
spanishLLM,49,248,dev_gold,RBDIgG es un tipo de anticuerpo que indica la fortaleza de la inmunidad contra el coronavirus.,RBDIgG es un tipo de anticuerpo que indica la fortaleza de la inmunidad contra el, coronavirus,coronavirus,electrón?,False, electrón?,"[2995, 31]",False
spanishLLM,50,251,dev_gold,El PIT-CNT exigió una renta básica para los afectados por la crisis no comprendidos en la red de protección social.,El PIT-CNT exigió una renta básica para los afectados por la crisis no comprendidos en la red de protección, social,social,del,False, del,[315],False
spanishLLM,51,252,dev_gold,El PIT-CNT exigió una renta básica para aquellos afectados por la crisis que no estuvieran comprendidos en la red de protección social.,El PIT-CNT exigió una renta básica para aquellos afectados por la crisis que no estuvieran comprendidos en la red de protección, social,social,del,False, del,[315],False
spanishLLM,52,253,dev_gold,El PIT-CNT es la central de trabajadores.,El PIT-CNT es la central de, trabajadores,trabajadores,la,False, la,[276],False
spanishLLM,53,254,dev_gold,"El PIT-CNT reclamó flexibilizaciones en los vencimientos de las tarifas públicas, tributos, alquileres y tarjetas de crédito.","El PIT-CNT reclamó flexibilizaciones en los vencimientos de las tarifas públicas, tributos, alquileres y tarjetas de", crédito,crédito,crédito?,False, crédito?,"[2807, 31]",False
spanishLLM,54,26,dev_gold,La suspensión de clases rigió hasta que terminaron las vacaciones de turismo.,La suspensión de clases rigió hasta que terminaron las vacaciones de, turismo,turismo,verano,False, verano.,"[5418, 14]",False
spanishLLM,55,261,dev_gold,Las casas de lotería fueron incluidas en la lista de servicios públicos y actividades esenciales mediante un decreto de Jair Bolsonaro.,Las casas de lotería fueron incluidas en la lista de servicios públicos y actividades esenciales mediante un decreto de Jair, Bolsonaro,Bolsonaro,-air-air-air-air-air-air-air-air-air-air-a,False,-air-air-air-air-air-air-air-air-air-air-a,"[13, 65, 381, 13, 65, 381, 13, 65, 381, 13, 65, 381, 13, 65, 381, 13, 65, 381, 13, 65, 381, 13, 65, 381, 13, 65, 381, 13, 65, 381, 13, 65]",True
spanishLLM,56,269,dev_gold,La OMS y el Banco Mundial convocaron a la Junta de Vigilancia Mundial de la Preparación ante Crisis Sanitarias.,La OMS y el Banco Mundial convocaron a la Junta de Vigilancia Mundial de la Preparación ante Crisis, Sanitarias,Sanitarias,฀a,False, ฀a,"[221, 15521, 65]",False
spanishLLM,57,27,dev_gold,Crea fue la principal herramienta que utilizaron los docentes y alumnos en la educación virtual escolar.,Crea fue la principal herramienta que utilizaron los docentes y alumnos en la educación virtual, escolar,escolar,",",False,",",[12],False
spanishLLM,58,271,dev_gold,Los hospitales psiquiátricos suspendieron las visitas y las actividades que implican circulación de personas durante la pandemia de coronavirus.,Los hospitales psiquiátricos suspendieron las visitas y las actividades que implican circulación de personas durante la pandemia de, coronavirus,coronavirus,gripe,False, gripe,"[491, 8124]",False
spanishLLM,59,275,dev_gold,163 estudiantes recibieron tarjetas de débito de la Udelar para comprar alimentos.,163 estudiantes recibieron tarjetas de débito de la Udelar para comprar, alimentos,alimentos,tarjetas,False, tarjetas,[9981],False
spanishLLM,60,277,dev_gold,"La Udelar ofreció clases en vivo de pilates, gimnasia laboral, fitness, gimnasia para adultos mayores y gimnasia familiar en las redes sociales Facebook (bienestar.udelar) e Instagram (deportesbienestaruniversitario) para que los estudiantes no perdieran el vínculo con la universidad.","La Udelar ofreció clases en vivo de pilates, gimnasia laboral, fitness, gimnasia para adultos mayores y gimnasia familiar en las redes sociales Facebook (bienestar.udelar) e Instagram (deportesbienestaruniversitario) para que los estudiantes no perdieran el vínculo con la", universidad,universidad,posibilidad,False, posibilidad,[2854],False
spanishLLM,61,280,dev_gold,El cacerolazo fue una manifestación de respaldo a una batería de medidas propuestas para responder a la emergencia sanitaria.,El cacerolazo fue una manifestación de respaldo a una batería de medidas propuestas para responder a la emergencia, sanitaria,sanitaria,de,False, de,[258],False
spanishLLM,62,282,dev_gold,La central de trabajadores esperaba una respuesta del Poder Ejecutivo.,La central de trabajadores esperaba una respuesta del Poder, Ejecutivo,Ejecutivo,ma,False,ma,[451],False
spanishLLM,63,283,dev_gold,El toque de queda impuesto por Perú impidió la repatriación de uruguayos varados en Perú.,El toque de queda impuesto por Perú impidió la repatriación de uruguayos varados en, Perú,Perú,el,False, el,[288],False
spanishLLM,64,292,dev_gold,Sebastián Piñera fue presidente chileno.,Sebastián Piñera fue presidente, chileno,chileno,de,False, de,[258],False
spanishLLM,65,298,dev_gold,El Frente Amplio presentó proyectos de ley para la emergencia sanitaria.,El Frente Amplio presentó proyectos de ley para la emergencia, sanitaria,sanitaria,de,False, de,[258],False
spanishLLM,66,302,dev_gold,Lucía Etcheverry perteneció al Movimiento de Participación Popular.,Lucía Etcheverry perteneció al Movimiento de Participación, Popular,Popular,฀,False, ฀,"[221, 15521]",False
spanishLLM,67,303,dev_gold,El Frente Amplio planteó un proyecto de flexibilización del seguro de paro.,El Frente Amplio planteó un proyecto de flexibilización del seguro de, paro,paro,vida,False, vida,[1118],False
spanishLLM,68,307,dev_gold,El Comité de Emergencia funcionaba día por medio o cada 72 horas.,El Comité de Emergencia funcionaba día por medio o cada 72, horas,horas,"horas,",False," horas,","[1695, 12]",False
spanishLLM,69,309,dev_gold,Se mantuvo el aumento del IVA en las compras con débito y crédito.,Se mantuvo el aumento del IVA en las compras con débito y, crédito,crédito,en,False, en,[283],False
spanishLLM,70,310,dev_gold,Azucena Arbeleche fue ministra de Economía y Finanzas.,Azucena Arbeleche fue ministra de Economía y, Finanzas,Finanzas,relaciones,False, relaciones,[2334],False
spanishLLM,71,316,dev_gold,"El aeropuerto Heathrow de Londres probó filas rápidas para pasajeros vacunados procedentes de Atenas, Nueva York y Los Ángeles.","El aeropuerto Heathrow de Londres probó filas rápidas para pasajeros vacunados procedentes de Atenas, Nueva York y Los", Ángeles,Ángeles,฀en฀en฀en฀en฀oso,False,฀en฀en฀en฀en฀oso,"[15521, 265, 15521, 265, 15521, 265, 15521, 265, 15521, 1897]",False
spanishLLM,72,317,dev_gold,Boris Johnson fue el primer ministro.,Boris Johnson fue el primer, ministro,ministro,ministro,True, ministro,[3652],False
spanishLLM,73,321,dev_gold,El gobierno británico se apoyó en su programa masivo de vacunación para levantar las restricciones anticovid.,El gobierno británico se apoyó en su programa masivo de vacunación para levantar las restricciones, anticovid,anticovid,de,False, de,[258],False
spanishLLM,74,322,dev_gold,Sajid Javid fue el ministro de Sanidad.,Sajid Javid fue el ministro de, Sanidad,Sanidad,relaciones,False, relaciones,[2334],False
spanishLLM,75,323,dev_gold,El gobierno británico buscó acercar a su nación a la vida normal al levantar las restricciones anticovid.,El gobierno británico buscó acercar a su nación a la vida normal al levantar las restricciones, anticovid,anticovid,de,False, de,[258],False
spanishLLM,76,327,dev_gold,"El Frente Amplio propuso suspender los cortes por atraso de pagos de UTE, OSE y Antel.","El Frente Amplio propuso suspender los cortes por atraso de pagos de UTE, OSE y", Antel,Antel,฀฀฀฀฀฀฀฀฀฀฀฀฀฀฀฀฀฀฀฀฀฀฀฀฀฀฀฀฀฀฀,False, ฀฀฀฀฀฀฀฀฀฀฀฀฀฀฀฀฀฀฀฀฀฀฀฀฀฀฀฀฀฀฀,"[221, 15521, 15521, 15521, 15521, 15521, 15521, 15521, 15521, 15521, 15521, 15521, 15521, 15521, 15521, 15521, 15521, 15521, 15521, 15521, 15521, 15521, 15521, 15521, 15521, 15521, 15521, 15521, 15521, 15521, 15521, 15521]",True
spanishLLM,77,328,dev_gold,El FA planteó que los refugios deberían estar abiertos 24 horas.,El FA planteó que los refugios deberían estar abiertos 24, horas,horas,horas,True, horas,[1695],False
spanishLLM,78,33,dev_gold,La primera tanda de uruguayos traídos al país viajó en un avión Brasilia de la Fuerza Aérea.,La primera tanda de uruguayos traídos al país viajó en un avión Brasilia de la Fuerza, Aérea,Aérea,",",False,",",[12],False
spanishLLM,79,333,dev_gold,"Omar Paganini fue ministro de Industria, Energía y Minería de Uruguay.","Omar Paganini fue ministro de Industria, Energía y Minería de", Uruguay,Uruguay,฀,False, ฀,"[221, 15521]",False
spanishLLM,80,337,dev_gold,"El primer punto de las medidas propuestas por el Sindicato Médico del Uruguay (SMU) fue una 'cuarentena general' y 'medidas drásticas de prevención', como el cierre de fronteras y de todo espacio público, incluyendo restaurantes y centros comerciales.","El primer punto de las medidas propuestas por el Sindicato Médico del Uruguay (SMU) fue una 'cuarentena general' y 'medidas drásticas de prevención', como el cierre de fronteras y de todo espacio público, incluyendo restaurantes y centros", comerciales,comerciales,de,False, de,[258],False
spanishLLM,81,339,dev_gold,La APU es la Asociación de la Prensa Uruguaya.,La APU es la Asociación de la Prensa, Uruguaya,Uruguaya,),False,),[9],False
spanishLLM,82,34,dev_gold,Nicolás Martinelli fue autoridad del Mides.,Nicolás Martinelli fue autoridad del, Mides,Mides,estado,False, estado,[785],False
spanishLLM,83,344,dev_gold,El Mides trasladó al menos a 70 personas.,El Mides trasladó al menos a 70, personas,personas,000,False, 000,[4454],False
spanishLLM,84,347,dev_gold,Gabriel Cunha fue director de la División Programas de Personas en Situación de Calle.,Gabriel Cunha fue director de la División Programas de Personas en Situación de, Calle,Calle,ersitas),False, ersitas),"[221, 7302, 3808, 9]",False
spanishLLM,85,35,dev_gold,Verónica Alonso fue senadora,Verónica Alonso fue, senadora,senadora,un,False, un,[303],False
spanishLLM,86,350,dev_gold,"El Sarandí Hogar Valdense está ubicado en Colonia Valdense, departamento de Colonia.","El Sarandí Hogar Valdense está ubicado en Colonia Valdense, departamento de", Colonia,Colonia,política,False, política,[1092],False
spanishLLM,87,355,dev_gold,La Intendencia de Montevideo tiene la facultad de prorrogar el vencimiento del pago de patentes de rodados.,La Intendencia de Montevideo tiene la facultad de prorrogar el vencimiento del pago de patentes de, rodados,rodados,patentes,False, patentes,[13169],False
spanishLLM,88,358,dev_gold,Sebastián Bauzá fue el secretario nacional del Deporte.,Sebastián Bauzá fue el secretario nacional del, Deporte,Deporte,ministerio,False, ministerio,[3687],False
spanishLLM,89,361,dev_gold,Sebastián Bauzá fue secretario nacional del Deporte.,Sebastián Bauzá fue secretario nacional del, Deporte,Deporte,ministerio,False, ministerio,[3687],False
spanishLLM,90,369,dev_gold,Se pretendió postergar las elecciones departamentales y municipales.,Se pretendió postergar las elecciones departamentales y, municipales,municipales,de,False, de,[258],False
spanishLLM,91,377,dev_gold,Nunzia Catalfo fue ministra de Trabajo italiana.,Nunzia Catalfo fue ministra de Trabajo, italiana,italiana,""")",False,""").",[9754],False
spanishLLM,92,379,dev_gold,"El gobierno recibió dinero del Banco Interamericano de Desarrollo, el Banco Mundial, Fonplata y el Banco de Desarrollo Latinoamericano (ex Corporación Andina de Fomento, CAF).","El gobierno recibió dinero del Banco Interamericano de Desarrollo, el Banco Mundial, Fonplata y el Banco de Desarrollo Latinoamericano (ex Corporación Andina de Fomento,", CAF),CAF),฀en฀en฀en฀en฀en฀en฀en฀en฀en฀en฀en฀en฀en฀en฀en฀en,False,฀en฀en฀en฀en฀en฀en฀en฀en฀en฀en฀en฀en฀en฀en฀en฀en,"[15521, 265, 15521, 265, 15521, 265, 15521, 265, 15521, 265, 15521, 265, 15521, 265, 15521, 265, 15521, 265, 15521, 265, 15521, 265, 15521, 265, 15521, 265, 15521, 265, 15521, 265, 15521, 265]",True
spanishLLM,93,38,dev_gold,El hotel Urban Express se encuentra en Andes y Uruguay.,El hotel Urban Express se encuentra en Andes y, Uruguay,Uruguay,illinois,False, illinois,"[221, 2033, 920, 307]",False
spanishLLM,94,386,dev_gold,Las comunidades autónomas españolas más afectadas por la pandemia fueron Madrid y Cataluña.,Las comunidades autónomas españolas más afectadas por la pandemia fueron Madrid y, Cataluña,Cataluña,la,False, la,[276],False
spanishLLM,95,387,dev_gold,Carmen Calvo fue la vicepresidenta primera del gobierno de España.,Carmen Calvo fue la vicepresidenta primera del gobierno de, España,España,la,False, la,[276],False
spanishLLM,96,388,dev_gold,El estado de alarma en España terminó en abril.,El estado de alarma en España terminó en, abril,abril,el,False, el,[288],False
spanishLLM,97,39,dev_gold,Verónica Alonso fue la esposa de Marcel Gerwer.,Verónica Alonso fue la esposa de Marcel, Gerwer,Gerwer,i,False,i,[73],False
spanishLLM,98,397,dev_gold,IM es la Intendencia de Montevideo.,IM es la Intendencia de, Montevideo,Montevideo,฀,False,฀,[15521],False
spanishLLM,99,398,dev_gold,"La Intendencia de Montevideo atiende al público a través de atención telefónica, correo electrónico y su sitio web.","La Intendencia de Montevideo atiende al público a través de atención telefónica, correo electrónico y su sitio", web,web,web),False, web).,"[3335, 691]",False
spanishLLM,100,4,dev_gold,Fernando Pereira fue presidente del PIT-CNT.,Fernando Pereira fue presidente del, PIT-CNT,PIT-CNT,consejo,False, consejo,[670],False
spanishLLM,101,40,dev_gold,Marcel Gerwer es el esposo de Verónica Alonso.,Marcel Gerwer es el esposo de Verónica, Alonso,Alonso,?,False,?,[31],False
spanishLLM,102,401,dev_gold,Guido Manini Ríos fue el líder de Cabildo Abierto.,Guido Manini Ríos fue el líder de Cabildo, Abierto,Abierto,!,False,!,[1],False
spanishLLM,103,408,dev_gold,Barcelona fue uno de los epicentros del coronavirus en España.,Barcelona fue uno de los epicentros del coronavirus en, España,España,el,False, el,[288],False
spanishLLM,104,414,dev_gold,Dos tercios de la capacidad del estadio Wembley se habilitaron para las semifinales y la final de la Eurocopa.,Dos tercios de la capacidad del estadio Wembley se habilitaron para las semifinales y la final de la, Eurocopa,Eurocopa,copa,False, copa,[6532],False
spanishLLM,105,417,dev_gold,Los primeros casos de Covid en Uruguay se confirmaron un viernes 13.,Los primeros casos de Covid en Uruguay se confirmaron un viernes, 13,13,por,False, por,[343],False
spanishLLM,106,418,dev_gold,Las clases en Uruguay comenzaron después de la Semana de Turismo.,Las clases en Uruguay comenzaron después de la Semana de, Turismo,Turismo,la,False, la,[276],False
spanishLLM,107,42,dev_gold,El Mides gastó 9.600 pesos por persona en situación de calle que estuvo en el hotel Urban Express.,El Mides gastó 9.600 pesos por persona en situación de calle que estuvo en el hotel Urban, Express,Express,e),False,e),"[69, 9]",False
spanishLLM,108,421,dev_gold,Pablo Orefice fue el director del programa salud.uy.,Pablo Orefice fue el director del programa, salud.uy,salud.uy,de,False, de,[258],False
spanishLLM,109,423,dev_gold,Se registraban unas 80 alertas de exposición por día a través de la app CoronavirusUY.,Se registraban unas 80 alertas de exposición por día a través de la app, CoronavirusUY,CoronavirusUY,y,False, y,[291],False
spanishLLM,110,425,dev_gold,La institución detrás de Salud.uy es la Agencia de Gobierno Electrónico y Sociedad de la Información y del Conocimiento (Agesic).,La institución detrás de Salud.uy es la Agencia de Gobierno Electrónico y Sociedad de la Información y del Conocimiento, (Agesic),(Agesic),lectrónico,False, lectrónico,"[221, 1601, 294, 9419]",False
spanishLLM,111,426,dev_gold,Agesic es la Agencia de Gobierno Electrónico y Sociedad de la Información y del Conocimiento.,Agesic es la Agencia de Gobierno Electrónico y Sociedad de la Información y del, Conocimiento,Conocimiento,�nquilitero,False, �nquilitero,"[221, 10391, 78, 1905, 73, 3474]",False
spanishLLM,112,430,dev_gold,Los trabajadores de la vía pública solicitaron el subsidio integral por los meses que duró la situación generada por la pandemia de coronavirus.,Los trabajadores de la vía pública solicitaron el subsidio integral por los meses que duró la situación generada por la pandemia de, coronavirus,coronavirus,gripe,False, gripe,"[491, 8124]",False
spanishLLM,113,432,dev_gold,Las elecciones departamentales y municipales no pudieron realizarse con normalidad debido a la emergencia sanitaria.,Las elecciones departamentales y municipales no pudieron realizarse con normalidad debido a la emergencia, sanitaria,sanitaria,de,False, de,[258],False
spanishLLM,114,434,dev_gold,Los ministros de la Corte Electoral se reunieron.,Los ministros de la Corte Electoral se, reunieron,reunieron,refiere,False, refiere,[2404],False
spanishLLM,115,439,dev_gold,AEBU es la Asociación de Bancarios del Uruguay.,AEBU es la Asociación de Bancarios del, Uruguay,Uruguay,฀?,False, ฀?,"[221, 15521, 31]",False
spanishLLM,116,442,dev_gold,China ofrece insumos médicos a Uruguay para combatir el avance del coronavirus.,China ofrece insumos médicos a Uruguay para combatir el avance del, coronavirus,coronavirus,sida,False, sida,[10920],False
spanishLLM,117,444,dev_gold,Luis Lacalle Pou fue presidente de Uruguay.,Luis Lacalle Pou fue presidente de, Uruguay,Uruguay,la,False, la,[276],False
spanishLLM,118,445,dev_gold,China implementó una cuarentena general en la ciudad de Wuhan y la provincia de Hubei para evitar la expansión del virus.,China implementó una cuarentena general en la ciudad de Wuhan y la provincia de Hubei para evitar la expansión del, virus,virus,tráfico,False, tráfico,[4473],False
spanishLLM,119,446,dev_gold,China transmitió su experiencia en el manejo de la crisis sanitaria y económica.,China transmitió su experiencia en el manejo de la crisis sanitaria y, económica,económica,de,False, de,[258],False
spanishLLM,120,448,dev_gold,Dos uruguayos estuvieron varados en Estados Unidos.,Dos uruguayos estuvieron varados en Estados, Unidos,Unidos,""")",False,""")",[6199],False
spanishLLM,121,456,dev_gold,La franja etárea con mayor cantidad de casos de coronavirus fue la de entre 55 y 64 años.,La franja etárea con mayor cantidad de casos de coronavirus fue la de entre 55 y 64, años,años,años,True, años,[783],False
spanishLLM,122,459,dev_gold,Daniel Salinas fue ministro de Salud Pública.,Daniel Salinas fue ministro de Salud, Pública,Pública,í!,False,í!,"[293, 1]",False
spanishLLM,123,460,dev_gold,Carlos Batthyány fue director del Institut Pasteur de Montevideo.,Carlos Batthyány fue director del Institut Pasteur de, Montevideo,Montevideo,"�xiví,",False," �xiví,","[221, 10391, 88, 436, 293, 12]",False
spanishLLM,124,462,dev_gold,Las escuelas de todo el país reabrieron sus puertas.,Las escuelas de todo el país reabrieron sus, puertas,puertas,puertas,True, puertas,[7337],False
spanishLLM,125,469,dev_gold,"Durante una cuarentena obligatoria, los trabajadores de las farmacias, de los supermercados y de la recolección de residuos seguían trabajando.","Durante una cuarentena obligatoria, los trabajadores de las farmacias, de los supermercados y de la recolección de residuos seguían", trabajando,trabajando,siendo,False, siendo,[2212],False
spanishLLM,126,47,dev_gold,Las charlas en vivo del Colectivo Gastronómico Uruguay se realizaron a través de Instagram.,Las charlas en vivo del Colectivo Gastronómico Uruguay se realizaron a través de, Instagram,Instagram,las,False, las,[321],False
spanishLLM,127,470,dev_gold,El PIT-CNT es una central sindical.,El PIT-CNT es una central, sindical,sindical,de,False, de,[258],False
spanishLLM,128,471,dev_gold,400.000 trabajadores se quedaron sin ingresos durante la emergencia sanitaria.,400.000 trabajadores se quedaron sin ingresos durante la emergencia, sanitaria,sanitaria,,False,.,[14],False
spanishLLM,129,472,dev_gold,Azucena Arbeleche fue ministra de Economía y Finanzas del Uruguay.,Azucena Arbeleche fue ministra de Economía y Finanzas del, Uruguay,Uruguay,฀,False, ฀,"[221, 15521]",False
spanishLLM,130,476,dev_gold,Las tareas de cuidados recaen mayoritariamente en las mujeres.,Las tareas de cuidados recaen mayoritariamente en las, mujeres,mujeres,zonas,False, zonas,[2518],False
spanishLLM,131,477,dev_gold,Las mujeres y niñas migrantes corren riesgo de ser capturadas por redes de trata.,Las mujeres y niñas migrantes corren riesgo de ser capturadas por redes de, trata,trata,mujeres,False, mujeres,[1664],False
spanishLLM,132,478,dev_gold,"Durante la pandemia, el uso del transporte público en Montevideo disminuyó más del 60% en el día de menor cantidad de pasajeros.","Durante la pandemia, el uso del transporte público en Montevideo disminuyó más del 60% en el día de menor cantidad de", pasajeros,pasajeros,"personas,",False," personas,","[1040, 12]",False
spanishLLM,133,481,dev_gold,La Intendencia de Montevideo comunicó la reducción de la frecuencia del transporte público y la extensión de la validez del boleto de una hora en media hora.,La Intendencia de Montevideo comunicó la reducción de la frecuencia del transporte público y la extensión de la validez del boleto de una hora en media, hora,hora,hora,True, hora,[2371],False
spanishLLM,134,486,dev_gold,"El médico estaba habilitado a solicitar la prueba de coronavirus a cualquier persona que tuviera fiebre y presentara síntomas respiratorios, aunque no hubiera tenido contacto con un caso confirmado de Covid-19.","El médico estaba habilitado a solicitar la prueba de coronavirus a cualquier persona que tuviera fiebre y presentara síntomas respiratorios, aunque no hubiera tenido contacto con un caso confirmado de", Covid-19,Covid-19,la,False, la,[276],False
spanishLLM,135,49,dev_gold,"El acuerdo para los obreros de la construcción en relación a la pandemia fue financiado en un 30% por el Estado, un 50% por las cámaras empresariales y un 20% por los trabajadores.","El acuerdo para los obreros de la construcción en relación a la pandemia fue financiado en un 30% por el Estado, un 50% por las cámaras empresariales y un 20% por los", trabajadores,trabajadores,trabajadores,True, trabajadores,[1760],False
spanishLLM,136,490,dev_gold,Alejandro Stipanicic fue presidente de ANCAP.,Alejandro Stipanicic fue presidente de, ANCAP,ANCAP,la,False, la,[276],False
spanishLLM,137,491,dev_gold,Pablo Caban fue gerente comercial de ALUR.,Pablo Caban fue gerente comercial de, ALUR,ALUR,la,False, la,[276],False
spanishLLM,138,493,dev_gold,El Frente Amplio propuso crear un subsidio de 16.300 pesos.,El Frente Amplio propuso crear un subsidio de 16.300, pesos,pesos,euros,False, euros,[1116],False
spanishLLM,139,494,dev_gold,El salario mínimo nacional fue de 16.300 pesos.,El salario mínimo nacional fue de 16.300, pesos,pesos,euros,False, euros.,"[1116, 14]",False
spanishLLM,140,496,dev_gold,"Se sugirió diferir los vencimientos de la DGI y BPS de micro, pequeñas y medianas empresas por 60 días.","Se sugirió diferir los vencimientos de la DGI y BPS de micro, pequeñas y medianas empresas por 60", días,días,000,False, 000,[4454],False
spanishLLM,141,500,dev_gold,El Tour de Francia 2020 atravesó la ciudad de Niza.,El Tour de Francia 2020 atravesó la ciudad de, Niza,Niza,"érvember,",False," érvember,","[221, 781, 86, 367, 967, 12]",False
spanishLLM,142,501,dev_gold,El Tour de Francia se corrió entre agosto y setiembre.,El Tour de Francia se corrió entre agosto y, setiembre,setiembre,septiembre,False, septiembre,[2071],False
spanishLLM,143,502,dev_gold,Egan Bernal ganó el Tour de Francia.,Egan Bernal ganó el Tour de, Francia,Francia,la,False, la,[276],False
spanishLLM,144,503,dev_gold,Christian Prudhomme fue director del Tour de Francia.,Christian Prudhomme fue director del Tour de, Francia,Francia,la,False, la,[276],False
spanishLLM,145,511,dev_gold,"Se debían realizar tests de diagnóstico de Covid-19 a todos los casos sospechosos, a todos los pacientes con sintomatología respiratoria, y especialmente a los trabajadores de la salud.","Se debían realizar tests de diagnóstico de Covid-19 a todos los casos sospechosos, a todos los pacientes con sintomatología respiratoria, y especialmente a los trabajadores de la", salud,salud,comunidad,False, comunidad,[1072],False
spanishLLM,146,513,dev_gold,La tasa de ataque es el número de personas que presentan una enfermedad en relación al número de personas expuestas a sufrirla en un período limitado y en condiciones especiales.,La tasa de ataque es el número de personas que presentan una enfermedad en relación al número de personas expuestas a sufrirla en un período limitado y en condiciones, especiales,especiales,de,False, de,[258],False
spanishLLM,147,515,dev_gold,"Las medidas necesarias para reducir la transmisión de Covid-19 incluyen el distanciamiento social, la cuarentena poblacional, el protocolo de aislamiento (cierre de escuelas, cancelación de eventos masivos, cierre de fronteras y exhortación a quedarse en domicilio), así como la reducción del riesgo individual y colectivo mediante el lavado de manos y toser en el pliegue del codo.","Las medidas necesarias para reducir la transmisión de Covid-19 incluyen el distanciamiento social, la cuarentena poblacional, el protocolo de aislamiento (cierre de escuelas, cancelación de eventos masivos, cierre de fronteras y exhortación a quedarse en domicilio), así como la reducción del riesgo individual y colectivo mediante el lavado de manos y toser en el pliegue del", codo,codo,mercado,False, mercado,[1368],False
spanishLLM,148,519,dev_gold,Los trabajadores informales no fueron contemplados en las medidas gubernamentales adoptadas durante la pandemia de COVID-19.,Los trabajadores informales no fueron contemplados en las medidas gubernamentales adoptadas durante la pandemia de, COVID-19,COVID-19,gripe,False, gripe,"[491, 8124]",False
spanishLLM,149,521,dev_gold,Alrededor de 400 funcionarios de la AUF fueron al seguro de paro.,Alrededor de 400 funcionarios de la AUF fueron al seguro de, paro,paro,vida,False, vida,[1118],False
spanishLLM,150,523,dev_gold,Ignacio Alonso fue presidente de la AUF.,Ignacio Alonso fue presidente de la, AUF,AUF,comisión,False, comisión,[586],False
spanishLLM,151,524,dev_gold,Óscar Tabárez fue director de la selección mayor de Uruguay.,Óscar Tabárez fue director de la selección mayor de, Uruguay,Uruguay,los,False, los,[310],False
spanishLLM,152,528,dev_gold,Lombardía es la región italiana que fue más afectada por el Coronavirus.,Lombardía es la región italiana que fue más afectada por el, Coronavirus,Coronavirus,conflicto,False, conflicto,[4404],False
spanishLLM,153,53,dev_gold,El artículo 7 de la Constitución protege la libertad de las personas.,El artículo 7 de la Constitución protege la libertad de las, personas,personas,personas,True, personas,[1040],False
spanishLLM,154,531,dev_gold,El preacuerdo impulsado para los trabajadores del SUNCA buscaba comenzar con una licencia especial por diez días hábiles.,El preacuerdo impulsado para los trabajadores del SUNCA buscaba comenzar con una licencia especial por diez días, hábiles,hábiles,?,False,?,[31],False
spanishLLM,155,535,dev_gold,El SUNCA continuó trabajando en el preacuerdo luego de recibir la negativa del Ministerio de Trabajo y Seguridad Social.,El SUNCA continuó trabajando en el preacuerdo luego de recibir la negativa del Ministerio de Trabajo y Seguridad, Social,Social,฀rabajo,False, ฀rabajo,"[221, 15521, 82, 483, 428]",False
spanishLLM,156,537,dev_gold,El primer fallecido por coronavirus en Uruguay fue una persona de 71 años.,El primer fallecido por coronavirus en Uruguay fue una persona de 71, años,años,años,True, años,[783],False
spanishLLM,157,538,dev_gold,El teléfono de apoyo para violencia de género es 0800 41 41 (o * 4141 por celular).,El teléfono de apoyo para violencia de género es 0800 41 41 (o * 4141 por, celular),celular),100),False, 100),"[2593, 9]",False
spanishLLM,158,54,dev_gold,Las elecciones departamentales aplazadas por la pandemia de Covid-19 estaban previstas para mayo.,Las elecciones departamentales aplazadas por la pandemia de Covid-19 estaban previstas para, mayo,mayo,el,False, el,[288],False
spanishLLM,159,540,dev_gold,Mónica Bottero fue presidenta del Instituto Nacional de las Mujeres.,Mónica Bottero fue presidenta del Instituto Nacional de las, Mujeres,Mujeres,personas,False, personas,[1040],False
spanishLLM,160,546,dev_gold,El Mides es el Ministerio de Desarrollo Social.,El Mides es el Ministerio de Desarrollo, Social,Social,?,False,?,[31],False
spanishLLM,161,548,dev_gold,Los refugios nocturnos funcionaban desde las 18.00 hasta las 9.00.,Los refugios nocturnos funcionaban desde las 18.00 hasta las, 9.00,9.00,18.00,False, 18.00,"[1211, 14, 370]",False
spanishLLM,162,549,dev_gold,Pablo Bartol fue el Ministro de Desarrollo Social de Uruguay.,Pablo Bartol fue el Ministro de Desarrollo Social de, Uruguay,Uruguay,`a,False, `a,"[221, 64, 65]",False
spanishLLM,163,550,dev_gold,El colectivo 'Ni Todo Está Perdido (Nitep)' es un colectivo integrado por personas que viven en la calle.,El colectivo 'Ni Todo Está Perdido (Nitep)' es un colectivo integrado por personas que viven en la, calle,calle,"comunidad,",False," comunidad,","[1072, 12]",False
spanishLLM,164,553,dev_gold,La OMS es la Organización Mundial de la Salud.,La OMS es la Organización Mundial de la, Salud,Salud,œnica฀,False, œnica฀,"[221, 130, 242, 78, 525, 15521]",False
spanishLLM,165,555,dev_gold,La demanda de servicios de salud aumenta en los inviernos.,La demanda de servicios de salud aumenta en los, inviernos,inviernos,países,False, países,[846],False
spanishLLM,166,556,dev_gold,El Puente San Martín es el paso fronterizo entre Fray Bentos y Gualeguaychú.,El Puente San Martín es el paso fronterizo entre Fray Bentos y, Gualeguaychú,Gualeguaychú,�,False, �,"[221, 10391]",False
spanishLLM,167,557,dev_gold,El primer caso positivo de COVID-19 en el puente San Martín es un camionero argentino.,El primer caso positivo de COVID-19 en el puente San Martín es un camionero, argentino,argentino,ice,False, ice,"[221, 1927]",False
spanishLLM,168,56,dev_gold,El artículo 331 literal D de la Constitución es el mecanismo constitucional para re-programar las elecciones obligatorias.,El artículo 331 literal D de la Constitución es el mecanismo constitucional para re-programar las elecciones, obligatorias,obligatorias,presidenciales,False, presidenciales,[16106],False
spanishLLM,169,566,dev_gold,Los primeros casos de Coronavirus en Uruguay se registraron en marzo de 2020.,Los primeros casos de Coronavirus en Uruguay se registraron en marzo de, 2020,2020,"1994,",False," 1994,","[3984, 12]",False
spanishLLM,170,568,dev_gold,"Se desaconsejó la asistencia a los velatorios de las personas que conformaban la población de riesgo, así como de quienes presentaban síntomas o tenían un riesgo mayor de haber contraído la enfermedad.","Se desaconsejó la asistencia a los velatorios de las personas que conformaban la población de riesgo, así como de quienes presentaban síntomas o tenían un riesgo mayor de haber contraído la", enfermedad,enfermedad,enfermedad,True, enfermedad.,"[3505, 14]",False
spanishLLM,171,569,dev_gold,El ministerio propuso que los directores de las funerarias ofrecieran una transmisión en vivo.,El ministerio propuso que los directores de las funerarias ofrecieran una transmisión en, vivo,vivo,el,False, el,[288],False
spanishLLM,172,571,dev_gold,Ruben Melogno es el vocalista de Psiglo.,Ruben Melogno es el vocalista de, Psiglo,Psiglo,la,False, la,[276],False
spanishLLM,173,572,dev_gold,Ruben Melogno murió de Covid-19.,Ruben Melogno murió de, Covid-19,Covid-19,cáncer,False, cáncer,[5348],False
spanishLLM,174,573,dev_gold,Italia fue el país europeo con el mayor número de víctimas por Coronavirus.,Italia fue el país europeo con el mayor número de víctimas por, Coronavirus,Coronavirus,la,False, la,[276],False
spanishLLM,175,584,dev_gold,El tiempo de funcionamiento de estos refugios dependió de la evolución de la emergencia sanitaria.,El tiempo de funcionamiento de estos refugios dependió de la evolución de la emergencia, sanitaria,sanitaria,de,False, de,[258],False
spanishLLM,176,590,dev_gold,La pérdida de ingresos globales estimada a consecuencia de la crisis de la pandemia fue de 2 billones de dólares.,La pérdida de ingresos globales estimada a consecuencia de la crisis de la pandemia fue de 2 billones de, dólares,dólares,"dólares,",False," dólares,","[2569, 12]",False
spanishLLM,177,591,dev_gold,25 millones de empleos estuvieron en riesgo a nivel global debido a la pandemia.,25 millones de empleos estuvieron en riesgo a nivel global debido a la, pandemia,pandemia,falta,False, falta,[2389],False
spanishLLM,178,597,dev_gold,Rodolfo Reich fue periodista de La Nación.,Rodolfo Reich fue periodista de La, Nación,Nación,cuerdas,False,cuerdas,"[4397, 501]",False
spanishLLM,179,6,dev_gold,Pablo da Silveira fue ministro de Educación y Cultura.,Pablo da Silveira fue ministro de Educación y, Cultura,Cultura,la,False, la,[276],False
spanishLLM,180,601,dev_gold,Guido Manini Ríos fue líder de Cabildo Abierto.,Guido Manini Ríos fue líder de Cabildo, Abierto,Abierto,!,False,!,[1],False
spanishLLM,181,603,dev_gold,La curva de casos de coronavirus representa la cantidad de casos registrados en cada país.,La curva de casos de coronavirus representa la cantidad de casos registrados en cada, país,país,caso,False, caso,[925],False
spanishLLM,182,606,dev_gold,Los primeros casos de Covid-19 en América del Sur comenzaron a comienzos de marzo.,Los primeros casos de Covid-19 en América del Sur comenzaron a comienzos de, marzo,marzo,mb,False, mb,"[221, 8770]",False
spanishLLM,183,608,dev_gold,La Comisión Académica de Posgrados depende de la Universidad de la República.,La Comisión Académica de Posgrados depende de la Universidad de la, República,República,ombudsman?,False, ombudsman?,"[221, 1466, 787, 83, 633, 31]",False
spanishLLM,184,61,dev_gold,La emergencia sanitaria se declaró en Uruguay en marzo.,La emergencia sanitaria se declaró en Uruguay en, marzo,marzo,el,False, el,[288],False
spanishLLM,185,612,dev_gold,La Agencia Nacional de Investigación e Innovación financió los proyectos para los kits RT-PCR.,La Agencia Nacional de Investigación e Innovación financió los proyectos para los kits, RT-PCR,RT-PCR,de,False, de,[258],False
spanishLLM,186,614,dev_gold,Los Juegos Olímpicos se jugaron en Japón.,Los Juegos Olímpicos se jugaron en, Japón,Japón,el,False, el,[288],False
spanishLLM,187,615,dev_gold,Shinzo Abe fue presidente de Japón.,Shinzo Abe fue presidente de, Japón,Japón,la,False, la,[276],False
spanishLLM,188,616,dev_gold,Thomas Bach fue el presidente del Comité Olímpico Internacional.,Thomas Bach fue el presidente del Comité Olímpico, Internacional,Internacional,฀),False, ฀),"[221, 15521, 9]",False
spanishLLM,189,617,dev_gold,Los Juegos Olímpicos de Tokio se realizaron en 2021.,Los Juegos Olímpicos de Tokio se realizaron en, 2021,2021,??,False, ??,"[221, 4134]",False
spanishLLM,190,618,dev_gold,Christophe de Kepper fue el director general del Comité Olímpico Internacional.,Christophe de Kepper fue el director general del Comité Olímpico, Internacional,Internacional,฀,False, ฀,"[221, 15521]",False
spanishLLM,191,620,dev_gold,Margaret Harris fue la vocera de la OMS.,Margaret Harris fue la vocera de la, OMS,OMS,comisión,False, comisión,[586],False
spanishLLM,192,621,dev_gold,El coronavirus se detectó por primera vez en la ciudad china de Wuhan.,El coronavirus se detectó por primera vez en la ciudad china de, Wuhan,Wuhan,la,False, la,[276],False
spanishLLM,193,624,dev_gold,Giuseppe Conte fue presidente de Italia.,Giuseppe Conte fue presidente de, Italia,Italia,la,False, la,[276],False
spanishLLM,194,627,dev_gold,En cerca de 100 escuelas hubo que contratar nuevos auxiliares.,En cerca de 100 escuelas hubo que contratar nuevos, auxiliares,auxiliares,estudiantes,False, estudiantes,[4434],False
spanishLLM,195,63,dev_gold,Las elecciones departamentales estuvieron previstas para el 10 de mayo.,Las elecciones departamentales estuvieron previstas para el 10 de, mayo,mayo,diciembre,False, diciembre,[1362],False
spanishLLM,196,633,dev_gold,Pinduoduo es una popular plataforma de comercio electrónico de compras en grupo.,Pinduoduo es una popular plataforma de comercio electrónico de compras en, grupo,grupo,"línea,",False," línea,","[2575, 12]",False
spanishLLM,197,637,dev_gold,El máximo de personas por grupo en los pubs y restaurantes de Irlanda era de seis personas.,El máximo de personas por grupo en los pubs y restaurantes de Irlanda era de seis, personas,personas,meses,False, meses,[1758],False
spanishLLM,198,641,dev_gold,Enrique Ruiz Escudero fue el ministro de salud español.,Enrique Ruiz Escudero fue el ministro de salud, español,español,",",False,",",[12],False
spanishLLM,199,644,dev_gold,Pedro Sánchez fue presidente de España,Pedro Sánchez fue presidente de, España,España,la,False, la,[276],False
spanishLLM,200,646,dev_gold,Las elecciones departamentales se quisieron posponer por el avance del nuevo coronavirus.,Las elecciones departamentales se quisieron posponer por el avance del nuevo, coronavirus,coronavirus,"gobierno,",False," gobierno,","[1107, 12]",False
spanishLLM,201,647,dev_gold,El diputado Iván Posada perteneció al Partido Independiente.,El diputado Iván Posada perteneció al Partido, Independiente,Independiente,de,False, de,[258],False
spanishLLM,202,648,dev_gold,Beatriz Argimón fue vicepresidenta de Uruguay.,Beatriz Argimón fue vicepresidenta de, Uruguay,Uruguay,la,False, la,[276],False
spanishLLM,203,649,dev_gold,Wilfredo Penco emitió un comunicado como vicepresidente de la Corte Electoral.,Wilfredo Penco emitió un comunicado como vicepresidente de la Corte, Electoral,Electoral,"chica,",False,"chica,","[374, 525, 12]",False
spanishLLM,204,650,dev_gold,El primer caso de covid en China se dio a finales de 2019.,El primer caso de covid en China se dio a finales de, 2019,2019,"1985,",False," 1985,","[6569, 12]",False
spanishLLM,205,652,dev_gold,China controló la expansión del coronavirus.,China controló la expansión del, coronavirus,coronavirus,virus,False, virus,[8234],False
spanishLLM,206,653,dev_gold,Varios millones de personas se confinaron en China debido al brote de COVID-19.,Varios millones de personas se confinaron en China debido al brote de, COVID-19,COVID-19,enfermedades,False, enfermedades,[4888],False
spanishLLM,207,66,dev_gold,El artículo 77 determina la fecha de las elecciones departamentales.,El artículo 77 determina la fecha de las elecciones, departamentales,departamentales,de,False, de,[258],False
spanishLLM,208,660,dev_gold,"El documento que recoge los resultados del estudio realizado por el grupo de investigación de género se llama 'La romantización del ""quédate en casa""'.","El documento que recoge los resultados del estudio realizado por el grupo de investigación de género se llama 'La romantización del ""quédate en"," casa""'","casa""'",la,False, la,[276],False
spanishLLM,209,666,dev_gold,La distancia a mantener entre personas saludables para evitar la propagación del virus era de más de dos metros.,La distancia a mantener entre personas saludables para evitar la propagación del virus era de más de dos, metros,metros,años,False, años,[783],False
spanishLLM,210,670,dev_gold,Gustavo Grecco fue presidente del SMU.,Gustavo Grecco fue presidente del, SMU,SMU,comité,False, comité,[1176],False
spanishLLM,211,671,dev_gold,El Sindicato Médico del Uruguay fue el primero en pedir el aislamiento masivo.,El Sindicato Médico del Uruguay fue el primero en pedir el aislamiento, masivo,masivo,de,False, de,[258],False
spanishLLM,212,672,dev_gold,Guido Manini Ríos fue el líder del partido Cabildo Abierto.,Guido Manini Ríos fue el líder del partido Cabildo, Abierto,Abierto,}?,False, }?,"[221, 93, 31]",False
spanishLLM,213,673,dev_gold,Gustavo Ribero fue el vocero del SUAS.,Gustavo Ribero fue el vocero del, SUAS,SUAS,gobierno,False, gobierno,[1107],False
spanishLLM,214,674,dev_gold,El coronavirus se conoce desde el año 1960.,El coronavirus se conoce desde el año, 1960,1960,2000,False, 2000,[2058],False
spanishLLM,215,677,dev_gold,Larry David nació en 1947.,Larry David nació en, 1947,1947,el,False, el,[288],False
spanishLLM,216,678,dev_gold,Larry David nació en Brooklyn.,Larry David nació en, Brooklyn,Brooklyn,el,False, el,[288],False
spanishLLM,217,680,dev_gold,José Luis Satdjian fue subsecretario del MSP.,José Luis Satdjian fue subsecretario del, MSP,MSP,ministerio,False, ministerio,[3687],False
spanishLLM,218,681,dev_gold,José Luis Satdjian fue subsecretario del MSP.,José Luis Satdjian fue subsecretario del, MSP,MSP,ministerio,False, ministerio,[3687],False
spanishLLM,219,682,dev_gold,Un médico con covid asintomático debía hacer 14 días de cuarentena.,Un médico con covid asintomático debía hacer 14 días de, cuarentena,cuarentena,trabajo,False, trabajo,[779],False
spanishLLM,220,683,dev_gold,Se consideraba 'contacto cercano' a aquella persona que estuviera a menos de dos metros de una persona confirmada como covid positivo durante un tiempo de diez minutos.,Se consideraba 'contacto cercano' a aquella persona que estuviera a menos de dos metros de una persona confirmada como covid positivo durante un tiempo de diez, minutos,minutos,minutos,True, minutos.,"[3319, 14]",False
spanishLLM,221,690,dev_gold,El Sindicato Médico del Uruguay y el ex presidente Tabaré Vázquez propusieron la cuarentena obligatoria.,El Sindicato Médico del Uruguay y el ex presidente Tabaré Vázquez propusieron la cuarentena, obligatoria,obligatoria,�ndice฀,False, �ndice฀,"[221, 10391, 78, 3442, 15521]",False
spanishLLM,222,692,dev_gold,Uruguay pudo realizar 200 tests por día.,Uruguay pudo realizar 200 tests por, día,día,cada,False, cada,[921],False
spanishLLM,223,697,dev_gold,Christian Di Candia fue intendente de Montevideo.,Christian Di Candia fue intendente de, Montevideo,Montevideo,฀,False, ฀,"[221, 15521]",False
spanishLLM,224,7,dev_gold,Pablo Mieres fue ministro de Trabajo y Seguridad Social.,Pablo Mieres fue ministro de Trabajo y Seguridad, Social,Social,฀,False, ฀,"[221, 15521]",False
spanishLLM,225,707,dev_gold,Se estimó que el número de personas que padecen hambre aguda aumentaría en 130 millones a causa de la pandemia de covid-19.,Se estimó que el número de personas que padecen hambre aguda aumentaría en 130 millones a causa de la pandemia de, covid-19,covid-19,gripe,False, gripe,"[491, 8124]",False
spanishLLM,226,708,dev_gold,Arif Husain fue jefe de la WFP.,Arif Husain fue jefe de la, WFP,WFP,sección,False, sección,[2685],False
spanishLLM,227,712,dev_gold,El gobierno de Estados Unidos planeó tres fases para reabrir el país tras la cuarentena.,El gobierno de Estados Unidos planeó tres fases para reabrir el país tras la, cuarentena,cuarentena,"guerra,",False," guerra,","[2136, 12]",False
spanishLLM,228,713,dev_gold,Estaba previsto avanzar de una etapa a otra cada 14 días.,Estaba previsto avanzar de una etapa a otra cada 14, días,días,"años,",False," años,","[783, 12]",False
spanishLLM,229,719,dev_gold,La duración del seguro de paro para los trabajadores de COPSA fue de cuatro meses.,La duración del seguro de paro para los trabajadores de COPSA fue de cuatro, meses,meses,años,False, años,[783],False
spanishLLM,230,724,dev_gold,"En Israel, los niños mayores de 12 años podían vacunarse en horario escolar.","En Israel, los niños mayores de 12 años podían vacunarse en horario", escolar,escolar,de,False, de,[258],False
spanishLLM,231,725,dev_gold,"En Israel, cuatro de cada diez personas de entre 12 y 15 años tenían al menos una dosis de la vacuna contra el COVID-19.","En Israel, cuatro de cada diez personas de entre 12 y 15 años tenían al menos una dosis de la vacuna contra el", COVID-19,COVID-19,vih/sida),False, vih/sida),"[5870, 15, 7412, 9]",False
spanishLLM,232,726,dev_gold,Claudio Moroni fue ministro de Trabajo de Argentina.,Claudio Moroni fue ministro de Trabajo de, Argentina,Argentina,"çamalí,",False," çamalí,","[221, 5102, 319, 282, 293, 12]",False
spanishLLM,233,728,dev_gold,Las medidas del gobierno argentino para pagar la mitad del sueldo de los trabajadores del sector privado representaron el 3% del PIB.,Las medidas del gobierno argentino para pagar la mitad del sueldo de los trabajadores del sector privado representaron el 3% del, PIB,PIB,salario,False, salario,[5549],False
spanishLLM,234,729,dev_gold,Ginés González García fue ministro de Salud.,Ginés González García fue ministro de, Salud,Salud,relaciones,False, relaciones,[2334],False
spanishLLM,235,731,dev_gold,Yamandú Orsi fue candidato a la Intendencia de Canelones por el Frente Amplio.,Yamandú Orsi fue candidato a la Intendencia de Canelones por el Frente, Amplio,Amplio,ísta,False, ísta,"[221, 514, 301]",False
spanishLLM,236,733,dev_gold,Guido Manini Ríos representó a Cabildo Abierto.,Guido Manini Ríos representó a Cabildo, Abierto,Abierto,!,False,!,[1],False
spanishLLM,237,737,dev_gold,Daniel Salinas fue ministro de Salud Pública.,Daniel Salinas fue ministro de Salud, Pública,Pública,í!,False,í!,"[293, 1]",False
spanishLLM,238,738,dev_gold,El laboratorio del MSP era capaz de procesar entre 80 y 100 muestras diarias.,El laboratorio del MSP era capaz de procesar entre 80 y 100 muestras, diarias,diarias,de,False, de,[258],False
spanishLLM,239,74,dev_gold,Iuli Edelstein fue presidente del Parlamento Israelí.,Iuli Edelstein fue presidente del Parlamento, Israelí,Israelí,ilares,False,ilares,[4314],False
spanishLLM,240,744,dev_gold,Baviera fue el estado con más casos de Covid-19.,Baviera fue el estado con más casos de, Covid-19,Covid-19,"enfermedad,",False," enfermedad,","[3505, 12]",False
spanishLLM,241,746,dev_gold,Wuhan es la capital de la provincia de Hubei.,Wuhan es la capital de la provincia de, Hubei,Hubei,la,False, la,[276],False
spanishLLM,242,75,dev_gold,La capital de Israel es Jerusalén.,La capital de Israel es, Jerusalén,Jerusalén,una,False, una,[361],False
spanishLLM,243,753,dev_gold,La VPN fue una de las herramientas informáticas más utilizadas para trabajar a distancia.,La VPN fue una de las herramientas informáticas más utilizadas para trabajar a, distancia,distancia,través,False, través,[1814],False
spanishLLM,244,754,dev_gold,Vestirse de trabajo es una actividad que se recomienda para no distraerse al teletrabajar.,Vestirse de trabajo es una actividad que se recomienda para no distraerse al, teletrabajar,teletrabajar,trabajo,False, trabajo.,"[779, 14]",False
spanishLLM,245,757,dev_gold,Slack es una aplicación de chat.,Slack es una aplicación de, chat,chat,la,False, la,[276],False
spanishLLM,246,76,dev_gold,Benny Gantz fue el líder del partido Azul y Blanco.,Benny Gantz fue el líder del partido Azul y, Blanco,Blanco,i?,False,i?,"[73, 31]",False
spanishLLM,247,760,dev_gold,"Las medidas sanitarias que se debían respetar durante la caravana del 1 de mayo de 2020 incluían, por ejemplo, que solo pudiera ir una persona por moto o bicicleta, no más de dos por auto (una persona adelante y otra atrás) y todo el mundo con tapaboca.","Las medidas sanitarias que se debían respetar durante la caravana del 1 de mayo de 2020 incluían, por ejemplo, que solo pudiera ir una persona por moto o bicicleta, no más de dos por auto (una persona adelante y otra atrás) y todo el mundo con", tapaboca,tapaboca,un,False, un,[303],False
spanishLLM,248,764,dev_gold,El Colegio Médico del Uruguay invirtió en la compra de hasta 2.000 kits de diagnóstico.,El Colegio Médico del Uruguay invirtió en la compra de hasta 2.000 kits de, diagnóstico,diagnóstico,"agua,",False," agua,","[1878, 12]",False
spanishLLM,249,765,dev_gold,La Red de Costura Solidaria entregó 1.235 tapabocas en el Hospital Maciel.,La Red de Costura Solidaria entregó 1.235 tapabocas en el Hospital, Maciel,Maciel,istas,False,istas,[1578],False
spanishLLM,250,768,dev_gold,En la ciudad italiana de Magenta se denunció discriminación al momento de realizar tests de Covid.,En la ciudad italiana de Magenta se denunció discriminación al momento de realizar tests de, Covid,Covid,tests,False, tests,"[2566, 1788]",False
spanishLLM,251,770,dev_gold,Nicola Mumoli fue jerarca del hospital de Magenta.,Nicola Mumoli fue jerarca del hospital de, Magenta,Magenta,la,False, la,[276],False
spanishLLM,252,771,dev_gold,Lombardía fue una de las regiones de Italia más afectadas por el Covid.,Lombardía fue una de las regiones de Italia más afectadas por el, Covid,Covid,desempleo,False, desempleo,[6284],False
spanishLLM,253,772,dev_gold,Tedros Adhanom Ghebreyesus fue director general de la Organización Mundial de la Salud.,Tedros Adhanom Ghebreyesus fue director general de la Organización Mundial de la, Salud,Salud,undidad,False, undidad,"[221, 9649, 468]",False
spanishLLM,254,80,dev_gold,"En Israel, debían pasar más de cinco meses desde la segunda dosis para recibir la vacuna de refuerzo.","En Israel, debían pasar más de cinco meses desde la segunda dosis para recibir la vacuna de", refuerzo,refuerzo,la,False, la,[276],False
spanishLLM,255,81,dev_gold,"Más de 1,2 millones de personas en Israel recibieron la tercera dosis contra el covid.","Más de 1,2 millones de personas en Israel recibieron la tercera dosis contra el", covid,covid,cáncer,False, cáncer,[5348],False
spanishLLM,256,83,dev_gold,"Las restricciones en Israel durante la cuarta ola de covid fueron el certificado de vacunación para acceder a determinados espacios y la limitación de personas congregadas, incluido en centros comerciales.","Las restricciones en Israel durante la cuarta ola de covid fueron el certificado de vacunación para acceder a determinados espacios y la limitación de personas congregadas, incluido en centros", comerciales,comerciales,de,False, de,[258],False
spanishLLM,257,87,dev_gold,Las empresas más afectadas por la pandemia fueron las microempresas y las empresas del sector vinculado a los alojamientos y servicios de comida y comercio.,Las empresas más afectadas por la pandemia fueron las microempresas y las empresas del sector vinculado a los alojamientos y servicios de comida y, comercio,comercio,comida,False, comida.,"[5260, 14]",False
spanishLLM,258,9,dev_gold,El PIT-CNT publicó un video en Facebook.,El PIT-CNT publicó un video en, Facebook,Facebook,un,False, un,[303],False
spanishLLM,259,90,dev_gold,Las medidas anunciadas por el gobierno que más implementaron las empresas fueron el seguro de paro flexible y el aplazamiento de aportes tributarios.,Las medidas anunciadas por el gobierno que más implementaron las empresas fueron el seguro de paro flexible y el aplazamiento de aportes, tributarios,tributarios,de,False, de,[258],False
spanishLLM,260,99,dev_gold,"Históricamente, seis de cada diez empresas han enviado empleados al seguro de desempleo.","Históricamente, seis de cada diez empresas han enviado empleados al seguro de", desempleo,desempleo,"vida,",False," vida,","[1118, 12]",False
spanishLLM,261,10,test_gold,INAC quiere decir Instituto Nacional de Carnes.,INAC quiere decir Instituto Nacional de, Carnes,Carnes,฀฀฀฀฀฀฀฀฀฀฀฀฀฀฀฀฀฀฀฀฀฀฀฀฀฀฀฀฀฀฀฀,False,฀฀฀฀฀฀฀฀฀฀฀฀฀฀฀฀฀฀฀฀฀฀฀฀฀฀฀฀฀฀฀฀,"[15521, 15521, 15521, 15521, 15521, 15521, 15521, 15521, 15521, 15521, 15521, 15521, 15521, 15521, 15521, 15521, 15521, 15521, 15521, 15521, 15521, 15521, 15521, 15521, 15521, 15521, 15521, 15521, 15521, 15521, 15521, 15521]",True
spanishLLM,262,102,test_gold,El Comité Olímpico Nacional Italiano (CONI) decidió suspender el deporte en Italia.,El Comité Olímpico Nacional Italiano (CONI) decidió suspender el deporte en, Italia,Italia,el,False, el,[288],False
spanishLLM,263,109,test_gold,El período de incubación del virus está en un rango que va de dos a diez días.,El período de incubación del virus está en un rango que va de dos a diez, días,días,años,False, años.,"[783, 14]",False
spanishLLM,264,11,test_gold,Pablo Bartol fue ministro de Desarrollo Social.,Pablo Bartol fue ministro de Desarrollo, Social,Social,",",False,",",[12],False
spanishLLM,265,110,test_gold,El coronavirus era muy similar a la gripe.,El coronavirus era muy similar a la, gripe,gripe,de,False, de,[258],False
spanishLLM,266,111,test_gold,El segundo caso positivo de COVID-19 en Liverpool fue el preparador físico Gastón Mañaka.,El segundo caso positivo de COVID-19 en Liverpool fue el preparador físico Gastón, Mañaka,Mañaka,ico,False,ico,[608],False
spanishLLM,267,112,test_gold,El segundo caso positivo de COVID-19 en Liverpool estuvo en cuarentena durante 7 días.,El segundo caso positivo de COVID-19 en Liverpool estuvo en cuarentena durante 7, días,días,años,False, años,[783],False
spanishLLM,268,114,test_gold,Algunos medios tuvieron una actitud xenofóbica hacia los chinos.,Algunos medios tuvieron una actitud xenofóbica hacia los, chinos,chinos,"niños,",False," niños,","[1730, 12]",False
spanishLLM,269,115,test_gold,"El principal motivo de desinformación sobre el coronavirus son las noticias morbosas, inexactas o lisa y llanamente inventadas.","El principal motivo de desinformación sobre el coronavirus son las noticias morbosas, inexactas o lisa y llanamente", inventadas,inventadas,inusuales,False, inusuales.,"[314, 372, 2208, 14]",False
spanishLLM,270,119,test_gold,El primer caso de Covid-19 en Argentina fue un hombre de 43 años que regresó a Argentina desde el norte de Italia.,El primer caso de Covid-19 en Argentina fue un hombre de 43 años que regresó a Argentina desde el norte de, Italia,Italia,la,False, la,[276],False
spanishLLM,271,12,test_gold,Ignacio Elgue fue el presidente del Instituto Nacional de Alimentación.,Ignacio Elgue fue el presidente del Instituto Nacional de, Alimentación,Alimentación,la,False, la,[276],False
spanishLLM,272,120,test_gold,El primer caso de Covid en Chile fue un médico de 33 años.,El primer caso de Covid en Chile fue un médico de 33, años,años,"años,",False," años,","[783, 12]",False
spanishLLM,273,122,test_gold,El primer caso de Covid en Chile provino del sudeste asiático.,El primer caso de Covid en Chile provino del sudeste, asiático,asiático,de,False, de,[258],False
spanishLLM,274,123,test_gold,El primer país donde se detectaron casos de Covid-19 fue China.,El primer país donde se detectaron casos de Covid-19 fue, China,China,el,False, el,[288],False
spanishLLM,275,125,test_gold,Ginés González García fue el Ministro de Salud de Argentina.,Ginés González García fue el Ministro de Salud de, Argentina,Argentina,"alud,",False," alud,","[221, 282, 787, 12]",False
spanishLLM,276,126,test_gold,Miguel Asqueta fue director general de Salud.,Miguel Asqueta fue director general de, Salud,Salud,la,False, la,[276],False
spanishLLM,277,127,test_gold,Los primeros casos de Covid en el sudeste asiático aparecieron en enero de 2020.,Los primeros casos de Covid en el sudeste asiático aparecieron en enero de, 2020,2020,1996,False, 1996.,"[3894, 14]",False
spanishLLM,278,128,test_gold,Jaime Mañalich fue Ministro de Salud de Chile.,Jaime Mañalich fue Ministro de Salud de, Chile,Chile,"alud,",False," alud,","[221, 282, 787, 12]",False
spanishLLM,279,129,test_gold,El CAF puso a disposición fondos para atender problemáticas relacionadas con el covid en América Latina.,El CAF puso a disposición fondos para atender problemáticas relacionadas con el covid en América, Latina,Latina,?,False,?,[31],False
spanishLLM,280,138,test_gold,"El Consejo Superior de Deportes de España, la Liga y la Real Federación Española de Fútbol son los anunciantes de la vuelta del fútbol en España.","El Consejo Superior de Deportes de España, la Liga y la Real Federación Española de Fútbol son los anunciantes de la vuelta del fútbol en", España,España,฀a฀a฀a฀,False, ฀a฀a฀a฀,"[221, 15521, 65, 15521, 65, 15521, 65, 15521]",False
spanishLLM,281,140,test_gold,Irene Lozano fue presidenta del Consejo Superior de Deportes.,Irene Lozano fue presidenta del Consejo Superior de, Deportes,Deportes,฀,False, ฀,"[221, 15521]",False
spanishLLM,282,143,test_gold,El Palacio de Viana está ubicado en Madrid.,El Palacio de Viana está ubicado en, Madrid,Madrid,una,False, una,[361],False
spanishLLM,283,147,test_gold,Las economías de América del Norte y Asia fueron las más afectadas por la pandemia.,Las economías de América del Norte y Asia fueron las más afectadas por la, pandemia,pandemia,crisis,False, crisis,[3298],False
spanishLLM,284,148,test_gold,Se esperaban caídas superiores al 30% en el comercio local de América Latina.,Se esperaban caídas superiores al 30% en el comercio local de América, Latina,Latina,),False,).,[691],False
spanishLLM,285,150,test_gold,"Los sectores económicos más afectados por la pandemia de COVID-19 fueron la construcción, el comercio, la hotelería y la gastronomía.","Los sectores económicos más afectados por la pandemia de COVID-19 fueron la construcción, el comercio, la hotelería y la", gastronomía,gastronomía,industria,False, industria,[2556],False
spanishLLM,286,154,test_gold,El undécimo fallecido por coronavirus en Uruguay tenía 80 años.,El undécimo fallecido por coronavirus en Uruguay tenía 80, años,años,años,True, años,[783],False
spanishLLM,287,160,test_gold,Tedros Adhanom Ghebreyesus fue director general de la OMS.,Tedros Adhanom Ghebreyesus fue director general de la, OMS,OMS,agencia,False, agencia,[4048],False
spanishLLM,288,164,test_gold,China fue el país más afectado por el COVID-19.,China fue el país más afectado por el, COVID-19,COVID-19,cáncer,False, cáncer,[5348],False
spanishLLM,289,165,test_gold,Italia fue el segundo país más afectado por el Covid.,Italia fue el segundo país más afectado por el, Covid,Covid,accidente,False, accidente,[5269],False
spanishLLM,290,167,test_gold,El Covid empezó en la ciudad china de Wuhan.,El Covid empezó en la ciudad china de, Wuhan,Wuhan,la,False, la,[276],False
spanishLLM,291,171,test_gold,Jorge Quian fue ministro de Salud.,Jorge Quian fue ministro de, Salud,Salud,la,False, la,[276],False
spanishLLM,292,172,test_gold,Lucía Alonso fue directora de Epidemiología.,Lucía Alonso fue directora de, Epidemiología,Epidemiología,la,False, la,[276],False
spanishLLM,293,173,test_gold,"Los principales síntomas de Covid eran fiebre, tos y dificultad para respirar.","Los principales síntomas de Covid eran fiebre, tos y dificultad para", respirar,respirar,"respirar,",False," respirar,","[15524, 12]",False
spanishLLM,294,174,test_gold,Giovanni Escalante fue representante de la OPS en Uruguay.,Giovanni Escalante fue representante de la OPS en, Uruguay,Uruguay,฀,False, ฀,"[221, 15521]",False
spanishLLM,295,181,test_gold,Sao Paulo fue el estado de Brasil con más casos de Covid.,Sao Paulo fue el estado de Brasil con más casos de, Covid,Covid,desempleo,False, desempleo,[6284],False
spanishLLM,296,184,test_gold,En Brasil se administró la vacuna Sinovac.,En Brasil se administró la vacuna, Sinovac,Sinovac,contra,False, contra,[702],False
spanishLLM,297,186,test_gold,"Brasil fue uno de los países con más casos de COVID-19 en el mundo, junto a Estados Unidos y la India.","Brasil fue uno de los países con más casos de COVID-19 en el mundo, junto a Estados Unidos y la", India,India,฀,False,฀,[15521],False
spanishLLM,298,193,test_gold,Juan Carlos Blanco fue asistente técnico de Jorge Giordano.,Juan Carlos Blanco fue asistente técnico de Jorge, Giordano,Giordano,ción,False,ción,[352],False
spanishLLM,299,196,test_gold,El riesgo de expansión del Covid-19 aumentó.,El riesgo de expansión del Covid-19, aumentó,aumentó,),False,),[9],False
spanishLLM,300,2,test_gold,Los jugadores de Nacional estuvieron aislados por una semana.,Los jugadores de Nacional estuvieron aislados por una, semana,semana,"parte,",False," parte,","[721, 12]",False
spanishLLM,301,20,test_gold,Los dirigentes del SUNCA se reunieron con los representantes de las cámaras empresariales.,Los dirigentes del SUNCA se reunieron con los representantes de las cámaras, empresariales,empresariales,de,False, de,[258],False
spanishLLM,302,200,test_gold,El primer caso de Covid-19 en el África Subsahariana se detectó.,El primer caso de Covid-19 en el África Subsahariana se, detectó,detectó,refiere,False, refiere,[2404],False
spanishLLM,303,201,test_gold,Brasil es el primer país de Latinoamérica en haber presentado un caso de COVID-19.,Brasil es el primer país de Latinoamérica en haber presentado un caso de, COVID-19,COVID-19,"iceberg,",False," iceberg,","[221, 1927, 7769, 12]",False
spanishLLM,304,202,test_gold,México fue el segundo país de Latinoamérica en presentar un caso de Covid.,México fue el segundo país de Latinoamérica en presentar un caso de, Covid,Covid,"iceberg,",False," iceberg,","[221, 1927, 7769, 12]",False
spanishLLM,305,203,test_gold,Jorge Quian fue subsecretario de Salud Pública.,Jorge Quian fue subsecretario de Salud, Pública,Pública,icas฀,False, icas฀,"[221, 972, 15521]",False
spanishLLM,306,206,test_gold,Los casos graves de coronavirus eran poco frecuentes.,Los casos graves de coronavirus eran poco, frecuentes,frecuentes,frecuentes,True, frecuentes,[7928],False
spanishLLM,307,212,test_gold,"Las medidas solicitadas buscan proteger a mujeres, niñas, niños y adolescentes.","Las medidas solicitadas buscan proteger a mujeres, niñas, niños y", adolescentes,adolescentes,"adolescentes,",False," adolescentes,","[8802, 12]",False
spanishLLM,308,216,test_gold,Tedros Adhanom Ghebreyesus fue director de la OMS.,Tedros Adhanom Ghebreyesus fue director de la, OMS,OMS,agencia,False, agencia,[4048],False
spanishLLM,309,217,test_gold,El director de la OMS fue etíope.,El director de la OMS fue, etíope,etíope,una,False, una,[361],False
spanishLLM,310,218,test_gold,Tedros Adhanom Ghebreyesus fue el director general de la Organización Mundial de la Salud.,Tedros Adhanom Ghebreyesus fue el director general de la Organización Mundial de la, Salud,Salud,ülganización,False, ülganización,"[221, 2160, 76, 563, 746]",False
spanishLLM,311,219,test_gold,La OMS es la Organización Mundial de la Salud.,La OMS es la Organización Mundial de la, Salud,Salud,œnica฀,False, œnica฀,"[221, 130, 242, 78, 525, 15521]",False
spanishLLM,312,221,test_gold,El covid-19 se originó en Wuhan.,El covid-19 se originó en, Wuhan,Wuhan,la,False, la,[276],False
spanishLLM,313,223,test_gold,El virus que llevó a la pandemia se llama SARS CoV-2.,El virus que llevó a la pandemia se llama SARS, CoV-2,CoV-2,la,False, la,[276],False
spanishLLM,314,226,test_gold,El virus SARS CoV-2 causa la enfermedad covid-19.,El virus SARS CoV-2 causa la enfermedad, covid-19,covid-19,?,False,?,[31],False
spanishLLM,315,23,test_gold,Daniel Radío fue el secretario del Sistema Integrado de Cuidados.,Daniel Radío fue el secretario del Sistema Integrado de, Cuidados,Cuidados,la,False, la,[276],False
spanishLLM,316,232,test_gold,La OMS es la Organización Mundial de la Salud.,La OMS es la Organización Mundial de la, Salud,Salud,œnica฀,False, œnica฀,"[221, 130, 242, 78, 525, 15521]",False
spanishLLM,317,233,test_gold,La OMS declaró la pandemia.,La OMS declaró la, pandemia,pandemia,existencia,False, existencia,[4135],False
spanishLLM,318,24,test_gold,Margarita Percovich integra la Red Pro Cuidados.,Margarita Percovich integra la Red Pro, Cuidados,Cuidados,drama,False,drama,"[583, 2109]",False
spanishLLM,319,241,test_gold,Países solicitaron asistencia financiera al FMI.,Países solicitaron asistencia financiera al, FMI,FMI,gobierno,False, gobierno,[1107],False
spanishLLM,320,242,test_gold,Se esperaba que más de 170 países afiliados al FMI tuvieran un crecimiento per cápita negativo.,Se esperaba que más de 170 países afiliados al FMI tuvieran un crecimiento per cápita, negativo,negativo,y,False, y,[291],False
spanishLLM,321,243,test_gold,"América Latina, África y Asia fueron algunas de las regiones más afectadas por la pandemia.","América Latina, África y Asia fueron algunas de las regiones más afectadas por la", pandemia,pandemia,crisis,False, crisis,[3298],False
spanishLLM,322,248,test_gold,Algunos de los países con menor cantidad de casos flexibilizaron las restricciones por la pandemia.,Algunos de los países con menor cantidad de casos flexibilizaron las restricciones por la, pandemia,pandemia,que,False, que,[297],False
spanishLLM,323,250,test_gold,"Según el Centro Europeo de Prevención y Control de Enfermedades, las medidas impuestas para la pandemia debían mantenerse al menos unos meses.","Según el Centro Europeo de Prevención y Control de Enfermedades, las medidas impuestas para la pandemia debían mantenerse al menos unos", meses,meses,niveles,False, niveles,[3015],False
spanishLLM,324,261,test_gold,Cerca de 600 personas murieron a causa del COVID en Suecia en 2020.,Cerca de 600 personas murieron a causa del COVID en Suecia en, 2020,2020,uecia?,False, uecia?,"[221, 353, 397, 31]",False
spanishLLM,325,264,test_gold,Camberra es la capital de Australia.,Camberra es la capital de, Australia,Australia,la,False, la,[276],False
spanishLLM,326,268,test_gold,Unos 430.000 pobladores de Canberra y sus comunidades aledañas tuvieron que confinarse tras detectarse un caso de COVID-19.,Unos 430.000 pobladores de Canberra y sus comunidades aledañas tuvieron que confinarse tras detectarse un caso de, COVID-19,COVID-19,contaminación,False, contaminación,[5812],False
spanishLLM,327,270,test_gold,El fallecido tenía 73 años.,El fallecido tenía 73, años,años,años,True, años,[783],False
spanishLLM,328,274,test_gold,El CDC son los Centros de Control y Prevención de Enfermedades.,El CDC son los Centros de Control y Prevención de, Enfermedades,Enfermedades,�namientotrol?,False, �namientotrol?,"[221, 10391, 78, 858, 10059, 31]",False
spanishLLM,329,276,test_gold,La Reserva Federal planeó comprar bonos del Tesoro.,La Reserva Federal planeó comprar bonos del, Tesoro,Tesoro,tesoro,False, tesoro,[10995],False
spanishLLM,330,277,test_gold,El límite fijado por la Reserva Federal para la compra de activos fue de 700.000 millones de dólares.,El límite fijado por la Reserva Federal para la compra de activos fue de 700.000 millones de, dólares,dólares,dólares,True, dólares,[2569],False
spanishLLM,331,282,test_gold,El Comité de Emergencia de la OMS se reunió en Ginebra (Suiza).,El Comité de Emergencia de la OMS se reunió en Ginebra, (Suiza),(Suiza),?,False,?,[31],False
spanishLLM,332,283,test_gold,La OMS declaró la emergencia internacional por el coronavirus.,La OMS declaró la emergencia internacional por el, coronavirus,coronavirus,que,False, que,[297],False
spanishLLM,333,284,test_gold,Tedros Adhanom Ghebreyesus fue director general de la OMS.,Tedros Adhanom Ghebreyesus fue director general de la, OMS,OMS,agencia,False, agencia,[4048],False
spanishLLM,334,286,test_gold,Los casos de coronavirus en América se registraron en Canadá y Estados Unidos.,Los casos de coronavirus en América se registraron en Canadá y Estados, Unidos,Unidos,฀,False,฀,[15521],False
spanishLLM,335,287,test_gold,Los coronavirus son una extensa familia de virus que pueden causar desde un resfrío común hasta el síndrome respiratorio agudo severo.,Los coronavirus son una extensa familia de virus que pueden causar desde un resfrío común hasta el síndrome respiratorio agudo, severo,severo,,False,.,[14],False
spanishLLM,336,291,test_gold,Nacional y Wanderers jugaron la final del Torneo Intermedio.,Nacional y Wanderers jugaron la final del Torneo, Intermedio,Intermedio,),False,),[9],False
spanishLLM,337,294,test_gold,Boris Johnson estuvo aislado en la residencia oficial de Downing Street.,Boris Johnson estuvo aislado en la residencia oficial de Downing, Street,Street,?,False,?,[31],False
spanishLLM,338,295,test_gold,La residencia oficial de Downing Street se encuentra en Londres.,La residencia oficial de Downing Street se encuentra en, Londres,Londres,una,False, una,[361],False
spanishLLM,339,296,test_gold,Matt Hancock fue el secretario de salud británico.,Matt Hancock fue el secretario de salud, británico,británico,y,False, y,[291],False
spanishLLM,340,299,test_gold,Andrew Cuomo fue gobernador de Nueva York.,Andrew Cuomo fue gobernador de Nueva, York,York,de,False, de,[258],False
spanishLLM,341,302,test_gold,Chris Sununu fue republicano.,Chris Sununu fue, republicano,republicano,un,False, un,[303],False
spanishLLM,342,303,test_gold,Chris Sununu fue gobernador de Nueva Hampshire.,Chris Sununu fue gobernador de Nueva, Hampshire,Hampshire,del,False, del,[315],False
spanishLLM,343,31,test_gold,El coronavirus se originó en China.,El coronavirus se originó en, China,China,el,False, el,[288],False
spanishLLM,344,310,test_gold,La Trastienda abrió nuevamente con shows en vivo.,La Trastienda abrió nuevamente con shows en, vivo,vivo,el,False, el,[288],False
spanishLLM,345,312,test_gold,El protocolo de seguridad para los shows en vivo fue aprobado por el Poder Ejecutivo y la Intendencia de Montevideo.,El protocolo de seguridad para los shows en vivo fue aprobado por el Poder Ejecutivo y la Intendencia de, Montevideo,Montevideo,la,False, la,[276],False
spanishLLM,346,315,test_gold,El show de Buenos Muchachos en La Trastienda empezó a las 21 horas.,El show de Buenos Muchachos en La Trastienda empezó a las 21, horas,horas,:00,False,:00,"[26, 370]",False
spanishLLM,347,326,test_gold,Los anticuerpos monoclonales son proteínas artificiales que también se han usado en tratamientos contra determinados tipos de cáncer.,Los anticuerpos monoclonales son proteínas artificiales que también se han usado en tratamientos contra determinados tipos de, cáncer,cáncer,bacterias,False, bacterias.,"[13657, 630, 14]",False
spanishLLM,348,328,test_gold,Una desventaja del uso de anticuerpos monoclonales era que un tratamiento sin coberturas sanitarias podía costar miles de dólares.,Una desventaja del uso de anticuerpos monoclonales era que un tratamiento sin coberturas sanitarias podía costar miles de, dólares,dólares,millones,False, millones,[1523],False
spanishLLM,349,33,test_gold,El primer paciente con coronavirus en Estados Unidos fue una persona que había viajado a Wuhan.,El primer paciente con coronavirus en Estados Unidos fue una persona que había viajado a, Wuhan,Wuhan,la,False, la,[276],False
spanishLLM,350,330,test_gold,"Los corticoesteroides como la dexametasona, de bajo precio y disponibles en todo el mundo, y los antagonistas de interleucina-6 fueron los fármacos recomendados contra la COVID-19.","Los corticoesteroides como la dexametasona, de bajo precio y disponibles en todo el mundo, y los antagonistas de interleucina-6 fueron los fármacos recomendados contra la", COVID-19,COVID-19,"dexametas,",False," dexametas,","[258, 88, 1876, 442, 12]",False
spanishLLM,351,333,test_gold,Italia fue el país más afectado por la pandemia de COVID-19.,Italia fue el país más afectado por la pandemia de, COVID-19,COVID-19,gripe,False, gripe,"[491, 8124]",False
spanishLLM,352,334,test_gold,Austria es un país donde el gobierno permitió la reapertura de los pequeños comercios.,Austria es un país donde el gobierno permitió la reapertura de los pequeños, comercios,comercios,agricultores,False, agricultores,[7566],False
spanishLLM,353,338,test_gold,"La pandemia tiene su origen en Wuhan, capital de la provincia de Hubei, China.","La pandemia tiene su origen en Wuhan, capital de la provincia de Hubei,", China,China,se,False, se,[308],False
spanishLLM,354,34,test_gold,"El coronavirus afectó más a personas con enfermedades debilitantes, como afecciones neurológicas, diabetes y obesidad.","El coronavirus afectó más a personas con enfermedades debilitantes, como afecciones neurológicas, diabetes y", obesidad,obesidad,enfermedades,False, enfermedades,[4888],False
spanishLLM,355,341,test_gold,El primer contagiado en Wuhan murió el 11 de enero.,El primer contagiado en Wuhan murió el 11 de, enero,enero,diciembre,False, diciembre,[1362],False
spanishLLM,356,342,test_gold,La primera muerte por coronavirus fuera de China se registró en enero de 2020.,La primera muerte por coronavirus fuera de China se registró en enero de, 2020,2020,1995,False, 1995.,"[3914, 14]",False
spanishLLM,357,349,test_gold,La información completa de la pandemia se encuentra en el Center for Systems Science and Engineering de la Johns Hopkins University.,La información completa de la pandemia se encuentra en el Center for Systems Science and Engineering de la Johns Hopkins, University,University,ky?,False,ky?,"[5028, 31]",False
spanishLLM,358,352,test_gold,"La covid-19 no logró vencer a las vacunas, que fueron eficaces contra las formas graves de la enfermedad.","La covid-19 no logró vencer a las vacunas, que fueron eficaces contra las formas graves de la", enfermedad,enfermedad,enfermedad,True, enfermedad.,"[3505, 14]",False
spanishLLM,359,362,test_gold,El 88% de los pacientes con covid-19 que participaron en un estudio multicéntrico europeo tuvo alteración del gusto.,El 88% de los pacientes con covid-19 que participaron en un estudio multicéntrico europeo tuvo alteración del, gusto,gusto,nivel,False, nivel,[1138],False
spanishLLM,360,363,test_gold,Martín Fraschini fue presidente de la Sociedad de Otorrinolaringología del Uruguay.,Martín Fraschini fue presidente de la Sociedad de Otorrinolaringología del, Uruguay,Uruguay,icassocitáneo,False, icassocitáneo,"[221, 972, 723, 267, 1657, 2083]",False
spanishLLM,361,364,test_gold,Martín Fraschini fue presidente de la Sorlu.,Martín Fraschini fue presidente de la, Sorlu,Sorlu,comisión,False, comisión,[586],False
spanishLLM,362,365,test_gold,La Sorlu es la Sociedad de Otorrinolaringología del Uruguay.,La Sorlu es la Sociedad de Otorrinolaringología del, Uruguay,Uruguay,icasa?,False, icasa?,"[221, 972, 65, 31]",False
spanishLLM,363,366,test_gold,Daniel Salinas fue ministro de Salud.,Daniel Salinas fue ministro de, Salud,Salud,relaciones,False, relaciones,[2334],False
spanishLLM,364,367,test_gold,Daniel Salinas fue ministro de salud.,Daniel Salinas fue ministro de, salud,salud,relaciones,False, relaciones,[2334],False
spanishLLM,365,368,test_gold,Miguel Asqueta fue el director general de la Salud.,Miguel Asqueta fue el director general de la, Salud,Salud,agencia,False, agencia,[4048],False
spanishLLM,366,369,test_gold,Miguel Asqueta fue director general de Salud.,Miguel Asqueta fue director general de, Salud,Salud,la,False, la,[276],False
spanishLLM,367,37,test_gold,Argentina es el país de América Latina donde ocurrió la primera muerte por Covid-19.,Argentina es el país de América Latina donde ocurrió la primera muerte por, Covid-19,Covid-19,??,False, ??,"[221, 4134]",False
spanishLLM,368,374,test_gold,El mismo tapabocas se podía usar durante tres horas.,El mismo tapabocas se podía usar durante tres, horas,horas,"meses,",False," meses,","[1758, 12]",False
spanishLLM,369,377,test_gold,"Los sectores para los que se flexibilizaron los seguros de paro fueron comercios, comercios minoristas, servicios turísticos, agencias de viajes y restaurantes.","Los sectores para los que se flexibilizaron los seguros de paro fueron comercios, comercios minoristas, servicios turísticos, agencias de viajes y", restaurantes,restaurantes,otros,False, otros,[891],False
spanishLLM,370,379,test_gold,Pablo Mieres fue ministro de Trabajo y Seguridad Social.,Pablo Mieres fue ministro de Trabajo y Seguridad, Social,Social,฀,False, ฀,"[221, 15521]",False
spanishLLM,371,38,test_gold,La primera muerte por Covid-19 en América Latina fue un hombre de 64 años que regresó de un viaje a Europa y estaba internado en un hospital de la Ciudad de Buenos Aires.,La primera muerte por Covid-19 en América Latina fue un hombre de 64 años que regresó de un viaje a Europa y estaba internado en un hospital de la Ciudad de Buenos, Aires,Aires,฀a,False,฀a,"[15521, 65]",False
spanishLLM,372,381,test_gold,"El seguro de paro parcial es una reducción horaria para los empleados, y el resto del salario lo cubre el Banco de Previsión Social.","El seguro de paro parcial es una reducción horaria para los empleados, y el resto del salario lo cubre el Banco de Previsión", Social,Social,de,False, de,[258],False
spanishLLM,373,383,test_gold,"Se implementó un chatbot en la página del Ministerio de Salud Pública (MSP), un sistema de respuesta automática a las dudas más frecuentes sobre el coronavirus, con información recabada por el Sistema Nacional de Emergencias, el MSP y la Administración de los Servicios de Salud del Estado.","Se implementó un chatbot en la página del Ministerio de Salud Pública (MSP), un sistema de respuesta automática a las dudas más frecuentes sobre el coronavirus, con información recabada por el Sistema Nacional de Emergencias, el MSP y la Administración de los Servicios de Salud del", Estado,Estado,฀de฀de฀de฀de฀de฀de฀,False,฀de฀de฀de฀de฀de฀de฀,"[15521, 257, 15521, 257, 15521, 257, 15521, 257, 15521, 257, 15521, 257, 15521]",False
spanishLLM,374,384,test_gold,Se empezó a controlar el precio del alcohol en gel y los tapabocas.,Se empezó a controlar el precio del alcohol en gel y los, tapabocas,tapabocas,productos,False, productos,[1244],False
spanishLLM,375,385,test_gold,Álvaro Delgado fue secretario de Presidencia.,Álvaro Delgado fue secretario de, Presidencia,Presidencia,estado,False, estado,[785],False
spanishLLM,376,389,test_gold,Las canastas financiadas por los Fondos Sociales de la Construcción pesan unos 40 kilos.,Las canastas financiadas por los Fondos Sociales de la Construcción pesan unos 40, kilos,kilos,kg,False, kg,[5190],False
spanishLLM,377,39,test_gold,"Roberto Tórrez fue el jefe de Epidemiología de Santa Cruz, Bolivia.","Roberto Tórrez fue el jefe de Epidemiología de Santa Cruz,", Bolivia,Bolivia,฀,False, ฀,"[221, 15521]",False
spanishLLM,378,395,test_gold,Íñigo Urkullu fue presidente del País Vasco.,Íñigo Urkullu fue presidente del País, Vasco,Vasco,ta,False,ta,[301],False
spanishLLM,379,396,test_gold,La Guerra Civil Española terminó en 1939.,La Guerra Civil Española terminó en, 1939,1939,el,False, el,[288],False
spanishLLM,380,40,test_gold,"Bolivia, Venezuela y Uruguay fueron los países de América Latina que no tenían casos de Covid.","Bolivia, Venezuela y Uruguay fueron los países de América Latina que no tenían casos de", Covid,Covid,ñsica,False, ñsica,"[221, 364, 83, 525]",False
spanishLLM,381,403,test_gold,"Los no vacunados que viajaban a Suiza debían presentar un test negativo al llegar y, además, hacerse otra prueba entre cuatro y siete días después.","Los no vacunados que viajaban a Suiza debían presentar un test negativo al llegar y, además, hacerse otra prueba entre cuatro y siete días", después,después,después,True, después,[1312],False
spanishLLM,382,406,test_gold,Greg Mortimer es un crucero.,Greg Mortimer es un, crucero,crucero,conjunto,False, conjunto,[2548],False
spanishLLM,383,409,test_gold,El crucero Greg Mortimer tuvo 200 personas a bordo.,El crucero Greg Mortimer tuvo 200 personas a, bordo,bordo,bordo,True, bordo,[8376],False
spanishLLM,384,41,test_gold,El coronavirus apareció por primera vez en diciembre.,El coronavirus apareció por primera vez en, diciembre,diciembre,la,False, la,[276],False
spanishLLM,385,410,test_gold,La Armada Nacional evacuó a ciudadanos australianos con COVID-19 del crucero Greg Mortimer.,La Armada Nacional evacuó a ciudadanos australianos con COVID-19 del crucero Greg, Mortimer,Mortimer,ión,False,ión,[371],False
spanishLLM,386,413,test_gold,Tim Cook fue el CEO de Apple que felicitó al gobierno por las alertas de Coronavirus.uy.,Tim Cook fue el CEO de Apple que felicitó al gobierno por las alertas de, Coronavirus.uy,Coronavirus.uy,"icasudi,",False," icasudi,","[221, 972, 85, 296, 12]",False
spanishLLM,387,42,test_gold,El coronavirus apareció por primera vez en China.,El coronavirus apareció por primera vez en, China,China,la,False, la,[276],False
spanishLLM,388,428,test_gold,La rebaja de sueldos para el fondo coronavirus duró dos meses.,La rebaja de sueldos para el fondo coronavirus duró dos, meses,meses,"años,",False," años,","[783, 12]",False
spanishLLM,389,429,test_gold,El descuento a funcionarios se hizo a partir de un sueldo líquido por encima de los 80.000 pesos.,El descuento a funcionarios se hizo a partir de un sueldo líquido por encima de los 80.000, pesos,pesos,dólares,False, dólares,[2569],False
spanishLLM,390,43,test_gold,El primer caso de Covid en Paraguay apareció en 2020.,El primer caso de Covid en Paraguay apareció en, 2020,2020,el,False, el,[288],False
spanishLLM,391,436,test_gold,"La información para conocer quiénes necesitan asistencia proviene de fuentes de datos del Ministerio de Desarrollo Social, el Banco de Previsión Social y la Intendencia de Montevideo.","La información para conocer quiénes necesitan asistencia proviene de fuentes de datos del Ministerio de Desarrollo Social, el Banco de Previsión Social y la Intendencia de", Montevideo,Montevideo,฀revisión,False, ฀revisión,"[221, 15521, 278, 1498]",False
spanishLLM,392,438,test_gold,"En España, los pacientes más graves y con mayor probabilidad de supervivencia tenían prioridad para ingresar a cuidados intensivos.","En España, los pacientes más graves y con mayor probabilidad de supervivencia tenían prioridad para ingresar a cuidados", intensivos,intensivos,"intensivos,",False," intensivos,","[10280, 2693, 12]",False
spanishLLM,393,44,test_gold,La LUD es la Liga Universitaria de Deportes.,La LUD es la Liga Universitaria de, Deportes,Deportes,una,False, una,[361],False
spanishLLM,394,440,test_gold,María Cruz Martín es una médica intensivista española.,María Cruz Martín es una médica intensivista, española,española,฀,False, ฀,"[221, 15521]",False
spanishLLM,395,445,test_gold,Robert Silva fue el presidente de la Administración Nacional de Educación Pública.,Robert Silva fue el presidente de la Administración Nacional de Educación, Pública,Pública,฀,False, ฀,"[221, 15521]",False
spanishLLM,396,447,test_gold,Un estudiante de enseñanza media tiene 12 o 13 profesores.,Un estudiante de enseñanza media tiene 12 o 13, profesores,profesores,años,False, años,[783],False
spanishLLM,397,448,test_gold,La estrategia para enfrentar la pandemia fue el aislamiento social y quedarse en casa.,La estrategia para enfrentar la pandemia fue el aislamiento social y quedarse en, casa,casa,el,False, el,[288],False
spanishLLM,398,45,test_gold,Santiago Alonso fue presidente de la LUD.,Santiago Alonso fue presidente de la, LUD,LUD,asociación,False, asociación,[3097],False
spanishLLM,399,455,test_gold,"La aplicación CoronavirusUy contiene información sobre ingresos, egresos, test, agendas y vacunas.","La aplicación CoronavirusUy contiene información sobre ingresos, egresos, test, agendas y", vacunas,vacunas,prácticas,False, prácticas,[3154],False
spanishLLM,400,456,test_gold,La aplicación CoronavirusUy requería 15 minutos para detectar a una persona contagiada cercana.,La aplicación CoronavirusUy requería 15 minutos para detectar a una persona contagiada, cercana,cercana,que,False, que,[297],False
spanishLLM,401,457,test_gold,Gastón Milano es un ingeniero que formó parte del equipo que creó la aplicación CoronavirusUy.,Gastón Milano es un ingeniero que formó parte del equipo que creó la aplicación, CoronavirusUy,CoronavirusUy,de,False, de,[258],False
spanishLLM,402,46,test_gold,La LUD suspendió su actividad deportiva.,La LUD suspendió su actividad, deportiva,deportiva,política,False, política,[1092],False
spanishLLM,403,465,test_gold,El uso de los teléfonos celulares puede desarrollar conductas adictivas.,El uso de los teléfonos celulares puede desarrollar conductas, adictivas,adictivas,de,False, de,[258],False
spanishLLM,404,467,test_gold,Los trastornos que pueden venir a consecuencia del exceso de información son la ansiedad y la depresión.,Los trastornos que pueden venir a consecuencia del exceso de información son la ansiedad y la, depresión,depresión,ansiedad,False, ansiedad.,"[14385, 4464, 14]",False
spanishLLM,405,468,test_gold,La hiperconectividad provoca adicciones sociales.,La hiperconectividad provoca adicciones, sociales,sociales,y,False, y,[291],False
spanishLLM,406,469,test_gold,Los teléfonos celulares fueron la tecnología de comunicación con mayor crecimiento a nivel global.,Los teléfonos celulares fueron la tecnología de comunicación con mayor crecimiento a nivel, global,global,"mundial,",False," mundial,","[1809, 12]",False
spanishLLM,407,47,test_gold,La LUD retomó su actividad deportiva.,La LUD retomó su actividad, deportiva,deportiva,política?,False, política?,"[1092, 31]",False
spanishLLM,408,471,test_gold,El primer caso de covid-19 en Uruguay se detectó en marzo.,El primer caso de covid-19 en Uruguay se detectó en, marzo,marzo,el,False, el,[288],False
spanishLLM,409,472,test_gold,"El proyecto de secuenciación del genoma de SARS-CoV-2 en Uruguay estuvo a cargo de la Universidad de la República (Udelar), el Institut Pasteur de Montevideo, el Instituto Nacional de Investigación Agropecuaria (INIA) y el Instituto de Investigaciones Biológicas Clemente Estable (IIBCE).","El proyecto de secuenciación del genoma de SARS-CoV-2 en Uruguay estuvo a cargo de la Universidad de la República (Udelar), el Institut Pasteur de Montevideo, el Instituto Nacional de Investigación Agropecuaria (INIA) y el Instituto de Investigaciones Biológicas Clemente Estable", (IIBCE),(IIBCE),฀de฀de฀de฀de฀de฀de฀de฀de฀de฀de฀de฀de฀de฀de฀de฀,False, ฀de฀de฀de฀de฀de฀de฀de฀de฀de฀de฀de฀de฀de฀de฀de฀,"[221, 15521, 257, 15521, 257, 15521, 257, 15521, 257, 15521, 257, 15521, 257, 15521, 257, 15521, 257, 15521, 257, 15521, 257, 15521, 257, 15521, 257, 15521, 257, 15521, 257, 15521, 257, 15521]",True
spanishLLM,410,474,test_gold,"El test serológico detecta, en sangre obtenida de las personas, si hay anticuerpos generados por el virus.","El test serológico detecta, en sangre obtenida de las personas, si hay anticuerpos generados por el", virus,virus,virus,True, virus,[8234],False
spanishLLM,411,475,test_gold,Gonzalo Moratorio trabajó en el Laboratorio de Virología Molecular de la Facultad de Ciencias.,Gonzalo Moratorio trabajó en el Laboratorio de Virología Molecular de la Facultad de, Ciencias,Ciencias,la,False, la,[276],False
spanishLLM,412,476,test_gold,El coronavirus ingresó a Uruguay.,El coronavirus ingresó a, Uruguay,Uruguay,la,False, la,[276],False
spanishLLM,413,48,test_gold,El doctor Carlos Voituret estuvo involucrado en la redacción de los protocolos sanitarios.,El doctor Carlos Voituret estuvo involucrado en la redacción de los protocolos, sanitarios,sanitarios,de,False, de,[258],False
spanishLLM,414,481,test_gold,José Quintín Olano fue el director de Salud del departamento de Treinta y Tres.,José Quintín Olano fue el director de Salud del departamento de Treinta y, Tres,Tres,ünico,False, ünico,"[221, 2160, 78, 608]",False
spanishLLM,415,491,test_gold,Las N95 son máscaras.,Las N95 son, máscaras,máscaras,`el,False, `el,"[221, 64, 345]",False
spanishLLM,416,492,test_gold,El coronavirus se contagia por el aire.,El coronavirus se contagia por el, aire,aire,virus,False, virus,[8234],False
spanishLLM,417,495,test_gold,El 1º de mayo se celebra el Día Internacional de los Trabajadores.,El 1º de mayo se celebra el Día Internacional de los, Trabajadores,Trabajadores,países,False, países,[846],False
spanishLLM,418,509,test_gold,Los vecinos de Cotravi pidieron un subsidio de 20.000 pesos.,Los vecinos de Cotravi pidieron un subsidio de 20.000, pesos,pesos,euros,False, euros,[1116],False
spanishLLM,419,51,test_gold,"Reino Unido, Baréin, Canadá, Arabia Saudita y México aprobaron el uso de emergencia de la vacuna de Pfizer-BioNTech contra el covid-19.","Reino Unido, Baréin, Canadá, Arabia Saudita y México aprobaron el uso de emergencia de la vacuna de Pfizer-BioNTech contra el", covid-19,covid-19,฀en฀en฀en฀en฀en฀en฀en฀en฀en฀en฀en฀en฀en฀en฀en฀en,False,฀en฀en฀en฀en฀en฀en฀en฀en฀en฀en฀en฀en฀en฀en฀en฀en,"[15521, 265, 15521, 265, 15521, 265, 15521, 265, 15521, 265, 15521, 265, 15521, 265, 15521, 265, 15521, 265, 15521, 265, 15521, 265, 15521, 265, 15521, 265, 15521, 265, 15521, 265, 15521, 265]",True
spanishLLM,420,510,test_gold,Las canastas del gobierno valían 1.200 pesos.,Las canastas del gobierno valían 1.200, pesos,pesos,millones,False, millones,[1523],False
spanishLLM,421,514,test_gold,Nicolás Jodal trabajó en GeneXus,Nicolás Jodal trabajó en, GeneXus,GeneXus,el,False, el,[288],False
spanishLLM,422,515,test_gold,Las nuevas funcionalidades de CoronavirusUy fueron informadas por Jodal a través de Twitter.,Las nuevas funcionalidades de CoronavirusUy fueron informadas por Jodal a través de, Twitter,Twitter,las,False, las,[321],False
spanishLLM,423,516,test_gold,Los datos sobre vacunación en la aplicación CoronavirusUy se actualizaban cada dos horas.,Los datos sobre vacunación en la aplicación CoronavirusUy se actualizaban cada dos, horas,horas,"años,",False," años,","[783, 12]",False
spanishLLM,424,517,test_gold,El MSP es el Ministerio de Salud Pública.,El MSP es el Ministerio de Salud, Pública,Pública,?,False,?,[31],False
spanishLLM,425,52,test_gold,El órgano regulador sanitario de México es Cofepris.,El órgano regulador sanitario de México es, Cofepris,Cofepris,una,False, una,[361],False
spanishLLM,426,520,test_gold,"El tapabocas debía cubrir el mentón, la boca y la nariz.","El tapabocas debía cubrir el mentón, la boca y la", nariz,nariz,"boca,",False," boca,","[5847, 12]",False
spanishLLM,427,521,test_gold,"Para evitar el contagio de COVID-19, se debía mantener una distancia de dos metros.","Para evitar el contagio de COVID-19, se debía mantener una distancia de dos", metros,metros,puntas,False, puntas,"[3468, 442]",False
spanishLLM,428,523,test_gold,Los ministros de Economía de la zona euro se han reunido durante seis horas.,Los ministros de Economía de la zona euro se han reunido durante seis, horas,horas,"meses,",False," meses,","[1758, 12]",False
spanishLLM,429,526,test_gold,La zona euro dispuso de un fondo de medio billón de euros.,La zona euro dispuso de un fondo de medio billón de, euros,euros,"dólares,",False," dólares,","[2569, 12]",False
spanishLLM,430,527,test_gold,Italia y España fueron los países de la zona euro con mayor cantidad de casos de COVID durante la pandemia.,Italia y España fueron los países de la zona euro con mayor cantidad de casos de COVID durante la, pandemia,pandemia,vida,False, vida,[1118],False
spanishLLM,431,53,test_gold,Hugo López-Gatell fue subsecretario de salud de México.,Hugo López-Gatell fue subsecretario de salud de, México,México,la,False, la,[276],False
spanishLLM,432,541,test_gold,Nicolás Jodal desarrolló la aplicación CoronavirusUY.,Nicolás Jodal desarrolló la aplicación, CoronavirusUY,CoronavirusUY,de,False, de,[258],False
spanishLLM,433,542,test_gold,Jodal trabaja en GeneXus.,Jodal trabaja en, GeneXus,GeneXus,la,False, la,[276],False
spanishLLM,434,543,test_gold,Los menores de 18 años no podían inscribirse para vacunarse.,Los menores de 18 años no podían inscribirse para, vacunarse,vacunarse,la,False, la,[276],False
spanishLLM,435,547,test_gold,El gobierno decretó la emergencia sanitaria por el coronavirus.,El gobierno decretó la emergencia sanitaria por el, coronavirus,coronavirus,gobierno,False, gobierno,[1107],False
spanishLLM,436,549,test_gold,"La encuesta de la Academia Internacional de Sexología Médica encontró que la masturbación fue la actividad sexual más frecuente durante la cuarentena, tanto en varones como en mujeres.","La encuesta de la Academia Internacional de Sexología Médica encontró que la masturbación fue la actividad sexual más frecuente durante la cuarentena, tanto en varones como en", mujeres,mujeres,mujeres,True, mujeres,[1664],False
spanishLLM,437,551,test_gold,"El sexting es el intercambio consentido de mensajes, fotos y videos eróticos por internet.","El sexting es el intercambio consentido de mensajes, fotos y videos eróticos por", internet,internet,parte,False, parte,[721],False
spanishLLM,438,552,test_gold,La cuarentena afectó psicológicamente causando ansiedad y estrés.,La cuarentena afectó psicológicamente causando ansiedad y, estrés,estrés,ansiedad,False, ansiedad.,"[14385, 4464, 14]",False
spanishLLM,439,554,test_gold,El ex preso político Juan José Noveched Sosa falleció por coronavirus.,El ex preso político Juan José Noveched Sosa falleció por, coronavirus,coronavirus,un,False, un,[303],False
spanishLLM,440,557,test_gold,Juan José Noveched murió a los 76 años.,Juan José Noveched murió a los 76, años,años,años,True, años,[783],False
spanishLLM,441,558,test_gold,Juan José Noveched estuvo preso entre 1971 y 1981.,Juan José Noveched estuvo preso entre 1971 y, 1981,1981,"1973,",False," 1973,","[10803, 12]",False
spanishLLM,442,559,test_gold,Crysol es una agrupación de ex presos políticos.,Crysol es una agrupación de ex presos, políticos,políticos,"políticos,",False," políticos,","[3431, 12]",False
spanishLLM,443,56,test_gold,La FDA es la Administración de Alimentos y Medicamentos en Estados Unidos.,La FDA es la Administración de Alimentos y Medicamentos en Estados, Unidos,Unidos,฀,False,฀,[15521],False
spanishLLM,444,560,test_gold,El número de atención psicológica 0800 1920 funcionó las 24 horas.,El número de atención psicológica 0800 1920 funcionó las 24, horas,horas,horas,True, horas,[1695],False
spanishLLM,445,565,test_gold,El número para llamar en caso de una situación peligrosa es el 911.,El número para llamar en caso de una situación peligrosa es el, 911,911,caso,False, caso,[925],False
spanishLLM,446,566,test_gold,"En Argentina, durante la cuarentena, se permitió salir a correr en un radio de hasta 500 metros de la casa.","En Argentina, durante la cuarentena, se permitió salir a correr en un radio de hasta 500 metros de la", casa,casa,carretera?,False, carretera?,"[5116, 31]",False
spanishLLM,447,567,test_gold,"Las ciudades argentinas con mayor presencia de COVID fueron la ciudad de Buenos Aires y otras capitales, como Rosario o Córdoba.","Las ciudades argentinas con mayor presencia de COVID fueron la ciudad de Buenos Aires y otras capitales, como Rosario o", Córdoba,Córdoba,฀,False, ฀,"[221, 15521]",False
spanishLLM,448,570,test_gold,Los países más afectados por covid en Europa fueron Italia y España.,Los países más afectados por covid en Europa fueron Italia y, España,España,sus,False, sus,[481],False
spanishLLM,449,579,test_gold,Pablo Orefice fue el director del programa salud.uy.,Pablo Orefice fue el director del programa, salud.uy,salud.uy,de,False, de,[258],False
spanishLLM,450,583,test_gold,La aplicación CoronavirusUy fue utilizada para alertar a las personas que habían estado en contacto con un paciente positivo de COVID-19.,La aplicación CoronavirusUy fue utilizada para alertar a las personas que habían estado en contacto con un paciente positivo de, COVID-19,COVID-19,la,False, la,[276],False
spanishLLM,451,584,test_gold,La aplicación Coronavirus.uy envía el mensaje 'Alerta: La persona que usa este celular puede haber estado expuesta al virus del COVID-19' en caso de exposición a un caso positivo de Covid.,La aplicación Coronavirus.uy envía el mensaje 'Alerta: La persona que usa este celular puede haber estado expuesta al virus del COVID-19' en caso de exposición a un caso positivo de, Covid,Covid,฀de฀de฀de฀de฀de฀de฀de฀de฀de฀de฀de฀de฀de฀de฀de฀,False, ฀de฀de฀de฀de฀de฀de฀de฀de฀de฀de฀de฀de฀de฀de฀de฀,"[221, 15521, 257, 15521, 257, 15521, 257, 15521, 257, 15521, 257, 15521, 257, 15521, 257, 15521, 257, 15521, 257, 15521, 257, 15521, 257, 15521, 257, 15521, 257, 15521, 257, 15521, 257, 15521]",True
spanishLLM,452,588,test_gold,El proyecto para penalizar la educación sexual en Polonia fue presentado por organizaciones civiles 'pro vida' y contrarias a los derechos de la población LGBTI.,El proyecto para penalizar la educación sexual en Polonia fue presentado por organizaciones civiles 'pro vida' y contrarias a los derechos de la población, LGBTI,LGBTI,",",False,",",[12],False
spanishLLM,453,590,test_gold,Draginja Nadazdin fue directora de Amnistía Internacional Polonia.,Draginja Nadazdin fue directora de Amnistía Internacional, Polonia,Polonia,฀),False,฀),"[15521, 9]",False
spanishLLM,454,592,test_gold,Las personas en situación de calle se albergaron en el Gran Parque Central.,Las personas en situación de calle se albergaron en el Gran Parque, Central,Central,""")",False,""")",[6199],False
spanishLLM,455,596,test_gold,Jacinda Ardern fue primera ministra de Nueva Zelanda.,Jacinda Ardern fue primera ministra de Nueva, Zelanda,Zelanda,�ngeles,False, �ngeles,"[221, 10391, 78, 2474, 266]",False
spanishLLM,456,597,test_gold,Nueva Zelanda tuvo un período de seis meses sin casos de coronavirus.,Nueva Zelanda tuvo un período de seis meses sin casos de, coronavirus,coronavirus,lesiones,False, lesiones,[11637],False
spanishLLM,457,6,test_gold,No se diagnosticó a ninguna persona con coronavirus en las cárceles de Uruguay.,No se diagnosticó a ninguna persona con coronavirus en las cárceles de, Uruguay,Uruguay,la,False, la,[276],False
spanishLLM,458,600,test_gold,"Phil Valentine, un conductor de radio de Estados Unidos, falleció a los 61 años a causa de la covid-19.","Phil Valentine, un conductor de radio de Estados Unidos, falleció a los 61 años a causa de la", covid-19,covid-19,"enfermedad,",False," enfermedad,","[3505, 12]",False
spanishLLM,459,602,test_gold,Los contactos vacunados no necesitaban aislarse en el Reino Unido.,Los contactos vacunados no necesitaban aislarse en el Reino, Unido,Unido,!),False,!).,"[1, 691]",False
spanishLLM,460,603,test_gold,Los contactos de positivos de Reino Unido estaban obligados a guardar una cuarentena de diez días.,Los contactos de positivos de Reino Unido estaban obligados a guardar una cuarentena de diez, días,días,años,False, años,[783],False
spanishLLM,461,604,test_gold,NHS Covid-19 es la aplicación oficial del sistema de salud británico.,NHS Covid-19 es la aplicación oficial del sistema de salud, británico,británico,",",False,",",[12],False
spanishLLM,462,606,test_gold,Terra Brasserie es un restaurante.,Terra Brasserie es un, restaurante,restaurante,tipo,False, tipo,[1237],False
spanishLLM,463,608,test_gold,La propuesta de subsidios del FA tenía un costo estimado de 240 millones de dólares.,La propuesta de subsidios del FA tenía un costo estimado de 240 millones de, dólares,dólares,dólares,True, dólares,[2569],False
spanishLLM,464,614,test_gold,"Los diputados Eduardo Lust (Cabildo Abierto) y César Vega (Partido Ecologista Radical Intransigente), los abogados Gustavo Salle y Hoenir Sarthou, y la comunicadora Patricia Wolf le plantearon al presidente la suspensión del contrato con UPM.","Los diputados Eduardo Lust (Cabildo Abierto) y César Vega (Partido Ecologista Radical Intransigente), los abogados Gustavo Salle y Hoenir Sarthou, y la comunicadora Patricia Wolf le plantearon al presidente la suspensión del contrato con", UPM,UPM,฀de฀de฀de฀de฀de฀de฀de฀de฀de฀de฀de฀de฀de฀de฀de฀,False, ฀de฀de฀de฀de฀de฀de฀de฀de฀de฀de฀de฀de฀de฀de฀de฀,"[221, 15521, 257, 15521, 257, 15521, 257, 15521, 257, 15521, 257, 15521, 257, 15521, 257, 15521, 257, 15521, 257, 15521, 257, 15521, 257, 15521, 257, 15521, 257, 15521, 257, 15521, 257, 15521]",True
spanishLLM,465,615,test_gold,El tercer caso confirmado de COVID-19 en Deportivo Maldonado fue Agustín Sant'Ann.,El tercer caso confirmado de COVID-19 en Deportivo Maldonado fue Agustín, Sant'Ann,Sant'Ann,?,False,?,[31],False
spanishLLM,466,617,test_gold,El jugador de Deportivo Maldonado contagiado de COVID-19 se encontraba aislado.,El jugador de Deportivo Maldonado contagiado de COVID-19 se encontraba, aislado,aislado,en,False, en,[283],False
spanishLLM,467,62,test_gold,Carissa Etienne fue directora de la Organización Panamericana de la Salud.,Carissa Etienne fue directora de la Organización Panamericana de la, Salud,Salud,uer),False, uer),"[221, 603, 9]",False
spanishLLM,468,624,test_gold,Participar en Eno Breathe fue gratuito.,Participar en Eno Breathe fue, gratuito,gratuito,una,False, una,[361],False
spanishLLM,469,626,test_gold,El arquero John fue uno de los casos positivos de Santos tras el partido con Boca Juniors.,El arquero John fue uno de los casos positivos de Santos tras el partido con Boca, Juniors,Juniors,demia?,False,demia?,"[257, 6267, 31]",False
spanishLLM,470,629,test_gold,La Conmebol resolvió que no había lugar a reclamo de puntos.,La Conmebol resolvió que no había lugar a reclamo de, puntos,puntos,la,False, la,[276],False
spanishLLM,471,636,test_gold,Alexandr Gorélov fue subdirector del Instituto de Epidemiología de la oficina nacional de protección al consumidor.,Alexandr Gorélov fue subdirector del Instituto de Epidemiología de la oficina nacional de protección al, consumidor,consumidor,consumidor,True, consumidor,[6610],False
spanishLLM,472,639,test_gold,CEPAL es la Comisión Económica para América Latina y el Caribe.,CEPAL es la Comisión Económica para América Latina y el, Caribe,Caribe,฀,False,฀,[15521],False
spanishLLM,473,647,test_gold,ASSE es la Administración de Servicios de Salud del Estado.,ASSE es la Administración de Servicios de Salud del, Estado,Estado,rey?,False, rey?,"[221, 7561, 31]",False
spanishLLM,474,650,test_gold,Eduardo Henderson fue gerente general de ASSE.,Eduardo Henderson fue gerente general de, ASSE,ASSE,la,False, la,[276],False
spanishLLM,475,651,test_gold,Eduardo Henderson fue el gerente general de ASSE.,Eduardo Henderson fue el gerente general de, ASSE,ASSE,la,False, la,[276],False
spanishLLM,476,656,test_gold,Miguel Martinez fue el decano de la Facultad de Medicina.,Miguel Martinez fue el decano de la Facultad de, Medicina,Medicina,la,False, la,[276],False
spanishLLM,477,657,test_gold,Miguel Martínez fue decano de la Facultad de Medicina.,Miguel Martínez fue decano de la Facultad de, Medicina,Medicina,la,False, la,[276],False
spanishLLM,478,667,test_gold,Los renunciantes de ASSE permanecieron en sus cargos hasta el 30 del mes.,Los renunciantes de ASSE permanecieron en sus cargos hasta el 30 del, mes,mes,mes,True, mes,[1056],False
spanishLLM,479,668,test_gold,Leonardo Cipriani fue presidente de ASSE.,Leonardo Cipriani fue presidente de, ASSE,ASSE,la,False, la,[276],False
spanishLLM,480,669,test_gold,Jorge Basso fue ministro de Salud Pública.,Jorge Basso fue ministro de Salud, Pública,Pública,icas฀,False, icas฀,"[221, 972, 15521]",False
spanishLLM,481,674,test_gold,El dengue fue una de las enfermedades que más preocuparon al Ministerio de Salud Pública (MSP).,El dengue fue una de las enfermedades que más preocuparon al Ministerio de Salud Pública, (MSP),(MSP),??,False,??,[4134],False
spanishLLM,482,678,test_gold,Liverpool fue el campeón en Inglaterra.,Liverpool fue el campeón en, Inglaterra,Inglaterra,la,False, la,[276],False
spanishLLM,483,680,test_gold,"el pastor Márquez fue el fundador de la Iglesia Misión y de la ONG Beraca, Jorge Márquez.","el pastor Márquez fue el fundador de la Iglesia Misión y de la ONG Beraca, Jorge", Márquez,Márquez,฀,False, ฀,"[221, 15521]",False
spanishLLM,484,681,test_gold,El pastor Márquez es de la iglesia Misión Vida.,El pastor Márquez es de la iglesia Misión, Vida,Vida,฀,False, ฀,"[221, 15521]",False
spanishLLM,485,686,test_gold,Marcos Carámbula fue el presidente de la Administración de Servicios de Salud del Estado (ASSE).,Marcos Carámbula fue el presidente de la Administración de Servicios de Salud del Estado, (ASSE),(ASSE),ulares,False, ulares,"[221, 6246]",False
spanishLLM,486,688,test_gold,Carámbula propone la vacunación como solución para la pandemia.,Carámbula propone la vacunación como solución para la, pandemia,pandemia,enfermedad,False, enfermedad,[3505],False
spanishLLM,487,689,test_gold,"Las poblaciones prioritarias con respecto a la vacunación fueron el personal de la salud, las personas de mayor riesgo que coexistían con el COVID y los adultos mayores.","Las poblaciones prioritarias con respecto a la vacunación fueron el personal de la salud, las personas de mayor riesgo que coexistían con el COVID y los adultos", mayores,mayores,",",False,",",[12],False
spanishLLM,488,693,test_gold,"Los dispositivos de medición de calor se emplean en escuelas, aeropuertos e instalaciones médicas.","Los dispositivos de medición de calor se emplean en escuelas, aeropuertos e instalaciones", médicas,médicas,de,False, de,[258],False
spanishLLM,489,703,test_gold,Aleksander Čeferin fue presidente de la UEFA.,Aleksander Čeferin fue presidente de la, UEFA,UEFA,sociedad,False, sociedad,[2084],False
spanishLLM,490,708,test_gold,Los participantes del estudio de anticuerpos de IrsiCaixa fueron observados durante 15 meses.,Los participantes del estudio de anticuerpos de IrsiCaixa fueron observados durante 15, meses,meses,"años,",False," años,","[783, 12]",False
spanishLLM,491,713,test_gold,"La enzima se encuentra unida a la membrana que recubre las células de pulmones, las arterias, los riñones y los intestinos.","La enzima se encuentra unida a la membrana que recubre las células de pulmones, las arterias, los riñones y los", intestinos,intestinos,riñones,False, riñones.,"[15560, 336, 14]",False
spanishLLM,492,714,test_gold,El nombre científico del coronavirus es SARS-CoV-2.,El nombre científico del coronavirus es, SARS-CoV-2,SARS-CoV-2,una,False, una,[361],False
spanishLLM,493,72,test_gold,"Las directrices de la DGS de Portugal recomendaron que las personas más vulnerables, especialmente aquellas con enfermedades crónicas o inmunodepresión, usaran mascarilla.","Las directrices de la DGS de Portugal recomendaron que las personas más vulnerables, especialmente aquellas con enfermedades crónicas o inmunodepresión, usaran", mascarilla,mascarilla,las,False, las,[321],False
spanishLLM,494,721,test_gold,Llegaron dos millones de vacunas de Pfizer.,Llegaron dos millones de vacunas de, Pfizer,Pfizer,"antígenos,",False," antígenos,","[426, 460, 13382, 12]",False
spanishLLM,495,723,test_gold,Llegaron a Uruguay 172.800 dosis de la vacuna AstraZeneca.,Llegaron a Uruguay 172.800 dosis de la vacuna, AstraZeneca,AstraZeneca,contra,False, contra,[702],False
spanishLLM,496,727,test_gold,El shock de la demanda ocurre cuando los gastos del consumo caen en picada.,El shock de la demanda ocurre cuando los gastos del consumo caen en, picada,picada,el,False, el,[288],False
spanishLLM,497,728,test_gold,"Algunos de los países europeos más afectados por la pandemia fueron aquellos que habían sufrido los peores recortes en el presupuesto público durante las medidas de austeridad en la zona euro, lo que vinculó la inversión pública con el control adecuado de la pandemia.","Algunos de los países europeos más afectados por la pandemia fueron aquellos que habían sufrido los peores recortes en el presupuesto público durante las medidas de austeridad en la zona euro, lo que vinculó la inversión pública con el control adecuado de la", pandemia,pandemia,ue,False, ue,[1998],False
spanishLLM,498,729,test_gold,OMS significa Organización Mundial de la Salud.,OMS significa Organización Mundial de la, Salud,Salud,฀฀฀฀฀฀฀฀฀฀฀฀฀฀฀฀฀฀฀฀฀฀฀฀฀฀฀฀฀฀฀฀,False,฀฀฀฀฀฀฀฀฀฀฀฀฀฀฀฀฀฀฀฀฀฀฀฀฀฀฀฀฀฀฀฀,"[15521, 15521, 15521, 15521, 15521, 15521, 15521, 15521, 15521, 15521, 15521, 15521, 15521, 15521, 15521, 15521, 15521, 15521, 15521, 15521, 15521, 15521, 15521, 15521, 15521, 15521, 15521, 15521, 15521, 15521, 15521, 15521]",True
spanishLLM,499,730,test_gold,Una infección endémica es una enfermedad que ha logrado una presencia constante o prevalencia en una población.,Una infección endémica es una enfermedad que ha logrado una presencia constante o prevalencia en una, población,población,población,True, población,[2032],False
spanishLLM,500,731,test_gold,Michael Ryan fue el director ejecutivo del Programa de Emergencias Sanitarias de la OMS.,Michael Ryan fue el director ejecutivo del Programa de Emergencias Sanitarias de la, OMS,OMS,energía,False, energía,[2238],False
spanishLLM,501,734,test_gold,La línea de apoyo psicológico estuvo disponible las 24 horas.,La línea de apoyo psicológico estuvo disponible las 24, horas,horas,horas,True, horas,[1695],False
spanishLLM,502,736,test_gold,La medida del gobierno de invertir en la compra de estudios de covid-19 fue anunciada por la Unidad Centralizada de Adquisiciones del Ministerio de Economía y Finanzas (MEF).,La medida del gobierno de invertir en la compra de estudios de covid-19 fue anunciada por la Unidad Centralizada de Adquisiciones del Ministerio de Economía y Finanzas, (MEF),(MEF),฀de฀de฀de฀de฀de฀,False, ฀de฀de฀de฀de฀de฀,"[221, 15521, 257, 15521, 257, 15521, 257, 15521, 257, 15521, 257, 15521]",False
spanishLLM,503,737,test_gold,El gobierno uruguayo invirtió casi ocho millones de dólares en la compra de estudios diagnósticos y tomas de muestras de covid-19.,El gobierno uruguayo invirtió casi ocho millones de dólares en la compra de estudios diagnósticos y tomas de muestras de, covid-19,covid-19,sangre,False, sangre.,"[3681, 14]",False
spanishLLM,504,74,test_gold,La mascarilla es una medida eficaz para prevenir el contagio de covid-19.,La mascarilla es una medida eficaz para prevenir el contagio de, covid-19,covid-19,enfermedades,False, enfermedades,[4888],False
spanishLLM,505,747,test_gold,El Colectivo Trans del Uruguay (CTU) lanzó una campaña de donaciones para armar canastas de alimentos.,El Colectivo Trans del Uruguay (CTU) lanzó una campaña de donaciones para armar canastas de, alimentos,alimentos,la,False, la,[276],False
spanishLLM,506,757,test_gold,El testeo de anticuerpos en Rivera se realizó en marzo.,El testeo de anticuerpos en Rivera se realizó en, marzo,marzo,el,False, el,[288],False
spanishLLM,507,76,test_gold,El proyecto de ley presentado por la senadora Carmen Sanguinetti establecía que el teletrabajo no podía superar el límite máximo de 44 y 48 horas semanales.,El proyecto de ley presentado por la senadora Carmen Sanguinetti establecía que el teletrabajo no podía superar el límite máximo de 44 y 48 horas, semanales,semanales,de,False, de,[258],False
spanishLLM,508,77,test_gold,Carmen Sanguinetti fue senadora del Partido Colorado.,Carmen Sanguinetti fue senadora del Partido, Colorado,Colorado,"""""",False,"""""",[10766],False
spanishLLM,509,8,test_gold,"Las restricciones para las visitas a los reclusos permitían una visita mayor de 18 años por persona privada de libertad y no permitían mujeres embarazadas, personas inmunodeprimidas o que presentaran síntomas de coronavirus.","Las restricciones para las visitas a los reclusos permitían una visita mayor de 18 años por persona privada de libertad y no permitían mujeres embarazadas, personas inmunodeprimidas o que presentaran síntomas de", coronavirus,coronavirus,enfermedad,False, enfermedad,[3505],False
spanishLLM,510,83,test_gold,Nacional y Peñarol donaron kits de cuidados personales al personal de la salud.,Nacional y Peñarol donaron kits de cuidados personales al personal de la, salud,salud,clínica,False, clínica,[10792],False
spanishLLM,511,84,test_gold,Nacional donó 3.000 kits por la pandemia.,Nacional donó 3.000 kits por la, pandemia,pandemia,empresa,False, empresa,[1396],False
spanishLLM,512,9,test_gold,Fernando Mattos fue presidente del INAC.,Fernando Mattos fue presidente del, INAC,INAC,consejo,False, consejo,[670],False
spanishLLM,513,96,test_gold,Benett fue primer ministro de Israel.,Benett fue primer ministro de, Israel,Israel,la,False, la,[276],False
spanishLLM,514,97,test_gold,El Sinae es el Sistema Nacional de Emergencias.,El Sinae es el Sistema Nacional de, Emergencias,Emergencias,qué,False, qué,[824],False
spanishLLM,515,0,train,El plan de contención económica social se elaboró para mitigar el impacto de la emergencia sanitaria.,El plan de contención económica social se elaboró para mitigar el impacto de la emergencia, sanitaria,sanitaria,en,False, en,[283],False
spanishLLM,516,1,train,"La comisión de expertos del FA estuvo integrada por Danilo Astori, el senador Daniel Olesker, el ex ministro de Trabajo y Seguridad Social Ernesto Murro y la economista Andrea Vigorito.","La comisión de expertos del FA estuvo integrada por Danilo Astori, el senador Daniel Olesker, el ex ministro de Trabajo y Seguridad Social Ernesto Murro y la economista Andrea", Vigorito,Vigorito,฀en฀en฀en฀en฀en฀en฀en฀en฀en฀en฀en฀en฀en฀en฀en฀,False, ฀en฀en฀en฀en฀en฀en฀en฀en฀en฀en฀en฀en฀en฀en฀en฀,"[221, 15521, 265, 15521, 265, 15521, 265, 15521, 265, 15521, 265, 15521, 265, 15521, 265, 15521, 265, 15521, 265, 15521, 265, 15521, 265, 15521, 265, 15521, 265, 15521, 265, 15521, 265, 15521]",True
spanishLLM,517,100,train,"Durante la pandemia por coronavirus, en la página de UNICEF se podía descargar una guía para hablar sobre Covid-19.","Durante la pandemia por coronavirus, en la página de UNICEF se podía descargar una guía para hablar sobre", Covid-19,Covid-19,la,False, la,[276],False
spanishLLM,518,101,train,El libro disponible en la página de UNICEF trata sobre los derechos del niño.,El libro disponible en la página de UNICEF trata sobre los derechos del, niño,niño,"individuo,",False," individuo,","[9761, 12]",False
spanishLLM,519,102,train,El juego Right Runner estuvo disponible para celular.,El juego Right Runner estuvo disponible para, celular,celular,hacer,False, hacer,[826],False
spanishLLM,520,103,train,El ibuprofeno es un antiinflamatorio no esteroideo.,El ibuprofeno es un antiinflamatorio no, esteroideo,esteroideo,es,False, es,[290],False
spanishLLM,521,105,train,Olivier Veran fue el ministro de salud de Francia.,Olivier Veran fue el ministro de salud de, Francia,Francia,la,False, la,[276],False
spanishLLM,522,106,train,"Las comorbilidades que se asociaron a muertes por Covid-19 fueron enfermedades cerebrovasculares y coronarias, diabetes e hipertensión.","Las comorbilidades que se asociaron a muertes por Covid-19 fueron enfermedades cerebrovasculares y coronarias, diabetes e", hipertensión,hipertensión,hipertensión,True, hipertensión,"[9286, 13795]",False
spanishLLM,523,107,train,Charlotte Warren-Gash fue profesor asociado de epidemiología en la Escuela de Higiene y Medicina Tropical de Londres.,Charlotte Warren-Gash fue profesor asociado de epidemiología en la Escuela de Higiene y Medicina Tropical de, Londres,Londres,èlita,False, èlita,"[221, 2948, 76, 1222]",False
spanishLLM,524,109,train,"Las autoridades del Centro de Almaceneros Minoristas, Baristas, Autoservicistas y Afines del Uruguay (CAMBADU) y el secretario de Presidencia, Álvaro Delgado, están evaluando la medida de exigir el uso de tapabocas en los comercios minoristas asociados a la gremial.","Las autoridades del Centro de Almaceneros Minoristas, Baristas, Autoservicistas y Afines del Uruguay (CAMBADU) y el secretario de Presidencia, Álvaro Delgado, están evaluando la medida de exigir el uso de tapabocas en los comercios minoristas asociados a la", gremial,gremial,�nidades,False, �nidades,"[221, 10391, 78, 579]",False
spanishLLM,525,11,train,En la pandemia por coronavirus quien recomendó al gobierno argentino mantener el aislamiento fue un grupo de expertos de entidades nacionales e internacionales.,En la pandemia por coronavirus quien recomendó al gobierno argentino mantener el aislamiento fue un grupo de expertos de entidades nacionales e, internacionales,internacionales,internacionales,True, internacionales,[2043],False
spanishLLM,526,115,train,El primer caso de Covid en Argentina apareció el 3 de marzo.,El primer caso de Covid en Argentina apareció el 3 de, marzo,marzo,mayo,False, mayo,[1914],False
spanishLLM,527,117,train,Eduardo Wado de Pedro fue el Ministro del Interior de la Argentina.,Eduardo Wado de Pedro fue el Ministro del Interior de la, Argentina,Argentina,persona,False, persona,[1625],False
spanishLLM,528,118,train,Mario Meoni fue el Ministro de Transporte de la Argentina.,Mario Meoni fue el Ministro de Transporte de la, Argentina,Argentina,œnica,False, œnica,"[221, 130, 242, 78, 525]",False
spanishLLM,529,14,train,Ginés González García fue ministro de Salud de Argentina.,Ginés González García fue ministro de Salud de, Argentina,Argentina,"alud,",False," alud,","[221, 282, 787, 12]",False
spanishLLM,530,143,train,"El organizador del concurso de dibujo y fotografía 'La cuarentena' fue la Facultad de Arquitectura, Diseño y Urbanismo de la Universidad de la República.","El organizador del concurso de dibujo y fotografía 'La cuarentena' fue la Facultad de Arquitectura, Diseño y Urbanismo de la Universidad de la", República,República,�nismo,False, �nismo,"[221, 10391, 78, 900]",False
spanishLLM,531,145,train,"El jurado del concurso La Cuarentena estuvo compuesto por Julio Pereira, Ernesto Ryan, Nicolás Garrido, Mariana Cecilio y Leonardo Finotti.","El jurado del concurso La Cuarentena estuvo compuesto por Julio Pereira, Ernesto Ryan, Nicolás Garrido, Mariana Cecilio y Leonardo", Finotti,Finotti,ariño,False, ariño,"[221, 1555, 879]",False
spanishLLM,532,146,train,El acrónimo de la Universidad de la República es Udelar.,El acrónimo de la Universidad de la República es, Udelar,Udelar,una,False, una,[361],False
spanishLLM,533,147,train,Mariana Cecilio es de Brasil.,Mariana Cecilio es de, Brasil,Brasil,carácter,False, carácter,[2102],False
spanishLLM,534,15,train,"En Argentina, en el marco de las medidas para combatir la pandemia de coronavirus, la cuarentena se flexibilizó en las provincias de Entre Ríos, Misiones, Salta, San Juan y Neuquén.","En Argentina, en el marco de las medidas para combatir la pandemia de coronavirus, la cuarentena se flexibilizó en las provincias de Entre Ríos, Misiones, Salta, San Juan y", Neuquén,Neuquén,฀en฀en฀en฀en฀en฀en฀en฀en฀en฀en฀en฀en฀en฀en฀en฀,False, ฀en฀en฀en฀en฀en฀en฀en฀en฀en฀en฀en฀en฀en฀en฀en฀,"[221, 15521, 265, 15521, 265, 15521, 265, 15521, 265, 15521, 265, 15521, 265, 15521, 265, 15521, 265, 15521, 265, 15521, 265, 15521, 265, 15521, 265, 15521, 265, 15521, 265, 15521, 265, 15521]",True
spanishLLM,535,154,train,Los primeros contagiados de Covid-19 en el deporte uruguayo fueron dos jugadores de rugby y tres jugadoras de hockey.,Los primeros contagiados de Covid-19 en el deporte uruguayo fueron dos jugadores de rugby y tres jugadoras de, hockey,hockey,"rugby,",False," rugby,","[2299, 71, 5896, 12]",False
spanishLLM,536,16,train,"El aislamiento social, preventivo y obligatorio en Argentina, adoptado para combatir la pandemia de coronavirus, durará al menos hasta el 10 de mayo.","El aislamiento social, preventivo y obligatorio en Argentina, adoptado para combatir la pandemia de coronavirus, durará al menos hasta el 10 de", mayo,mayo,junio,False, junio,[1712],False
spanishLLM,537,160,train,"Los científicos británicos recomendaron, para combatir el coronavirus, aislar los casos sospechosos, poner en cuarentena a quienes viven con ellos y poner a resguardo a ancianos y personas con factores de riesgo.","Los científicos británicos recomendaron, para combatir el coronavirus, aislar los casos sospechosos, poner en cuarentena a quienes viven con ellos y poner a resguardo a ancianos y personas con factores de", riesgo,riesgo,riesgo,True, riesgo.,"[2444, 14]",False
spanishLLM,538,17,train,Las zonas de Argentina más afectadas por el Covid fueron la ciudad de Buenos Aires y la zona metropolitana.,Las zonas de Argentina más afectadas por el Covid fueron la ciudad de Buenos Aires y la zona, metropolitana,metropolitana,"iberia,",False," iberia,","[221, 4150, 384, 12]",False
spanishLLM,539,177,train,El sindicato de trabajadoras domésticas es el Sindicato Único de Trabajadoras Domésticas (SUTD).,El sindicato de trabajadoras domésticas es el Sindicato Único de Trabajadoras Domésticas, (SUTD),(SUTD),es,False, es,[290],False
spanishLLM,540,179,train,Yaneth Mazzoleni fue dirigente del Sindicato Único de Trabajadoras Domésticas.,Yaneth Mazzoleni fue dirigente del Sindicato Único de Trabajadoras, Domésticas,Domésticas,฀de,False, ฀de,"[221, 15521, 257]",False
spanishLLM,541,182,train,El acrónimo del Ministerio de Desarrollo Social es Mides.,El acrónimo del Ministerio de Desarrollo Social es, Mides,Mides,una,False, una,[361],False
spanishLLM,542,183,train,La dirección del hotel Urban Express es Andes y Uruguay.,La dirección del hotel Urban Express es Andes y, Uruguay,Uruguay,^^^^^^^^^^^^^^^^^^^^^^^^^^^^^^^,False, ^^^^^^^^^^^^^^^^^^^^^^^^^^^^^^^,"[221, 62, 62, 62, 62, 62, 62, 62, 62, 62, 62, 62, 62, 62, 62, 62, 62, 62, 62, 62, 62, 62, 62, 62, 62, 62, 62, 62, 62, 62, 62, 62]",True
spanishLLM,543,184,train,Gabriel Cunha fue director de Coordinación de Programas para Personas en Situación de Calle del Mides.,Gabriel Cunha fue director de Coordinación de Programas para Personas en Situación de Calle del, Mides,Mides,icastaalle,False, icastaalle,"[221, 972, 301, 282, 327]",False
spanishLLM,544,185,train,Nicolás Martinelli fue director general de Secretaría del Mides.,Nicolás Martinelli fue director general de Secretaría del, Mides,Mides,ministerio,False, ministerio,[3687],False
spanishLLM,545,186,train,Luis Lacalle Pou fue presidente.,Luis Lacalle Pou fue, presidente,presidente,un,False, un,[303],False
spanishLLM,546,189,train,Magdalena Furtado fue la representante de ONU Mujeres en Uruguay.,Magdalena Furtado fue la representante de ONU Mujeres en, Uruguay,Uruguay,฀,False, ฀,"[221, 15521]",False
spanishLLM,547,19,train,"En el marco de la pandemia por coronavirus, quien solicitó al gobierno no retomar las clases presenciales en escuelas rurales el 22 de abril fue la Sociedad de Medicina Rural del Uruguay.","En el marco de la pandemia por coronavirus, quien solicitó al gobierno no retomar las clases presenciales en escuelas rurales el 22 de abril fue la Sociedad de Medicina Rural del", Uruguay,Uruguay,฀away,False, ฀away,"[221, 15521, 65, 9450]",False
spanishLLM,548,190,train,Soledad Quesada fue directora de la Asesoría para la Igualdad de Género de la Intendencia de Montevideo.,Soledad Quesada fue directora de la Asesoría para la Igualdad de Género de la Intendencia de, Montevideo,Montevideo,la,False, la,[276],False
spanishLLM,549,193,train,El confinamiento en España comenzó el domingo en que el gobierno de Pedro Sánchez decretó el estado de alerta durante la pandemia de Covid-19.,El confinamiento en España comenzó el domingo en que el gobierno de Pedro Sánchez decretó el estado de alerta durante la pandemia de, Covid-19,Covid-19,gripe,False, gripe,"[491, 8124]",False
spanishLLM,550,197,train,Giuseppe Conte fue el primer ministro de Italia.,Giuseppe Conte fue el primer ministro de, Italia,Italia,la,False, la,[276],False
spanishLLM,551,2,train,"Durante la pandemia por coronavirus el FA elaboró el “plan de contención económica social” que, en materia laboral, estableció medidas de preservación de puestos de trabajo","Durante la pandemia por coronavirus el FA elaboró el “plan de contención económica social” que, en materia laboral, estableció medidas de preservación de puestos de", trabajo,trabajo,trabajo”,False, trabajo”,"[779, 1200]",False
spanishLLM,552,20,train,"Luego de suspender las clases presenciales por la pandemia de coronavirus, se pensaba retomarlas un 22 de abril.","Luego de suspender las clases presenciales por la pandemia de coronavirus, se pensaba retomarlas un 22 de", abril,abril,diciembre,False, diciembre,[1362],False
spanishLLM,553,202,train,"La estrategia sanitaria presentada por el gobierno del primer ministro italiano, Giuseppe Conte, para la reapertura gradual del país a partir del 4 de mayo durante la pandemia de coronavirus, tiene cinco puntos.","La estrategia sanitaria presentada por el gobierno del primer ministro italiano, Giuseppe Conte, para la reapertura gradual del país a partir del 4 de mayo durante la pandemia de coronavirus, tiene cinco", puntos,puntos,años,False, años,[783],False
spanishLLM,554,203,train,El seminario de Isol Misenta se transmitió en vivo a través del Instagram Live de @plastilinarte.,El seminario de Isol Misenta se transmitió en vivo a través del Instagram Live de, @plastilinarte,@plastilinarte,la,False, la,[276],False
spanishLLM,555,205,train,Isol Misenta es una autora e ilustradora argentina.,Isol Misenta es una autora e ilustradora, argentina,argentina,?,False,?,[31],False
spanishLLM,556,206,train,El seminario de Isol Misenta está dirigido a familias.,El seminario de Isol Misenta está dirigido a, familias,familias,la,False, la,[276],False
spanishLLM,557,208,train,Isol Misenta ganó el Memorial Astrid Lindgren.,Isol Misenta ganó el Memorial Astrid, Lindgren,Lindgren,"ale"")",False,"ale"")","[4504, 6199]",False
spanishLLM,558,209,train,El pueblo Kichwa es una comunidad indígena de Ecuador.,El pueblo Kichwa es una comunidad indígena de, Ecuador,Ecuador,"indígenas,",False," indígenas,","[5245, 12]",False
spanishLLM,559,22,train,"En el marco de la pandemia por coronavirus, la decisión de retomar las clases un 22 abril fue tomada por el gobierno.","En el marco de la pandemia por coronavirus, la decisión de retomar las clases un 22 abril fue tomada por el", gobierno,gobierno,gobierno,True, gobierno,[1107],False
spanishLLM,560,221,train,"Dos aviones, uno de la empresa Amaszonas y otro de la Fuerza Aérea Uruguaya, traerán a más de 120 uruguayos varados en Perú como parte de una operación del gobierno uruguayo para repatriarlos debido a los cierres de fronteras por la pandemia de coronavirus.","Dos aviones, uno de la empresa Amaszonas y otro de la Fuerza Aérea Uruguaya, traerán a más de 120 uruguayos varados en Perú como parte de una operación del gobierno uruguayo para repatriarlos debido a los cierres de fronteras por la pandemia de", coronavirus,coronavirus,los,False, los,[310],False
spanishLLM,561,222,train,Ernesto Talvi fue Ministro de Relaciones Exteriores.,Ernesto Talvi fue Ministro de Relaciones, Exteriores,Exteriores,฀de,False, ฀de,"[221, 15521, 257]",False
spanishLLM,562,223,train,"En la repatriación de uruguayos varados en Perú, tuvieron prioridad los adultos mayores, las personas en situación de vulnerabilidad, las familias con hijos menores y aquellas personas que estuvieron varadas por más tiempo.","En la repatriación de uruguayos varados en Perú, tuvieron prioridad los adultos mayores, las personas en situación de vulnerabilidad, las familias con hijos menores y aquellas personas que estuvieron varadas por más", tiempo,tiempo,de,False, de,[258],False
spanishLLM,563,224,train,La pandemia del nuevo coronavirus causó la suspensión de la asamblea de Wanderers.,La pandemia del nuevo coronavirus causó la suspensión de la asamblea de, Wanderers,Wanderers,la,False, la,[276],False
spanishLLM,564,229,train,El Sudamericano femenino sub 17 postergado por el Covid-19 estaba previsto para comenzar el 15 de abril.,El Sudamericano femenino sub 17 postergado por el Covid-19 estaba previsto para comenzar el 15 de, abril,abril,diciembre,False, diciembre,[1362],False
spanishLLM,565,23,train,"En Uruguay, las clases presenciales de las escuelas rurales no se retomarán el 22 de abril de 2020 en el departamento de Canelones.","En Uruguay, las clases presenciales de las escuelas rurales no se retomarán el 22 de abril de 2020 en el departamento de", Canelones,Canelones,"educación,",False," educación,","[1837, 12]",False
spanishLLM,566,232,train,La primera fase del Sudamericano femenino sub 17 en Uruguay se jugó en el estadio Charrúa de Montevideo.,La primera fase del Sudamericano femenino sub 17 en Uruguay se jugó en el estadio Charrúa de, Montevideo,Montevideo,la,False, la,[276],False
spanishLLM,567,234,train,La AUF es la Asociación Uruguaya de Fútbol.,La AUF es la Asociación Uruguaya de, Fútbol,Fútbol,฀,False, ฀,"[221, 15521]",False
spanishLLM,568,236,train,Defensor Sporting y Plaza Colonia decidieron mandar a sus jugadores al seguro de paro.,Defensor Sporting y Plaza Colonia decidieron mandar a sus jugadores al seguro de, paro,paro,vida,False, vida,[1118],False
spanishLLM,569,237,train,"Los extranjeros liberados por los clubes uruguayos fueron el argentino Imanol Enríquez, los paraguayos Guido Verdún y Santiago Irala, y el brasileño Leonai Souza.","Los extranjeros liberados por los clubes uruguayos fueron el argentino Imanol Enríquez, los paraguayos Guido Verdún y Santiago Irala, y el brasileño Leonai", Souza,Souza,฀en฀en,False, ฀en฀en,"[221, 15521, 265, 15521, 265]",False
spanishLLM,570,238,train,Para acceder al seguro de paro se requerían al menos 180 días de actividad.,Para acceder al seguro de paro se requerían al menos 180 días de, actividad,actividad,trabajo,False, trabajo,[779],False
spanishLLM,571,239,train,"En el año 2020, los clubes Defensor Sporting y Plaza Colonia de la Asociación Uruguaya de Fútbol enviaron al seguro de paro a los futbolistas del plantel principal, al cuerpo técnico, a los trabajadores con cargos rentados y a la mayoría del personal administrativo.","En el año 2020, los clubes Defensor Sporting y Plaza Colonia de la Asociación Uruguaya de Fútbol enviaron al seguro de paro a los futbolistas del plantel principal, al cuerpo técnico, a los trabajadores con cargos rentados y a la mayoría del personal", administrativo,administrativo,y,False, y,[291],False
spanishLLM,572,24,train,Someruy es la Sociedad de Medicina Rural del Uruguay.,Someruy es la Sociedad de Medicina Rural del, Uruguay,Uruguay,฀,False, ฀,"[221, 15521]",False
spanishLLM,573,245,train,"El coronavirus de las aves presenta síntomas respiratorios, pero puede agravarse por infecciones secundarias.","El coronavirus de las aves presenta síntomas respiratorios, pero puede agravarse por infecciones", secundarias,secundarias,y,False, y,[291],False
spanishLLM,574,246,train,El primer caso de coronavirus en un ave se detectó a principios del siglo XXI.,El primer caso de coronavirus en un ave se detectó a principios del siglo, XXI,XXI,xx,False, xx.,"[6381, 14]",False
spanishLLM,575,247,train,Los virus son entidades biológicas compuestas de material hereditario y proteínas que requieren necesariamente de un hospedero para replicarse y generar copias de sí mismos.,Los virus son entidades biológicas compuestas de material hereditario y proteínas que requieren necesariamente de un hospedero para replicarse y generar copias de sí, mismos,mismos,mismo,False, mismo.,"[1043, 14]",False
spanishLLM,576,248,train,Los coronavirus son virus con envoltura (una capa lipídica asociada a glicoproteínas) cuyo genoma es una única hebra de ARN de entre 25 y 32 kb.,Los coronavirus son virus con envoltura (una capa lipídica asociada a glicoproteínas) cuyo genoma es una única hebra de ARN de entre 25 y 32, kb,kb,es,False, es,[290],False
spanishLLM,577,249,train,"De acuerdo a su origen, los dos grandes grupos de coronavirus son el de las aves y el de los mamíferos (murciélagos).","De acuerdo a su origen, los dos grandes grupos de coronavirus son el de las aves y el de los mamíferos", (murciélagos),(murciélagos),",",False,",",[12],False
spanishLLM,578,25,train,Menos del 6% de los médicos uruguayos vivía y asistía al norte del Río Negro.,Menos del 6% de los médicos uruguayos vivía y asistía al norte del Río, Negro,Negro,uruguay),False, uruguay),"[8581, 9]",False
spanishLLM,579,26,train,Patricia Nava fue la presidenta de la Federación Médica del Interior.,Patricia Nava fue la presidenta de la Federación Médica del, Interior,Interior,฀,False, ฀,"[221, 15521]",False
spanishLLM,580,261,train,El gobierno aumentó el IVA al reducir el descuento para compras con tarjeta de débito de 4% a 2% y para compras con tarjeta de crédito.,El gobierno aumentó el IVA al reducir el descuento para compras con tarjeta de débito de 4% a 2% y para compras con tarjeta de, crédito,crédito,débito,False, débito,"[2069, 465, 292]",False
spanishLLM,581,262,train,El descuento para las tarjetas de débito se redujo del 4% al 2%.,El descuento para las tarjetas de débito se redujo del 4% al, 2%,2%,5%,False, 5%,"[675, 5]",False
spanishLLM,582,263,train,El Frente Amplio es una coalición de izquierda.,El Frente Amplio es una coalición de, izquierda,izquierda,personas,False, personas,[1040],False
spanishLLM,583,264,train,Javier Miranda fue presidente del Frente Amplio (FA).,Javier Miranda fue presidente del Frente Amplio, (FA),(FA),iris,False, iris,"[221, 381, 307]",False
spanishLLM,584,269,train,El país de origen del covid-19 es China.,El país de origen del covid-19 es, China,China,un,False, un,[303],False
spanishLLM,585,27,train,Patricia Nava fue la presidenta de Femi.,Patricia Nava fue la presidenta de, Femi,Femi,la,False, la,[276],False
spanishLLM,586,271,train,Teletrabajar es una actividad laboral que se lleva a cabo fuera de la organización.,Teletrabajar es una actividad laboral que se lleva a cabo fuera de la, organización,organización,empresa,False, empresa.,"[1396, 14]",False
spanishLLM,587,272,train,"El teletrabajo puede generar beneficios a los empleadores, como la optimización de recursos y la disminución de gastos operativos.","El teletrabajo puede generar beneficios a los empleadores, como la optimización de recursos y la disminución de gastos", operativos,operativos,de,False, de,[258],False
spanishLLM,588,273,train,"En Uruguay, la modalidad de teletrabajo no está contenida en el marco jurídico.","En Uruguay, la modalidad de teletrabajo no está contenida en el marco", jurídico,jurídico,de,False, de,[258],False
spanishLLM,589,274,train,"Algunos beneficios del teletrabajo, para los empleados, son mayor disponibilidad de tiempo y reducción de costos.","Algunos beneficios del teletrabajo, para los empleados, son mayor disponibilidad de tiempo y reducción de", costos,costos,la,False, la,[276],False
spanishLLM,590,277,train,"El sitio 'Cine.ar' contiene decenas de películas, series, documentales y cortos de producción argentina.","El sitio 'Cine.ar' contiene decenas de películas, series, documentales y cortos de producción", argentina,argentina,",",False,",",[12],False
spanishLLM,591,278,train,"Los protagonistas de la película 'Alelí' son Néstor Guzzini, Cristina Morán, Mirella Pascual y Romina Peluffo.","Los protagonistas de la película 'Alelí' son Néstor Guzzini, Cristina Morán, Mirella Pascual y Romina", Peluffo,Peluffo,฀re฀en,False, ฀re฀en,"[221, 15521, 278, 15521, 265]",False
spanishLLM,592,279,train,Cine.ar es una plataforma con sede en Medellín.,Cine.ar es una plataforma con sede en, Medellín,Medellín,la,False, la,[276],False
spanishLLM,593,28,train,FEMI es la Federación Médica del Interior.,FEMI es la Federación Médica del, Interior,Interior,},False, },"[221, 93]",False
spanishLLM,594,280,train,"El SMU pidió 'medidas drásticas de prevención' de la expansión del COVID-19, entre ellas una 'cuarentena general'.","El SMU pidió 'medidas drásticas de prevención' de la expansión del COVID-19, entre ellas una 'cuarentena", general',general',฀de฀,False,฀de฀,"[15521, 257, 15521]",False
spanishLLM,595,283,train,"El SMU pidió que se cerraran restaurantes, centros comerciales y otros posibles lugares de esparcimiento del virus.","El SMU pidió que se cerraran restaurantes, centros comerciales y otros posibles lugares de esparcimiento del", virus,virus,mercado,False, mercado,[1368],False
spanishLLM,596,284,train,"Tener una amplia disponibilidad de tests permite detectar el virus en las personas, mejorando la estrategia de prevención, el aislamiento de contactos y protegiendo al personal sanitario para no mermar los recursos humanos del sistema de salud.","Tener una amplia disponibilidad de tests permite detectar el virus en las personas, mejorando la estrategia de prevención, el aislamiento de contactos y protegiendo al personal sanitario para no mermar los recursos humanos del sistema de", salud,salud,salud,True, salud,[1658],False
spanishLLM,597,285,train,La OFI es la Organización del Fútbol del Interior.,La OFI es la Organización del Fútbol del, Interior,Interior,฀,False, ฀,"[221, 15521]",False
spanishLLM,598,286,train,"Tras la suspensión por coronavirus, los torneos de fútbol organizador por la OFI se reiniciarán un 15 de mayo.","Tras la suspensión por coronavirus, los torneos de fútbol organizador por la OFI se reiniciarán un 15 de", mayo,mayo,diciembre,False, diciembre,[1362],False
spanishLLM,599,287,train,"La Copa Nacional de Selecciones, el primer campeonato del año de la Organización del Fútbol del Interior (OFI), se suspendió cuando estaban por empezar a jugarse los cuartos de final de la Fase Nacional.","La Copa Nacional de Selecciones, el primer campeonato del año de la Organización del Fútbol del Interior (OFI), se suspendió cuando estaban por empezar a jugarse los cuartos de final de la Fase", Nacional,Nacional,฀,False, ฀,"[221, 15521]",False
spanishLLM,600,288,train,"Unos días antes de la suspensión de la Copa Nacional de Selecciones de la Organización del Fútbol del Interior (OFI), las selecciones de San José, Salto y Canelones del Este fueron campeonas de las zonas Sur, Litoral y Este, respectivamente.","Unos días antes de la suspensión de la Copa Nacional de Selecciones de la Organización del Fútbol del Interior (OFI), las selecciones de San José, Salto y Canelones del Este fueron campeonas de las zonas Sur, Litoral y Este,", respectivamente,respectivamente,฀de฀de฀de฀de฀,False, ฀de฀de฀de฀de฀,"[221, 15521, 257, 15521, 257, 15521, 257, 15521, 257, 15521]",False
spanishLLM,601,289,train,"Los cruces de ida en cuartos de final de la Fase Nacional de la Copa Nacional de Selecciones de la Organización del Fútbol del Interior (OFI) son Canelones del Este-Paysandú, Cerro Largo-San José, Rocha-Río Negro y Canelones-Salto.","Los cruces de ida en cuartos de final de la Fase Nacional de la Copa Nacional de Selecciones de la Organización del Fútbol del Interior (OFI) son Canelones del Este-Paysandú, Cerro Largo-San José, Rocha-Río Negro y", Canelones-Salto,Canelones-Salto,฀en฀en฀en฀en฀en฀en฀en฀en฀en฀en฀en฀en฀en฀en฀en฀,False, ฀en฀en฀en฀en฀en฀en฀en฀en฀en฀en฀en฀en฀en฀en฀en฀,"[221, 15521, 265, 15521, 265, 15521, 265, 15521, 265, 15521, 265, 15521, 265, 15521, 265, 15521, 265, 15521, 265, 15521, 265, 15521, 265, 15521, 265, 15521, 265, 15521, 265, 15521, 265, 15521]",True
spanishLLM,602,293,train,Las personas que vivían en condiciones de mayor vulnerabilidad eran las más afectadas.,Las personas que vivían en condiciones de mayor vulnerabilidad eran las más, afectadas,afectadas,"vulnerables,",False," vulnerables,","[9181, 12]",False
spanishLLM,603,295,train,"Actualmente, el humor en España pasa por un momento dorado.","Actualmente, el humor en España pasa por un momento", dorado,dorado,muy,False, muy,[850],False
spanishLLM,604,296,train,"El humor español actual, que incluye miles de videos de stand-up, programas televisivos y sketches de dúos como Pantomima Full y Venga Monjas, se puede encontrar en la plataforma YouTube.","El humor español actual, que incluye miles de videos de stand-up, programas televisivos y sketches de dúos como Pantomima Full y Venga Monjas, se puede encontrar en la plataforma", YouTube,YouTube,"฀enga,",False," ฀enga,","[221, 15521, 265, 602, 12]",False
spanishLLM,605,297,train,"En el actual momento dorado del humor en España, los videos de stand-up se pueden encontrar en YouTube.","En el actual momento dorado del humor en España, los videos de stand-up se pueden encontrar en", YouTube,YouTube,el,False, el,[288],False
spanishLLM,606,298,train,"Pantomima Full es una parodia de tipos urbanos: el emprendedor, el ciclista, el adicto al trabajo, el salidor, el solitario, el místico, el crossfitero, el fanático de la cerveza artesanal y el de la sidra.","Pantomima Full es una parodia de tipos urbanos: el emprendedor, el ciclista, el adicto al trabajo, el salidor, el solitario, el místico, el crossfitero, el fanático de la cerveza artesanal y el de la", sidra,sidra,"cerveza,",False," cerveza,","[10188, 12]",False
spanishLLM,607,299,train,"Si la parodia de tipos urbanos del dúo madrileño Pantomima Full estuviera ambientada en Montevideo, el objetivo de la broma sería el 'nuevo uruguayo'.","Si la parodia de tipos urbanos del dúo madrileño Pantomima Full estuviera ambientada en Montevideo, el objetivo de la broma sería el 'nuevo", uruguayo',uruguayo',"estado',",False," estado',","[785, 12665]",False
spanishLLM,608,3,train,"Los objetivos del plan de contención económica social son preservar las empresas y las y los trabajadores, no aumentar la pobreza y la desigualdad, y prepararse para el día después.","Los objetivos del plan de contención económica social son preservar las empresas y las y los trabajadores, no aumentar la pobreza y la desigualdad, y prepararse para el día", después,después,de,False, de,[258],False
spanishLLM,609,300,train,La OMS es la Organización Mundial de la Salud.,La OMS es la Organización Mundial de la, Salud,Salud,œnica฀,False, œnica฀,"[221, 130, 242, 78, 525, 15521]",False
spanishLLM,610,301,train,"Según la Organización Mundial de la Salud (OMS), un ejercicio que se puede realizar en el hogar para mantener la salud física durante la cuarentena por coronavirus es bajar y subir escaleras.","Según la Organización Mundial de la Salud (OMS), un ejercicio que se puede realizar en el hogar para mantener la salud física durante la cuarentena por coronavirus es bajar y subir", escaleras,escaleras,la,False, la,[276],False
spanishLLM,611,303,train,Fumar aumenta el peligro de verse afectado por otras enfermedades graves en relación al coronavirus.,Fumar aumenta el peligro de verse afectado por otras enfermedades graves en relación al, coronavirus,coronavirus,tratamiento,False, tratamiento,[2355],False
spanishLLM,612,304,train,El número para suscribirse a las actualizaciones de coronavirus de la OMS mediante mensaje de texto era 0041798931892.,El número para suscribirse a las actualizaciones de coronavirus de la OMS mediante mensaje de texto era, 0041798931892,0041798931892,una,False, una,[361],False
spanishLLM,613,309,train,"Los principales síntomas del covid-19 son fiebre, tos seca o poco productiva, dificultad respiratoria, resfrío, dolor de garganta, decaimiento, dolores musculares y articulares, cefalea y, con menor frecuencia, dolor abdominal y a veces diarrea.","Los principales síntomas del covid-19 son fiebre, tos seca o poco productiva, dificultad respiratoria, resfrío, dolor de garganta, decaimiento, dolores musculares y articulares, cefalea y, con menor frecuencia, dolor abdominal y a veces", diarrea,diarrea,",",False,",",[12],False
spanishLLM,614,31,train,Beatriz Argimón fue la vicepresidenta de Uruguay.,Beatriz Argimón fue la vicepresidenta de, Uruguay,Uruguay,la,False, la,[276],False
spanishLLM,615,312,train,La ANII es la Agencia Nacional de Investigación e Innovación.,La ANII es la Agencia Nacional de Investigación e, Innovación,Innovación,e,False, e,[259],False
spanishLLM,616,313,train,Los kits de diagnóstico de Covid-19 debían estar disponibles antes de mayo de 2020.,Los kits de diagnóstico de Covid-19 debían estar disponibles antes de mayo de, 2020,2020,1992,False, 1992.,"[4167, 14]",False
spanishLLM,617,318,train,Argentina registró 41.080 casos positivos de covid-19 en un solo día.,Argentina registró 41.080 casos positivos de covid-19 en un solo, día,día,"caso,",False," caso,","[925, 12]",False
spanishLLM,618,32,train,"Las elecciones departamentales de Uruguay, cuyo posible aplazamiento fue analizado por la vicepresidenta Beatriz Argimón y los partidos políticos, estaban previstas para el 10 de mayo.","Las elecciones departamentales de Uruguay, cuyo posible aplazamiento fue analizado por la vicepresidenta Beatriz Argimón y los partidos políticos, estaban previstas para el 10 de", mayo,mayo,julio,False, julio,[1605],False
spanishLLM,619,322,train,Cao Liping fue representante del Ministerio de Ecología y Medio Ambiente de China.,Cao Liping fue representante del Ministerio de Ecología y Medio Ambiente de, China,China,icas฀,False, icas฀,"[221, 972, 15521]",False
spanishLLM,620,323,train,El paquete de estímulo económico aprobado por Donald Trump fue de dos billones de dólares.,El paquete de estímulo económico aprobado por Donald Trump fue de dos billones de, dólares,dólares,"ecus,",False," ecus,","[4806, 12]",False
spanishLLM,621,325,train,"La secuencia de los genomas del coronavirus permite saber de dónde provienen las cepas que ingresaron a Uruguay, cuándo llegaron y si hay diferentes variantes del nuevo coronavirus en el país.","La secuencia de los genomas del coronavirus permite saber de dónde provienen las cepas que ingresaron a Uruguay, cuándo llegaron y si hay diferentes variantes del nuevo coronavirus en el", país,país,caso,False, caso,[925],False
spanishLLM,622,327,train,El estudio del Institut Pasteur de Montevideo para secuenciar los genomas del SARS-CoV-2 en diez pacientes uruguayos con Covid-19 fue liderado por Gregorio Iraola junto a Pilar Moreno y Gonzalo Moratorio.,El estudio del Institut Pasteur de Montevideo para secuenciar los genomas del SARS-CoV-2 en diez pacientes uruguayos con Covid-19 fue liderado por Gregorio Iraola junto a Pilar Moreno y Gonzalo, Moratorio,Moratorio,฀en฀en฀en฀en฀en฀lo,False, ฀en฀en฀en฀en฀en฀lo,"[221, 15521, 265, 15521, 265, 15521, 265, 15521, 265, 15521, 265, 15521, 333]",False
spanishLLM,623,33,train,Iván Posada fue diputado del Partido Independiente.,Iván Posada fue diputado del Partido, Independiente,Independiente,de,False, de,[258],False
spanishLLM,624,331,train,Los gobiernos latinoamericanos tomaron medidas para proteger a los sectores más vulnerables de la población y de las empresas frente al impacto económico del coronavirus.,Los gobiernos latinoamericanos tomaron medidas para proteger a los sectores más vulnerables de la población y de las empresas frente al impacto económico del, coronavirus,coronavirus,cambio,False, cambio,[1867],False
spanishLLM,625,333,train,Iván Duque fue presidente de Colombia.,Iván Duque fue presidente de, Colombia,Colombia,la,False, la,[276],False
spanishLLM,626,34,train,"En el contexto de la crisis por la pandemia del coronavirus (Covid-19), se prevé que las consecuencias económicas, sociales y sanitarias serán de largo plazo.","En el contexto de la crisis por la pandemia del coronavirus (Covid-19), se prevé que las consecuencias económicas, sociales y sanitarias serán de largo", plazo,plazo,plazo,True, plazo.,"[1424, 14]",False
spanishLLM,627,340,train,El PIAS (Plan Integral de Atención a la Salud) es el plan que establece las prestaciones obligatorias que deben ofrecer las instituciones del Sistema Nacional Integrado de Salud.,El PIAS (Plan Integral de Atención a la Salud) es el plan que establece las prestaciones obligatorias que deben ofrecer las instituciones del Sistema Nacional Integrado de, Salud,Salud,฀de฀de฀,False, ฀de฀de฀,"[221, 15521, 257, 15521, 257, 15521]",False
spanishLLM,628,342,train,Los estudios diagnósticos que debían dar los prestadores de salud eran la técnica de PCR (reacción en cadena de la polimerasa).,Los estudios diagnósticos que debían dar los prestadores de salud eran la técnica de PCR (reacción en cadena de la, polimerasa),polimerasa),salud,False, salud,[1658],False
spanishLLM,629,345,train,Juan Pablo Labat es el ex director nacional de Evaluación y Monitoreo del Mides.,Juan Pablo Labat es el ex director nacional de Evaluación y Monitoreo del, Mides,Mides,personal,False, personal,[1229],False
spanishLLM,630,350,train,Valeria Ripoll fue la secretaria general de la Asociación de Empleados y Obreros Municipales de Montevideo (Adeom).,Valeria Ripoll fue la secretaria general de la Asociación de Empleados y Obreros Municipales de Montevideo, (Adeom),(Adeom),฀de฀de฀de฀de฀de฀de฀de฀de฀de฀de฀de฀de฀de฀de฀de฀,False, ฀de฀de฀de฀de฀de฀de฀de฀de฀de฀de฀de฀de฀de฀de฀de฀,"[221, 15521, 257, 15521, 257, 15521, 257, 15521, 257, 15521, 257, 15521, 257, 15521, 257, 15521, 257, 15521, 257, 15521, 257, 15521, 257, 15521, 257, 15521, 257, 15521, 257, 15521, 257, 15521]",True
spanishLLM,631,351,train,El Ministerio de Salud Pública (MSP) es quien determina el protocolo a aplicar en los cementerios de Montevideo para los fallecidos por coronavirus.,El Ministerio de Salud Pública (MSP) es quien determina el protocolo a aplicar en los cementerios de Montevideo para los fallecidos por, coronavirus,coronavirus,razones,False, razones,[4027],False
spanishLLM,632,352,train,"Según Ripoll, los responsables de salud de los trabajadores de la Intendencia debían acudir presencialmente al cementerio e indicar qué había que hacer.","Según Ripoll, los responsables de salud de los trabajadores de la Intendencia debían acudir presencialmente al cementerio e indicar qué había que", hacer,hacer,hacer,True, hacer,[826],False
spanishLLM,633,353,train,La Intendencia tomó como medida adicional en el protocolo para fallecidos por coronavirus que la túnica debía ser desechable.,La Intendencia tomó como medida adicional en el protocolo para fallecidos por coronavirus que la túnica debía ser, desechable,desechable,la,False, la,[276],False
spanishLLM,634,357,train,Azucena Arbeleche fue ministra de Economía.,Azucena Arbeleche fue ministra de, Economía,Economía,la,False, la,[276],False
spanishLLM,635,36,train,"Al comienzo de la pandemia, el país con más casos de Covid-19 fue China.","Al comienzo de la pandemia, el país con más casos de Covid-19 fue", China,China,el,False, el,[288],False
spanishLLM,636,360,train,Carmela Hountou fue denunciada por violación de cuarentena.,Carmela Hountou fue denunciada por violación de, cuarentena,cuarentena,la,False, la,[276],False
spanishLLM,637,362,train,Violar una cuarentena puede tener consecuencias penales.,Violar una cuarentena puede tener consecuencias, penales,penales,para,False, para,[351],False
spanishLLM,638,365,train,"Omar Paganini fue ministro de Industria, Energía y Minería.","Omar Paganini fue ministro de Industria, Energía y", Minería,Minería,ners,False, ners,"[221, 3440, 83]",False
spanishLLM,639,367,train,Las empresas que desarrollaron la tecnología para las alertas de exposición de la aplicación uruguaya Coronavirus Uy fueron Google y Apple.,Las empresas que desarrollaron la tecnología para las alertas de exposición de la aplicación uruguaya Coronavirus Uy fueron Google y, Apple,Apple,฀,False, ฀,"[221, 15521]",False
spanishLLM,640,368,train,Los únicos países que desarrollaron una app para coronavirus antes que Uruguay fueron Italia y Suiza.,Los únicos países que desarrollaron una app para coronavirus antes que Uruguay fueron Italia y, Suiza,Suiza,"tolia,",False," tolia,","[221, 6397, 384, 12]",False
spanishLLM,641,37,train,"En el marco de la pandemia de Covid-19, Italia es el país que registra más muertes causadas por la enfermedad, superando incluso a China, el país donde surgió el virus.","En el marco de la pandemia de Covid-19, Italia es el país que registra más muertes causadas por la enfermedad, superando incluso a China, el país donde surgió el", virus,virus,país,False, país,[649],False
spanishLLM,642,372,train,Los torneos sudamericanos de fútbol de clubes que fueron suspendidos por la Conmebol en 2020 a raíz de la pandemia de Covid-19 fueron la Copa Libertadores y la Copa Sudamericana.,Los torneos sudamericanos de fútbol de clubes que fueron suspendidos por la Conmebol en 2020 a raíz de la pandemia de Covid-19 fueron la Copa Libertadores y la Copa, Sudamericana,Sudamericana,฀a฀a฀a฀,False, ฀a฀a฀a฀,"[221, 15521, 65, 15521, 65, 15521, 65, 15521]",False
spanishLLM,643,379,train,El GACH es el Grupo Asesor Científico Honorario.,El GACH es el Grupo Asesor Científico, Honorario,Honorario,฀de฀,False,฀de฀,"[15521, 257, 15521]",False
spanishLLM,644,38,train,La clave coreana para tener una baja tasa de mortalidad a causa del Covid19 fue el testeo masivo de la población.,La clave coreana para tener una baja tasa de mortalidad a causa del Covid19 fue el testeo masivo de la, población,población,mujer,False, mujer,[1085],False
spanishLLM,645,383,train,Pablo Caggiani fue consejero del Consejo de Educación Inicial y Primaria.,Pablo Caggiani fue consejero del Consejo de Educación Inicial y, Primaria,Primaria,฀habiente,False, ฀habiente,"[221, 15521, 2133, 709]",False
spanishLLM,646,384,train,Los comedores escolares reciben habitualmente a 250.000 niños.,Los comedores escolares reciben habitualmente a 250.000, niños,niños,alumnos,False, alumnos,[6018],False
spanishLLM,647,389,train,Daniel Radio fue la mayor autoridad de la secretaría del Sistema Nacional Integrado de Cuidados.,Daniel Radio fue la mayor autoridad de la secretaría del Sistema Nacional Integrado de, Cuidados,Cuidados,la,False, la,[276],False
spanishLLM,648,39,train,La suspensión de la actividad causó el incremento de solicitudes de seguro de desempleo.,La suspensión de la actividad causó el incremento de solicitudes de seguro de, desempleo,desempleo,vida,False, vida,[1118],False
spanishLLM,649,394,train,"Durante la crisis sanitaria por el coronavirus, el Banco Central Europeo espera que los accionistas de la banca se unan a los esfuerzos colectivos de no pagar dividendos y mantener líneas de crédito para apoyar a las personas y pequeñas empresas a superar la crisis.","Durante la crisis sanitaria por el coronavirus, el Banco Central Europeo espera que los accionistas de la banca se unan a los esfuerzos colectivos de no pagar dividendos y mantener líneas de crédito para apoyar a las personas y pequeñas empresas a superar la", crisis,crisis,crisis,True, crisis,[3298],False
spanishLLM,650,396,train,Los docentes de la Universidad Tecnológica (Utec) planearon desarrollar insumos médicos de fabricación 3D ante la emergencia sanitaria mediante un formulario para quienes quisieran aportar de alguna manera a la iniciativa.,Los docentes de la Universidad Tecnológica (Utec) planearon desarrollar insumos médicos de fabricación 3D ante la emergencia sanitaria mediante un formulario para quienes quisieran aportar de alguna manera a la, iniciativa,iniciativa,que,False, que,[297],False
spanishLLM,651,397,train,Las máscaras de acetato protegen toda la cara de la persona y evitan el contacto con cualquier tipo de fluidos.,Las máscaras de acetato protegen toda la cara de la persona y evitan el contacto con cualquier tipo de, fluidos,fluidos,droga,False, droga.,"[9081, 14]",False
spanishLLM,652,4,train,El plan de contención económica social se basó en un aumento transitorio del gasto y de la inversión pública para minimizar el efecto de la desaceleración económica y su impacto en la población.,El plan de contención económica social se basó en un aumento transitorio del gasto y de la inversión pública para minimizar el efecto de la desaceleración económica y su impacto en la, población,población,economía,False, economía,[2696],False
spanishLLM,653,405,train,El INDDHH es la Institución Nacional de Derechos Humanos y Defensoría del Pueblo.,El INDDHH es la Institución Nacional de Derechos Humanos y Defensoría del, Pueblo,Pueblo,~?,False, ~?,"[221, 94, 31]",False
spanishLLM,654,41,train,"Hasta el miércoles 18 de marzo, en el Banco de Previsión Social (BPS) los departamentos donde se presentaron solicitudes de seguro de desempleo fueron Montevideo, seguido por Canelones, Maldonado, Colonia, Paysandú, Salto y Tacuarembó.","Hasta el miércoles 18 de marzo, en el Banco de Previsión Social (BPS) los departamentos donde se presentaron solicitudes de seguro de desempleo fueron Montevideo, seguido por Canelones, Maldonado, Colonia, Paysandú, Salto y", Tacuarembó,Tacuarembó,฀enfield,False, ฀enfield,"[221, 15521, 265, 11263]",False
spanishLLM,655,410,train,El número de la Ley de Faltas es 19.120.,El número de la Ley de Faltas es, 19.120,19.120,una,False, una,[361],False
spanishLLM,656,419,train,"El gobierno uruguayo recomendó cuarentena para los no vacunados, un test PCR negativo antes de ingresar al país y otro a los cinco días para las personas que vuelven del exterior.","El gobierno uruguayo recomendó cuarentena para los no vacunados, un test PCR negativo antes de ingresar al país y otro a los cinco días para las personas que vuelven del", exterior,exterior,"país,",False," país,","[649, 12]",False
spanishLLM,657,421,train,Un ciudadano podía obtener la aplicación del Covid19 a través del Play Store de los teléfonos.,Un ciudadano podía obtener la aplicación del Covid19 a través del Play Store de los, teléfonos,teléfonos,icas,False, icas,"[221, 972]",False
spanishLLM,658,424,train,China donó 150.000 mascarillas a Uruguay en apoyo a la pandemia.,China donó 150.000 mascarillas a Uruguay en apoyo a la, pandemia,pandemia,salud,False, salud,[1658],False
spanishLLM,659,428,train,Wuhan es la capital de la provincia de Hubei.,Wuhan es la capital de la provincia de, Hubei,Hubei,la,False, la,[276],False
spanishLLM,660,429,train,La ciudad de Wuhan estuvo cerrada por 56 días.,La ciudad de Wuhan estuvo cerrada por 56, días,días,km²,False, km².,"[4280, 9869, 14]",False
spanishLLM,661,430,train,Xi Jinping es el presidente de China.,Xi Jinping es el presidente de, China,China,la,False, la,[276],False
spanishLLM,662,432,train,La aplicación presentada por el gobierno para el rastreo del coronavirus se llama CoronavirusUy.,La aplicación presentada por el gobierno para el rastreo del coronavirus se llama, CoronavirusUy,CoronavirusUy,a,False, a,[264],False
spanishLLM,663,433,train,"En la nueva versión de la aplicación CoronavirusUy, el celular intercambia identificadores a través de Bluetooth cuando está a menos de tres metros de otro celular por más de 5 o 10 minutos.","En la nueva versión de la aplicación CoronavirusUy, el celular intercambia identificadores a través de Bluetooth cuando está a menos de tres metros de otro celular por más de 5 o 10", minutos,minutos,cm,False, cm,[6369],False
spanishLLM,664,436,train,Alberto Fernández fue presidente de Argentina.,Alberto Fernández fue presidente de, Argentina,Argentina,la,False, la,[276],False
spanishLLM,665,440,train,"Durante la cuarentena por el coronavirus, el presidente de Argentina, Alberto Fernández, anunció que el Banco Mundial aprobó un apoyo presupuestario de 300 millones de dólares.","Durante la cuarentena por el coronavirus, el presidente de Argentina, Alberto Fernández, anunció que el Banco Mundial aprobó un apoyo presupuestario de 300 millones de", dólares,dólares,millones,False, millones,[1523],False
spanishLLM,666,444,train,Alejandro Domínguez fue presidente de la Conmebol.,Alejandro Domínguez fue presidente de la, Conmebol,Conmebol,comisión,False, comisión,[586],False
spanishLLM,667,45,train,"Durante la pandemia de COVID-19, la distancia que se debía mantener con otras personas para evitar el contagio era mayor a un metro.","Durante la pandemia de COVID-19, la distancia que se debía mantener con otras personas para evitar el contagio era mayor a un", metro,metro,problema,False, problema,[2078],False
spanishLLM,668,459,train,La tercera y cuarta fecha de las Eliminatorias Sudamericanas de fútbol rumbo al Mundial de Catar 2022 estaban programadas originalmente para el mes de setiembre.,La tercera y cuarta fecha de las Eliminatorias Sudamericanas de fútbol rumbo al Mundial de Catar 2022 estaban programadas originalmente para el mes de, setiembre,setiembre,julio,False, julio,[1605],False
spanishLLM,669,461,train,"La investigación científica sobre el origen zoonótico del virus SARS-CoV-2, que provoca la covid-19, fue liderada por Edward Holmes de la Universidad de Sídney y Andrew Rambaut de la Universidad de Edinburgo.","La investigación científica sobre el origen zoonótico del virus SARS-CoV-2, que provoca la covid-19, fue liderada por Edward Holmes de la Universidad de Sídney y Andrew Rambaut de la Universidad de", Edinburgo,Edinburgo,฀de฀,False,฀de฀,"[15521, 257, 15521]",False
spanishLLM,670,462,train,Que el covid-19 tenga un origen zoonótico significa que fue transmitido a humanos desde otras especies.,Que el covid-19 tenga un origen zoonótico significa que fue transmitido a humanos desde otras, especies,especies,partes,False, partes,[1450],False
spanishLLM,671,464,train,El virus de la covid-19 fue detectado por primera vez en la ciudad de Wuhan.,El virus de la covid-19 fue detectado por primera vez en la ciudad de, Wuhan,Wuhan,nueva,False, nueva,[1534],False
spanishLLM,672,465,train,El SARS-CoV-2 es un virus.,El SARS-CoV-2 es un, virus,virus,฀dísimo฀de฀,False,฀dísimo฀de฀,"[15521, 68, 8451, 15521, 257, 15521]",False
spanishLLM,673,470,train,La influenza H1N1 y el SARS-CoV-2 son virus de ARN.,La influenza H1N1 y el SARS-CoV-2 son virus de, ARN,ARN,virus,False, virus,[8234],False
spanishLLM,674,475,train,El número para comunicarse en caso de violencia doméstica es el 911.,El número para comunicarse en caso de violencia doméstica es el, 911,911,caso,False, caso,[925],False
spanishLLM,675,48,train,El porcentaje de personales que mueren por Covid-19 es del 2%,El porcentaje de personales que mueren por Covid-19 es del, 2%,2%,orden,False, orden,[1272],False
spanishLLM,676,480,train,Ginés González García fue el Ministro de Salud de Argentina.,Ginés González García fue el Ministro de Salud de, Argentina,Argentina,"alud,",False," alud,","[221, 282, 787, 12]",False
spanishLLM,677,483,train,Donald Trump fue el presidente de Estados Unidos.,Donald Trump fue el presidente de Estados, Unidos,Unidos,era,False, era,[1057],False
spanishLLM,678,484,train,António Guterres fue el secretario general de la ONU.,António Guterres fue el secretario general de la, ONU,ONU,comisión,False, comisión,[586],False
spanishLLM,679,487,train,"Leandro Cabrera, defensor uruguayo del Espanyol, es uno de los futbolistas afectados por coronavirus.","Leandro Cabrera, defensor uruguayo del Espanyol, es uno de los futbolistas afectados por", coronavirus,coronavirus,la,False, la,[276],False
spanishLLM,680,49,train,"Para evitar el Covid, era necesario lavarse las manos por más de 20 segundos.","Para evitar el Covid, era necesario lavarse las manos por más de 20", segundos,segundos,cm,False, cm,[6369],False
spanishLLM,681,493,train,Álvaro Delgado fue secretario de Presidencia.,Álvaro Delgado fue secretario de, Presidencia,Presidencia,estado,False, estado,[785],False
spanishLLM,682,495,train,Los organismos multilaterales de crédito pueden donar fondos no reembolsables.,Los organismos multilaterales de crédito pueden donar fondos no, reembolsables,reembolsables,se,False, se,[308],False
spanishLLM,683,50,train,Los síntomas de Covid aparecen entre los dos y los 14 días después de haber contraído el virus.,Los síntomas de Covid aparecen entre los dos y los 14 días después de haber contraído el, virus,virus,compromiso,False, compromiso,[3498],False
spanishLLM,684,500,train,Eduardo Brenta es el director de Gestión Humana de la Intendencia de Montevideo.,Eduardo Brenta es el director de Gestión Humana de la Intendencia de, Montevideo,Montevideo,฀,False, ฀,"[221, 15521]",False
spanishLLM,685,501,train,"Según la Intendencia de Montevideo (IM), las personas que forman parte de los grupos de riesgo del coronavirus y que no deben concurrir a trabajar son las personas de 60 años o más de edad, inmunodeprimidos, pacientes oncológicos, con EPOC o enfermedades autoinmunes, embarazadas y diabéticos.","Según la Intendencia de Montevideo (IM), las personas que forman parte de los grupos de riesgo del coronavirus y que no deben concurrir a trabajar son las personas de 60 años o más de edad, inmunodeprimidos, pacientes oncológicos, con EPOC o enfermedades autoinmunes, embarazadas y", diabéticos,diabéticos,฀en฀en฀en฀en฀en฀en฀en฀en฀en฀en฀en฀en฀en฀en฀en฀en,False,฀en฀en฀en฀en฀en฀en฀en฀en฀en฀en฀en฀en฀en฀en฀en฀en,"[15521, 265, 15521, 265, 15521, 265, 15521, 265, 15521, 265, 15521, 265, 15521, 265, 15521, 265, 15521, 265, 15521, 265, 15521, 265, 15521, 265, 15521, 265, 15521, 265, 15521, 265, 15521, 265]",True
spanishLLM,686,505,train,Monica Bottero fue directora de Inmujeres.,Monica Bottero fue directora de, Inmujeres,Inmujeres,la,False, la,[276],False
spanishLLM,687,51,train,Los síntomas de la Covid-19 pueden presentarse hasta 14 días después del contagio.,Los síntomas de la Covid-19 pueden presentarse hasta 14 días después del, contagio,contagio,inicio,False, inicio,[4616],False
spanishLLM,688,520,train,"El aislamiento vertical, medida propuesta por el presidente de Brasil Jair Bolsonaro durante la pandemia de coronavirus, es un aislamiento restringido a los grupos de riesgo y a las personas ya infectadas.","El aislamiento vertical, medida propuesta por el presidente de Brasil Jair Bolsonaro durante la pandemia de coronavirus, es un aislamiento restringido a los grupos de riesgo y a las personas ya", infectadas,infectadas,"existentes,",False," existentes,","[4111, 12]",False
spanishLLM,689,523,train,"En Uruguay, la cuarentena tiene efectos sobre la salud mental como síntomas de estrés postraumático, confusión y enojo.","En Uruguay, la cuarentena tiene efectos sobre la salud mental como síntomas de estrés postraumático, confusión y", enojo,enojo,depresión),False, depresión).,"[12481, 691]",False
spanishLLM,690,526,train,"Según un estudio de investigadores de la universidad King’s College de Londres publicado en la revista médica The Lancet sobre el impacto psicológico de la cuarentena, los factores que provocan mayor estrés son: mayor duración de la cuarentena, temor de contagiarse la infección, frustración, aburrimiento, suministros inadecuados, información inadecuada, pérdidas financieras y estigma.","Según un estudio de investigadores de la universidad King’s College de Londres publicado en la revista médica The Lancet sobre el impacto psicológico de la cuarentena, los factores que provocan mayor estrés son: mayor duración de la cuarentena, temor de contagiarse la infección, frustración, aburrimiento, suministros inadecuados, información inadecuada, pérdidas financieras y", estigma,estigma,฀a,False,฀a,"[15521, 65]",False
spanishLLM,691,527,train,"En Uruguay, las personas que regresaban de países considerados de riesgo eran obligadas a hacer una cuarentena de 14 días.","En Uruguay, las personas que regresaban de países considerados de riesgo eran obligadas a hacer una cuarentena de 14", días,días,años,False, años,[783],False
spanishLLM,692,53,train,Alrededor del 5% de las personas con COVID-19 requirieron ingreso a CTI.,Alrededor del 5% de las personas con COVID-19 requirieron ingreso a, CTI,CTI,฀,False, ฀,"[221, 15521]",False
spanishLLM,693,537,train,"Las clases presenciales de algunos cursos se retomarían en las universidades privadas en mayo, según la propuesta que evalúa el Ministerio de Educación y Cultura.","Las clases presenciales de algunos cursos se retomarían en las universidades privadas en mayo, según la propuesta que evalúa el Ministerio de Educación y", Cultura,Cultura,de,False, de,[258],False
spanishLLM,694,539,train,"Luego de la suspención de clases por el coronavirus. La propuesta presentada por las universidades privadas al Ministerio de Educación y Cultura (MEC), evaluada por el ministro Pablo Da Silveira, consiste en retomar algunos cursos presenciales en mayo.","Luego de la suspención de clases por el coronavirus. La propuesta presentada por las universidades privadas al Ministerio de Educación y Cultura (MEC), evaluada por el ministro Pablo Da Silveira, consiste en retomar algunos cursos presenciales en", mayo,mayo,฀de฀de฀el฀de฀el฀de฀de฀de฀el฀de฀de฀el฀de฀de฀el฀,False, ฀de฀de฀el฀de฀el฀de฀de฀de฀el฀de฀de฀el฀de฀de฀el฀,"[221, 15521, 257, 15521, 257, 15521, 345, 15521, 257, 15521, 345, 15521, 257, 15521, 257, 15521, 257, 15521, 345, 15521, 257, 15521, 257, 15521, 345, 15521, 257, 15521, 257, 15521, 345, 15521]",True
spanishLLM,695,541,train,"La propuesta para retomar algunos cursos presenciales en mayo, que está siendo evaluada por el Ministerio de Educación y Cultura (MEC), fue realizada por las universidades privadas.","La propuesta para retomar algunos cursos presenciales en mayo, que está siendo evaluada por el Ministerio de Educación y Cultura (MEC), fue realizada por las universidades", privadas,privadas,",",False,",",[12],False
spanishLLM,696,542,train,"Las universidades privadas están pensando retomar algunos cursos presenciales en mayo, según una propuesta que está evaluando el Ministerio de Educación y Cultura (MEC).","Las universidades privadas están pensando retomar algunos cursos presenciales en mayo, según una propuesta que está evaluando el Ministerio de Educación y Cultura", (MEC),(MEC),de,False, de,[258],False
spanishLLM,697,544,train,"Luego de la suspensión de clases presenciales a causa del coronavirus, la propuesta de retomar los cursos presenciales en mayo vino por parte de las universidades privadas.","Luego de la suspensión de clases presenciales a causa del coronavirus, la propuesta de retomar los cursos presenciales en mayo vino por parte de las universidades", privadas,privadas,y,False, y,[291],False
spanishLLM,698,545,train,La Revista de la Asociación Médica Estadounidense realizó el estudio sobre las drogas contra la artritis.,La Revista de la Asociación Médica Estadounidense realizó el estudio sobre las drogas contra la, artritis,artritis,úlceración,False, úlceración,"[221, 1009, 511, 312]",False
spanishLLM,699,549,train,La interleucina IL-6 es un tipo de proteína llamada citocina que le pide al cuerpo aumentar una respuesta inflamatoria.,La interleucina IL-6 es un tipo de proteína llamada citocina que le pide al cuerpo aumentar una respuesta, inflamatoria,inflamatoria,de,False, de,[258],False
spanishLLM,700,55,train,"Aproximadamente el 15% de las personas con COVID-19 desarrolló una enfermedad grave con dificultad respiratoria, y el 5% requirió cuidados intensivos.","Aproximadamente el 15% de las personas con COVID-19 desarrolló una enfermedad grave con dificultad respiratoria, y el 5% requirió cuidados", intensivos,intensivos,físicos,False, físicos,[11782],False
spanishLLM,701,553,train,La investigación para el desarrollo de diagnósticos comenzó al inicio de la pandemia en China.,La investigación para el desarrollo de diagnósticos comenzó al inicio de la pandemia en, China,China,el,False, el,[288],False
spanishLLM,702,554,train,Rodrigo Arim es el rector de la Universidad de la República (Udelar).,Rodrigo Arim es el rector de la Universidad de la República, (Udelar),(Udelar),?,False,?,[31],False
spanishLLM,703,555,train,Alberto Fernández fue presidente de Argentina.,Alberto Fernández fue presidente de, Argentina,Argentina,la,False, la,[276],False
spanishLLM,704,56,train,"En Uruguay, en el marco de la pandemia por coronavirus, el uso del tapabocas se empezó a recomendar en abril.","En Uruguay, en el marco de la pandemia por coronavirus, el uso del tapabocas se empezó a recomendar en", abril,abril,el,False, el,[288],False
spanishLLM,705,560,train,Martín Guzmán fue ministro de Economía de Argentina.,Martín Guzmán fue ministro de Economía de, Argentina,Argentina,la,False, la,[276],False
spanishLLM,706,561,train,El programa Recomiendo aporta información sobre productos y recetas de lo que el chef prueba junto al entrevistado.,El programa Recomiendo aporta información sobre productos y recetas de lo que el chef prueba junto al, entrevistado,entrevistado,"chef,",False," chef,","[747, 7048, 12]",False
spanishLLM,707,562,train,"El nuevo programa de televisión Recomiendo, conducido por Hugo Soca, se televisa en Canal 4.","El nuevo programa de televisión Recomiendo, conducido por Hugo Soca, se televisa en Canal", 4,4,íción,False,íción,"[293, 352]",False
spanishLLM,708,563,train,El salón de té Doña Inés se encuentra en Pocitos.,El salón de té Doña Inés se encuentra en, Pocitos,Pocitos,una,False, una,[361],False
spanishLLM,709,564,train,El tomate favorito de Hugo Soca es el carnoso corazón de buey.,El tomate favorito de Hugo Soca es el carnoso corazón de, buey,buey,oso?,False, oso?,"[221, 1897, 31]",False
spanishLLM,710,565,train,Hugo Soca recorrerá el Mercado Ferrando en su programa de televisión Recomiendo de Canal 4.,Hugo Soca recorrerá el Mercado Ferrando en su programa de televisión Recomiendo de Canal, 4,4,"í,",False,"í,","[293, 12]",False
spanishLLM,711,569,train,La lista de precios publicada por el Área de Defensa del Consumidor del Ministerio de Economía y Finanzas (MEF) incluye productos de cuidado personal.,La lista de precios publicada por el Área de Defensa del Consumidor del Ministerio de Economía y Finanzas (MEF) incluye productos de cuidado, personal,personal,de,False, de,[258],False
spanishLLM,712,57,train,El tapabocas debía cambiarse cuando estaba húmedo o cada cuatro horas.,El tapabocas debía cambiarse cuando estaba húmedo o cada cuatro, horas,horas,horas,True, horas.,"[1695, 14]",False
spanishLLM,713,58,train,"En Uruguay, según las indicaciones del Ministerio de Salud Pública, las personas que tengan un diagnóstico de covid-19 o que sospechen que pueden tener la enfermedad tienen que hacer cuarentena obligatoria y no pueden salir de su casa.","En Uruguay, según las indicaciones del Ministerio de Salud Pública, las personas que tengan un diagnóstico de covid-19 o que sospechen que pueden tener la enfermedad tienen que hacer cuarentena obligatoria y no pueden salir de su", casa,casa,nivelar,False, nivelar,"[1138, 270]",False
spanishLLM,714,588,train,El estudio de la Cámara de Comercio y Servicios del Uruguay sobre los impactos económicos de la pandemia del Covid-19 consideró 629 empresas.,El estudio de la Cámara de Comercio y Servicios del Uruguay sobre los impactos económicos de la pandemia del Covid-19 consideró 629, empresas,empresas,",",False,",",[12],False
spanishLLM,715,59,train,"En cuanto a cantidad, los tipos de coronavirus que afectan a los humanos son siete.","En cuanto a cantidad, los tipos de coronavirus que afectan a los humanos son", siete,siete,los,False, los,[310],False
spanishLLM,716,590,train,"Según el autor José Stagnaro, en el contexto de la pandemia de coronavirus, el miedo a la enfermedad se parece al miedo a la inseguridad.","Según el autor José Stagnaro, en el contexto de la pandemia de coronavirus, el miedo a la enfermedad se parece al miedo a la", inseguridad,inseguridad,"enfermedad,",False," enfermedad,","[3505, 12]",False
spanishLLM,717,593,train,"Nuestros mejores recursos para hacer frente al miedo son creer en soluciones solidarias, en la vida pública, en la política y, finalmente, en cierta esperanza en un mundo mejor.","Nuestros mejores recursos para hacer frente al miedo son creer en soluciones solidarias, en la vida pública, en la política y, finalmente, en cierta esperanza en un mundo", mejor,mejor,de,False, de,[258],False
spanishLLM,718,594,train,Daniel Salinas fue ministro de Salud Pública.,Daniel Salinas fue ministro de Salud, Pública,Pública,í!,False,í!,"[293, 1]",False
spanishLLM,719,595,train,"El ministro de Salud, Daniel Salinas, criticó la Marcha por la Diversidad debido a la violación de las recomendaciones sanitarias durante el evento.","El ministro de Salud, Daniel Salinas, criticó la Marcha por la Diversidad debido a la violación de las recomendaciones sanitarias durante el", evento,evento,embarazo,False, embarazo,[9741],False
spanishLLM,720,597,train,La doctora Karina Rando fue la Directora general de Coordinación del Ministerio de Salud Pública.,La doctora Karina Rando fue la Directora general de Coordinación del Ministerio de Salud, Pública,Pública,arina,False,arina,"[270, 731]",False
spanishLLM,721,598,train,"El ministro de Salud, Daniel Salinas, se expresó el 26 de septiembre de 2020 sobre la multitudinaria Marcha por la Diversidad a través de su cuenta de Twitter.","El ministro de Salud, Daniel Salinas, se expresó el 26 de septiembre de 2020 sobre la multitudinaria Marcha por la Diversidad a través de su cuenta de", Twitter,Twitter,su,False, su,[325],False
spanishLLM,722,599,train,La Marcha por la Diversidad en Uruguay se celebró el viernes 25 de septiembre de 2020 por la tarde.,La Marcha por la Diversidad en Uruguay se celebró el viernes 25 de septiembre de 2020 por la, tarde,tarde,comisión,False, comisión,[586],False
spanishLLM,723,6,train,"Las elecciones en Bolivia, previstas para el 3 de mayo, fueron aplazadas por el Tribunal Supremo Electoral debido a la pandemia de coronavirus, y aún no se ha fijado una nueva fecha.","Las elecciones en Bolivia, previstas para el 3 de mayo, fueron aplazadas por el Tribunal Supremo Electoral debido a la pandemia de coronavirus, y aún no se ha fijado una nueva", fecha,fecha,฀el,False, ฀el,"[221, 15521, 345]",False
spanishLLM,724,60,train,El Covid-19 se descubrió en diciembre de 2019.,El Covid-19 se descubrió en diciembre de, 2019,2019,"1994,",False," 1994,","[3984, 12]",False
spanishLLM,725,603,train,"Debido a la pandemia de coronavirus, además de la Copa América y la Eurocopa, se postergaron la Copa Libertadores y la Sudamericana.","Debido a la pandemia de coronavirus, además de la Copa América y la Eurocopa, se postergaron la Copa Libertadores y la", Sudamericana,Sudamericana,urocopa,False, urocopa,"[221, 509, 423, 499]",False
spanishLLM,726,61,train,El COVID-19 se descubrió en la provincia china de Wuhan.,El COVID-19 se descubrió en la provincia china de, Wuhan,Wuhan,฀,False, ฀,"[221, 15521]",False
spanishLLM,727,611,train,Guido Manini Ríos es senador y ex comandante en jefe del Ejército.,Guido Manini Ríos es senador y ex comandante en jefe del, Ejército,Ejército,ejército?,False, ejército?,"[4072, 31]",False
spanishLLM,728,615,train,"Las sesiones remotas en el Parlamento comenzaron el miércoles 11, en el marco de la pandemia de coronavirus.","Las sesiones remotas en el Parlamento comenzaron el miércoles 11, en el marco de la pandemia de", coronavirus,coronavirus,gripe,False, gripe,"[491, 8124]",False
spanishLLM,729,62,train,El nombre completo del covid es SARS-CoV-2.,El nombre completo del covid es, SARS-CoV-2,SARS-CoV-2,un,False, un,[303],False
spanishLLM,730,620,train,La Comisión Especial de Población y Desarrollo se encarga de analizar el accionar del Ministerio de Desarrollo Social.,La Comisión Especial de Población y Desarrollo se encarga de analizar el accionar del Ministerio de Desarrollo, Social,Social,฀de฀de฀de฀de฀de฀de฀de฀de฀de฀de฀de฀de฀de฀de฀de฀de,False,฀de฀de฀de฀de฀de฀de฀de฀de฀de฀de฀de฀de฀de฀de฀de฀de,"[15521, 257, 15521, 257, 15521, 257, 15521, 257, 15521, 257, 15521, 257, 15521, 257, 15521, 257, 15521, 257, 15521, 257, 15521, 257, 15521, 257, 15521, 257, 15521, 257, 15521, 257, 15521, 257]",True
spanishLLM,731,621,train,Los beneficiarios de las canastas de alimentos de la iniciativa @CanastasUy durante la emergencia por coronavirus son las alcaldías de localidades vulnerables.,Los beneficiarios de las canastas de alimentos de la iniciativa @CanastasUy durante la emergencia por coronavirus son las alcaldías de localidades, vulnerables,vulnerables,de,False, de,[258],False
spanishLLM,732,63,train,"El nombre de la enfermedad covid-19, causada por el nuevo coronavirus SARS-CoV-2, fue dado a conocer por la Organización Mundial de la Salud (OMS) el 11 de febrero.","El nombre de la enfermedad covid-19, causada por el nuevo coronavirus SARS-CoV-2, fue dado a conocer por la Organización Mundial de la Salud (OMS) el 11 de", febrero,febrero,฀en฀en฀en฀en฀en฀,False,฀en฀en฀en฀en฀en฀,"[15521, 265, 15521, 265, 15521, 265, 15521, 265, 15521, 265, 15521]",False
spanishLLM,733,633,train,El 08004141 es el número de teléfono de Inmujeres.,El 08004141 es el número de teléfono de, Inmujeres,Inmujeres,la,False, la,[276],False
spanishLLM,734,634,train,Álvaro Delgado fue prosecretario de la Presidencia de Uruguay.,Álvaro Delgado fue prosecretario de la Presidencia de, Uruguay,Uruguay,la,False, la,[276],False
spanishLLM,735,635,train,"En el marco de las medidas del gobierno uruguayo para combatir la violencia de género y doméstica durante la emergencia sanitaria, una persona que no está en condiciones de hablar puede mandar un correo electrónico a denuncia@minterior.gub.uy.","En el marco de las medidas del gobierno uruguayo para combatir la violencia de género y doméstica durante la emergencia sanitaria, una persona que no está en condiciones de hablar puede mandar un correo electrónico a", denuncia@minterior.gub.uy,denuncia@minterior.gub.uy,la,False, la,[276],False
spanishLLM,736,636,train,Jorge Larrañaga fue ministro del Interior.,Jorge Larrañaga fue ministro del, Interior,Interior,"interior,",False," interior,","[2532, 12]",False
spanishLLM,737,64,train,La organización que le puso nombre completo al COVID-19 fue la OMS.,La organización que le puso nombre completo al COVID-19 fue la, OMS,OMS,organización,False, organización,[1705],False
spanishLLM,738,642,train,"En el marco de la pandemia de coronavirus en Estados Unidos, el gobernador Andrew Cuomo informó que en los hospitales de Nueva York empezaron a escasear las máscaras y los respiradores artificiales.","En el marco de la pandemia de coronavirus en Estados Unidos, el gobernador Andrew Cuomo informó que en los hospitales de Nueva York empezaron a escasear las máscaras y los respiradores", artificiales,artificiales,฀de,False, ฀de,"[221, 15521, 257]",False
spanishLLM,739,644,train,El estadounidense Andrew Cuomo fue gobernador del estado de Nueva York.,El estadounidense Andrew Cuomo fue gobernador del estado de Nueva, York,York,"uer,",False," uer,","[221, 603, 12]",False
spanishLLM,740,65,train,Los medicamentos que sirvieron para tratar el covid fueron la cloroquina y la hidroxicloroquina.,Los medicamentos que sirvieron para tratar el covid fueron la cloroquina y la, hidroxicloroquina,hidroxicloroquina,"cloroquina,",False," cloroquina,","[1187, 4310, 280, 731, 12]",False
spanishLLM,741,650,train,"La obra de Florencia Caballero Bianchi, que forma parte del ciclo de teatro leído organizado por Salvadora editora y transcurre durante la crisis de 2002, se llama Cheta.","La obra de Florencia Caballero Bianchi, que forma parte del ciclo de teatro leído organizado por Salvadora editora y transcurre durante la crisis de 2002, se llama", Cheta,Cheta,฀elorí,False, ฀elorí,"[221, 15521, 345, 273, 293]",False
spanishLLM,742,66,train,La Suprema Corte de Justicia resolvió iniciar una Feria Judicial Sanitaria durante la pandemia de COVID-19.,La Suprema Corte de Justicia resolvió iniciar una Feria Judicial Sanitaria durante la pandemia de, COVID-19,COVID-19,oma?,False, oma?,"[221, 2143, 31]",False
spanishLLM,743,660,train,Las personas que incumplen la cuarentena obligatoria son sancionadas penalmente.,Las personas que incumplen la cuarentena obligatoria son sancionadas, penalmente,penalmente,por,False, por,[343],False
spanishLLM,744,661,train,"Los trabajadores exceptuados durante la cuarentena obligatoria fueron aquellos vinculados a la salud, la seguridad, la producción y distribución de petróleo, y quienes ocupaban cargos de conducción política en el gobierno.","Los trabajadores exceptuados durante la cuarentena obligatoria fueron aquellos vinculados a la salud, la seguridad, la producción y distribución de petróleo, y quienes ocupaban cargos de conducción política en el", gobierno,gobierno,sector,False, sector,[1174],False
spanishLLM,745,671,train,"Nacional, Peñarol, Liverpool, Fénix, River Plate y Plaza son clubes que han jugado la Copa Libertadores y la Copa Sudamericana.","Nacional, Peñarol, Liverpool, Fénix, River Plate y Plaza son clubes que han jugado la Copa Libertadores y la Copa", Sudamericana,Sudamericana,฀en฀en฀en฀en฀en฀en฀en฀en฀en฀en฀en฀en฀en฀en฀en฀,False, ฀en฀en฀en฀en฀en฀en฀en฀en฀en฀en฀en฀en฀en฀en฀en฀,"[221, 15521, 265, 15521, 265, 15521, 265, 15521, 265, 15521, 265, 15521, 265, 15521, 265, 15521, 265, 15521, 265, 15521, 265, 15521, 265, 15521, 265, 15521, 265, 15521, 265, 15521, 265, 15521]",True
spanishLLM,746,674,train,"Debido a la falta de clases presenciales, el Consejo de Educación Técnico-Profesional (CETP-UTU) resolvió que todas las carreras de su nivel terciario se realizarán de forma virtual.","Debido a la falta de clases presenciales, el Consejo de Educación Técnico-Profesional (CETP-UTU) resolvió que todas las carreras de su nivel terciario se realizarán de forma", virtual,virtual,?,False,?,[31],False
spanishLLM,747,678,train,"Antes de la resolución del Consejo de Educación Técnico-Profesional (CETP-UTU) de virtualizar todas sus carreras terciarias por la emergencia sanitaria, las carreras que se podían realizar virtualmente eran prevencionista, logística, turismo y tecnólogo cárnico.","Antes de la resolución del Consejo de Educación Técnico-Profesional (CETP-UTU) de virtualizar todas sus carreras terciarias por la emergencia sanitaria, las carreras que se podían realizar virtualmente eran prevencionista, logística, turismo y tecnólogo", cárnico,cárnico,฀,False, ฀,"[221, 15521]",False
spanishLLM,748,681,train,María José Santacreu es la directora de Cinemateca Uruguaya.,María José Santacreu es la directora de Cinemateca, Uruguaya,Uruguaya,uro,False, uro,"[221, 509]",False
spanishLLM,749,682,train,La protagonista de Familia sumergida es Mercedes Morán.,La protagonista de Familia sumergida es Mercedes, Morán,Morán,฀,False,฀,[15521],False
spanishLLM,750,683,train,La fábrica de nada fue dirigida por Pedro Piño.,La fábrica de nada fue dirigida por Pedro, Piño,Piño,),False,),[9],False
spanishLLM,751,689,train,"Kevin Durant es alero de los Brooklyn Nets, de la NBA.","Kevin Durant es alero de los Brooklyn Nets, de la", NBA,NBA,comunidad,False, comunidad,[1072],False
spanishLLM,752,69,train,"En Uruguay, el trabajo judicial se reanudaría el lunes 4 de mayo tras la Feria Judicial Sanitaria decretada por la Suprema Corte de Justicia debido a la pandemia de coronavirus.","En Uruguay, el trabajo judicial se reanudaría el lunes 4 de mayo tras la Feria Judicial Sanitaria decretada por la Suprema Corte de Justicia debido a la pandemia de", coronavirus,coronavirus,฀su฀su฀su฀su฀su฀su฀su฀su฀su฀su฀su฀su฀su฀su฀su฀,False, ฀su฀su฀su฀su฀su฀su฀su฀su฀su฀su฀su฀su฀su฀su฀su฀,"[221, 15521, 1098, 15521, 1098, 15521, 1098, 15521, 1098, 15521, 1098, 15521, 1098, 15521, 1098, 15521, 1098, 15521, 1098, 15521, 1098, 15521, 1098, 15521, 1098, 15521, 1098, 15521, 1098, 15521, 1098, 15521]",True
spanishLLM,753,690,train,Kevin Durant es estadounidense.,Kevin Durant es, estadounidense,estadounidense,una,False, una,[361],False
spanishLLM,754,693,train,"Los equipos de la NBA con casos confirmados de covid-19 fueron Utah Jazz, Detroit Pistons y Brooklyn Nets.","Los equipos de la NBA con casos confirmados de covid-19 fueron Utah Jazz, Detroit Pistons y Brooklyn", Nets,Nets,dos,False,dos,[464],False
spanishLLM,755,696,train,La Facultad de Veterinaria de la Universidad de la República presentó un proyecto para estudiar el contagio de coronavirus en mascotas.,La Facultad de Veterinaria de la Universidad de la República presentó un proyecto para estudiar el contagio de coronavirus en, mascotas,mascotas,el,False, el,[288],False
spanishLLM,756,697,train,El ARN es una molécula presente en las células que se encarga de mediar entre la información almacenada en el ADN y la síntesis de proteínas adecuada.,El ARN es una molécula presente en las células que se encarga de mediar entre la información almacenada en el ADN y la síntesis de proteínas, adecuada,adecuada,",",False,",",[12],False
spanishLLM,757,698,train,"El patrullaje fronterizo consiste en la identificación de vehículos, cargas, revisación de bodegas y todo lo que estaba pensado hacerse.","El patrullaje fronterizo consiste en la identificación de vehículos, cargas, revisación de bodegas y todo lo que estaba pensado", hacerse,hacerse,para,False, para,[351],False
spanishLLM,758,7,train,"Las elecciones en Bolivia, aplazadas por la pandemia del coronavirus, estaban previstas para el 3 de mayo.","Las elecciones en Bolivia, aplazadas por la pandemia del coronavirus, estaban previstas para el 3 de", mayo,mayo,diciembre,False, diciembre,[1362],False
spanishLLM,759,70,train,La Feria Judicial Sanitaria fue una decisión de la Suprema Corte de Justicia.,La Feria Judicial Sanitaria fue una decisión de la Suprema Corte de, Justicia,Justicia,la,False, la,[276],False
spanishLLM,760,702,train,El avión presidencial comprado durante el gobierno del ex presidente Tabaré Vázquez será rematado por un millón de dólares.,El avión presidencial comprado durante el gobierno del ex presidente Tabaré Vázquez será rematado por un millón de, dólares,dólares,"personas,",False," personas,","[1040, 12]",False
spanishLLM,761,705,train,Elbia Pereira fue dirigente sindical de magisterio.,Elbia Pereira fue dirigente sindical de, magisterio,magisterio,la,False, la,[276],False
spanishLLM,762,71,train,El secretario general de la Organización Mundial de la Salud (OMS) es el etíope Tedros Adhanom Ghebreyesus.,El secretario general de la Organización Mundial de la Salud (OMS) es el etíope Tedros Adhanom, Ghebreyesus,Ghebreyesus,icos,False,icos,[863],False
spanishLLM,763,710,train,La OIT es la Organización Internacional del Trabajo.,La OIT es la Organización Internacional del, Trabajo,Trabajo,฀,False, ฀,"[221, 15521]",False
spanishLLM,764,715,train,Harry Kane es el capitán de la selección de fútbol de Inglaterra.,Harry Kane es el capitán de la selección de fútbol de, Inglaterra,Inglaterra,fútbol,False, fútbol,[6521],False
spanishLLM,765,722,train,"En el marco de la crisis en el fútbol uruguayo, la campaña de solidaridad comenzada por la Organización de Futbolistas Uruguayas beneficia a las jugadoras que vivan o estén cercanas a gente en situación de riesgo.","En el marco de la crisis en el fútbol uruguayo, la campaña de solidaridad comenzada por la Organización de Futbolistas Uruguayas beneficia a las jugadoras que vivan o estén cercanas a gente en situación de", riesgo,riesgo,la,False, la,[276],False
spanishLLM,766,733,train,Nitzan Horowitz fue ministro de Sanidad de Israel.,Nitzan Horowitz fue ministro de Sanidad de, Israel,Israel,�ngeles,False, �ngeles,"[221, 10391, 78, 2474, 266]",False
spanishLLM,767,746,train,Mitchell Duarte fue secretario general de la Mutual Uruguaya de Futbolistas Profesionales.,Mitchell Duarte fue secretario general de la Mutual Uruguaya de Futbolistas, Profesionales,Profesionales,฀,False, ฀,"[221, 15521]",False
spanishLLM,768,748,train,El Consejo Nacional Consultivo por una Vida Libre de Violencia de Género está integrado por 14 organismos del Estado y representantes de la sociedad civil.,El Consejo Nacional Consultivo por una Vida Libre de Violencia de Género está integrado por 14 organismos del Estado y representantes de la sociedad, civil,civil,฀a,False, ฀a,"[221, 15521, 65]",False
spanishLLM,769,751,train,Mónica Bottero fue la directora de Inmujeres.,Mónica Bottero fue la directora de, Inmujeres,Inmujeres,la,False, la,[276],False
spanishLLM,770,752,train,El número de teléfono de Inmujeres es 0800 4141 o 4141*.,El número de teléfono de Inmujeres es 0800 4141 o, 4141*,4141*,~,False, ~,"[221, 94]",False
spanishLLM,771,753,train,El número de la Línea Azul es 0800 5050.,El número de la Línea Azul es 0800, 5050,5050,),False,),[9],False
spanishLLM,772,759,train,Albert Uderzo nació en 1927.,Albert Uderzo nació en, 1927,1927,la,False, la,[276],False
spanishLLM,773,76,train,La Organización Mundial de la Salud (OMS) declaró el estado de emergencia mundial por el coronavirus (Covid-19) el 30 de enero.,La Organización Mundial de la Salud (OMS) declaró el estado de emergencia mundial por el coronavirus (Covid-19) el 30 de, enero,enero,julio,False, julio,[1605],False
spanishLLM,774,760,train,Albert Uderzo fue el creador de Asterix.,Albert Uderzo fue el creador de, Asterix,Asterix,la,False, la,[276],False
spanishLLM,775,761,train,"René Goscinny, cocreador de la historieta Asterix junto a Albert Uderzo, murió en 1977.","René Goscinny, cocreador de la historieta Asterix junto a Albert Uderzo, murió en", 1977,1977,�lbert,False, �lbert,"[221, 10391, 76, 5891]",False
spanishLLM,776,762,train,El golpe de estado en Argentina fue el 24 de marzo de 1976.,El golpe de estado en Argentina fue el 24 de marzo de, 1976,1976,"1957,",False," 1957,","[518, 3461, 12]",False
spanishLLM,777,763,train,Alberto Fernández fue presidente de Argentina.,Alberto Fernández fue presidente de, Argentina,Argentina,la,False, la,[276],False
spanishLLM,778,767,train,"La Federación Nacional de Profesores de Enseñanza Secundaria (Fenapes) inició la campaña #ProfesTiranPiques, una serie de videos cortos en los que docentes de diversas asignaturas recomiendan películas, aplicaciones o cuentas en redes sociales para mantenerse vinculados con las materias.","La Federación Nacional de Profesores de Enseñanza Secundaria (Fenapes) inició la campaña #ProfesTiranPiques, una serie de videos cortos en los que docentes de diversas asignaturas recomiendan películas, aplicaciones o cuentas en redes sociales para mantenerse vinculados con las", materias,materias,pyme,False, pyme,[7408],False
spanishLLM,779,771,train,La biblioteca virtual del Frente de Participación Estudiantil se llama Pimba.,La biblioteca virtual del Frente de Participación Estudiantil se llama, Pimba,Pimba,�nquilibrativo,False, �nquilibrativo,"[221, 10391, 78, 1905, 413, 355, 588]",False
spanishLLM,780,773,train,Federico de Pallejas fue encargado de comunicaciones de Fenapes.,Federico de Pallejas fue encargado de comunicaciones de, Fenapes,Fenapes,las,False, las,[321],False
spanishLLM,781,781,train,"En el marco de la pandemia de COVID-19 y la crisis sanitaria, económica y social derivada de ella, las personas más afectadas son las trabajadoras en condiciones de informalidad, cuentapropistas, monotributistas, independientes, de economías de plataformas y trabajadoras domésticas.","En el marco de la pandemia de COVID-19 y la crisis sanitaria, económica y social derivada de ella, las personas más afectadas son las trabajadoras en condiciones de informalidad, cuentapropistas, monotributistas, independientes, de economías de plataformas y trabajadoras", domésticas,domésticas,",",False,",",[12],False
spanishLLM,782,786,train,Realizar la mayor cantidad posible de tests para el Covid permite convertir casos de portadores desconocidos en portadores conocidos.,Realizar la mayor cantidad posible de tests para el Covid permite convertir casos de portadores desconocidos en portadores, conocidos,conocidos,de,False, de,[258],False
spanishLLM,783,789,train,El SMU es el Sindicato Médico del Uruguay.,El SMU es el Sindicato Médico del, Uruguay,Uruguay,"฀""",False," ฀""","[221, 15521, 2]",False
spanishLLM,784,792,train,Los tests de diagnóstico del COVID-19 sirven para el rastreo de casos e indicar aislamiento.,Los tests de diagnóstico del COVID-19 sirven para el rastreo de casos e indicar, aislamiento,aislamiento,cómo,False, cómo,[1981],False
spanishLLM,785,796,train,Anthony Fauci fue el principal epidemiólogo de Estados Unidos.,Anthony Fauci fue el principal epidemiólogo de Estados, Unidos,Unidos,era,False, era,[1057],False
spanishLLM,786,8,train,Los ciudadanos de Bolivia entraron en cuarentena total un domingo.,Los ciudadanos de Bolivia entraron en cuarentena total un, domingo,domingo,conjunto,False, conjunto,[2548],False
spanishLLM,787,800,train,Merkel estuvo en cuarentena porque un médico con el que estuvo en contacto dio positivo por coronavirus.,Merkel estuvo en cuarentena porque un médico con el que estuvo en contacto dio positivo por, coronavirus,coronavirus,la,False, la,[276],False
spanishLLM,788,803,train,"El plan 'Nueva York en Pausa' consiste en cuarentena obligatoria y el cierre de todos los negocios, excepto los considerados esenciales.","El plan 'Nueva York en Pausa' consiste en cuarentena obligatoria y el cierre de todos los negocios, excepto los considerados", esenciales,esenciales,en,False, en,[283],False
spanishLLM,789,806,train,El coronavirus Covid-19 afecta las vías respiratorias de los seres humanos.,El coronavirus Covid-19 afecta las vías respiratorias de los seres, humanos,humanos,humanos,True, humanos,[1391],False
spanishLLM,790,807,train,El Covid19 pertenece a la familia Coronaviridae.,El Covid19 pertenece a la familia, Coronaviridae,Coronaviridae,de,False, de,[258],False
spanishLLM,791,808,train,El virus Covid19 es de tipo beta.,El virus Covid19 es de tipo, beta,beta,antirroides,False, antirroides,"[426, 845, 305, 8348]",False
spanishLLM,792,81,train,Las zonas de Brasil más afectadas por el Covid fueron San Pablo y Río de Janeiro.,Las zonas de Brasil más afectadas por el Covid fueron San Pablo y Río de, Janeiro,Janeiro,ío,False, ío,"[221, 788]",False
spanishLLM,793,814,train,"Como medida para evitar el contagio de Covid-19, la Intendencia de Montevideo extendió el horario de las ferias vecinales de frutas y verduras hasta las 14.00.","Como medida para evitar el contagio de Covid-19, la Intendencia de Montevideo extendió el horario de las ferias vecinales de frutas y verduras hasta las", 14.00,14.00,de,False, de,[258],False
spanishLLM,794,816,train,Fernando Nopitsch fue el secretario general de la Intendencia de Montevideo.,Fernando Nopitsch fue el secretario general de la Intendencia de, Montevideo,Montevideo,la,False, la,[276],False
spanishLLM,795,818,train,Luis Lacalle Pou fue presidente de la República.,Luis Lacalle Pou fue presidente de la, República,República,comisión,False, comisión,[586],False
spanishLLM,796,82,train,Luiz Henrique Mandetta es el ex Ministro de Salud de Brasil destituido por Bolsonaro.,Luiz Henrique Mandetta es el ex Ministro de Salud de Brasil destituido por, Bolsonaro,Bolsonaro,ñor,False, ñor,"[221, 364, 273]",False
spanishLLM,797,820,train,Mario Abdo Benítez fue el presidente de Paraguay.,Mario Abdo Benítez fue el presidente de, Paraguay,Paraguay,la,False, la,[276],False
spanishLLM,798,822,train,Efraín Alegre es el líder del opositor Partido Liberal en Paraguay.,Efraín Alegre es el líder del opositor Partido Liberal en, Paraguay,Paraguay,cuestión,False, cuestión,[1962],False
spanishLLM,799,829,train,Álvaro Delgado fue el secretario de Presidencia.,Álvaro Delgado fue el secretario de, Presidencia,Presidencia,estado,False, estado,[785],False
spanishLLM,800,83,train,Axel Kicillof fue gobernador de la provincia de Buenos Aires.,Axel Kicillof fue gobernador de la provincia de Buenos, Aires,Aires,"ueño,",False,"ueño,","[353, 879, 12]",False
spanishLLM,801,836,train,Carlos Leoni es el director de Salud de Paysandú.,Carlos Leoni es el director de Salud de, Paysandú,Paysandú,"alud,",False," alud,","[221, 282, 787, 12]",False
spanishLLM,802,843,train,"La pastilla para tratar la covid-19, desarrollada por farmacéuticas como Shionogi, Pfizer y MSD, se toma una vez que una persona se contagia.","La pastilla para tratar la covid-19, desarrollada por farmacéuticas como Shionogi, Pfizer y MSD, se toma una vez que una persona se", contagia,contagia,llama,False, llama,[4603],False
spanishLLM,803,845,train,Pfizer y MSD son farmacéuticas.,Pfizer y MSD son, farmacéuticas,farmacéuticas,?,False,?,[31],False
spanishLLM,804,846,train,Tamiflu y Xofluza son medicamentos que se usan contra la gripe.,Tamiflu y Xofluza son medicamentos que se usan contra la, gripe,gripe,enfermedad,False, enfermedad,[3505],False
spanishLLM,805,847,train,El Remdesivir es un tratamiento contra la covid-19 que se administra en hospitales y se reserva para pacientes más graves.,El Remdesivir es un tratamiento contra la covid-19 que se administra en hospitales y se reserva para pacientes más, graves,graves,de,False, de,[258],False
spanishLLM,806,850,train,"El cuestionario del portal cuarentena.uy, diseñado para predecir la percepción de la crisis sanitaria durante la pandemia, fue realizado por la Facultad de Psicología de la Universidad de la República y el equipo de DATA.","El cuestionario del portal cuarentena.uy, diseñado para predecir la percepción de la crisis sanitaria durante la pandemia, fue realizado por la Facultad de Psicología de la Universidad de la República y el equipo de", DATA,DATA,฀su,False, ฀su,"[221, 15521, 1098]",False
spanishLLM,807,854,train,Los resultados preliminares del cuestionario sobre la percepción de la crisis sanitaria por la pandemia de cuarentena.uy se pueden ver en cuarentena.uy/resultados.,Los resultados preliminares del cuestionario sobre la percepción de la crisis sanitaria por la pandemia de cuarentena.uy se pueden ver en, cuarentena.uy/resultados,cuarentena.uy/resultados,la,False, la,[276],False
spanishLLM,808,855,train,"Alejandro Maiche, profesor e investigador de la Facultad de Psicología de la Universidad de la República, es quien tuvo la idea del portal cuarentena.uy, diseñado para medir la percepción de la crisis sanitaria durante la pandemia.","Alejandro Maiche, profesor e investigador de la Facultad de Psicología de la Universidad de la República, es quien tuvo la idea del portal cuarentena.uy, diseñado para medir la percepción de la crisis sanitaria durante la", pandemia,pandemia,฀,False, ฀,"[221, 15521]",False
spanishLLM,809,856,train,El PIT-CNT es una central sindical.,El PIT-CNT es una central, sindical,sindical,de,False, de,[258],False
spanishLLM,810,858,train,ASSE es la Administración de los Servicios de Salud del Estado.,ASSE es la Administración de los Servicios de Salud del, Estado,Estado,mbudí?,False, mbudí?,"[221, 8770, 787, 293, 31]",False
spanishLLM,811,86,train,Martin Guzmán fue Ministro de Economía de Argentina.,Martin Guzmán fue Ministro de Economía de, Argentina,Argentina,฀de,False, ฀de,"[221, 15521, 257]",False
spanishLLM,812,861,train,"En el marco de las medidas dispuestas por el gobierno uruguayo para reducir la exposición al coronavirus, las personas que forman parte de la población de riesgo son las personas de más de 65 años.","En el marco de las medidas dispuestas por el gobierno uruguayo para reducir la exposición al coronavirus, las personas que forman parte de la población de riesgo son las personas de más de 65", años,años,"años,",False," años,","[783, 12]",False
spanishLLM,813,863,train,Álvaro Delgado fue el Secretario de la Presidencia.,Álvaro Delgado fue el Secretario de la, Presidencia,Presidencia,comisión,False, comisión,[586],False
spanishLLM,814,87,train,Daniel Arroyo fue Ministro de Desarrollo Social de Argentina.,Daniel Arroyo fue Ministro de Desarrollo Social de, Argentina,Argentina,~,False, ~,"[221, 94]",False
spanishLLM,815,878,train,"El número del Servicio de Atención Médica de Emergencia, al que la familia de Martín Mesa llamó en abril antes de su ingreso al Hospital Español, es el 105.","El número del Servicio de Atención Médica de Emergencia, al que la familia de Martín Mesa llamó en abril antes de su ingreso al Hospital Español, es el", 105,105,฀a,False, ฀a,"[221, 15521, 65]",False
spanishLLM,816,879,train,Virginia Longo fue la directora de la región sur de ASSE.,Virginia Longo fue la directora de la región sur de, ASSE,ASSE,la,False, la,[276],False
spanishLLM,817,880,train,Virginia Longo es la directora de la Región Sur de ASSE.,Virginia Longo es la directora de la Región Sur de, ASSE,ASSE,la,False, la,[276],False
spanishLLM,818,883,train,Lautréamont es una librería.,Lautréamont es una, librería,librería,especie,False, especie,[4903],False
spanishLLM,819,886,train,"Los videos en los que autores uruguayos recomiendan literatura nacional, publicados por la librería Lautréamont y las editoriales Hum y Estuario bajo la iniciativa #autoresencuarentena, duran menos de un minuto.","Los videos en los que autores uruguayos recomiendan literatura nacional, publicados por la librería Lautréamont y las editoriales Hum y Estuario bajo la iniciativa #autoresencuarentena, duran menos de un", minuto,minuto,"carácter,",False," carácter,","[2102, 12]",False
spanishLLM,820,889,train,El merendero Solidarios Unidos Seis Barrios se encuentra en el cruce de las calles Rafael y Teniente Galeano.,El merendero Solidarios Unidos Seis Barrios se encuentra en el cruce de las calles Rafael y Teniente, Galeano,Galeano,�ndos,False, �ndos,"[221, 10391, 78, 464]",False
spanishLLM,821,9,train,"Debido a la pandemia de coronavirus, el confinamiento total en Bolivia anunciado por la presidenta interina Jeanine Áñez fue previsto por 14 días.","Debido a la pandemia de coronavirus, el confinamiento total en Bolivia anunciado por la presidenta interina Jeanine Áñez fue previsto por 14", días,días,de,False, de,[258],False
spanishLLM,822,90,train,El sector terciario de la economía es el de servicios.,El sector terciario de la economía es el de, servicios,servicios,la,False, la,[276],False
spanishLLM,823,907,train,Hasta el 10% de los contagios de coronavirus se dieron en ámbitos asistenciales.,Hasta el 10% de los contagios de coronavirus se dieron en ámbitos, asistenciales,asistenciales,como,False, como,[434],False
spanishLLM,824,909,train,Los testeos de Covid19 en el interior del país estaban previstos para realizarse en el Laboratorio de Virología Molecular de la Universidad de la República.,Los testeos de Covid19 en el interior del país estaban previstos para realizarse en el Laboratorio de Virología Molecular de la Universidad de la, República,República,irología,False, irología,"[221, 5148, 1753]",False
spanishLLM,825,91,train,"El Ministerio de Desarrollo Social ofrece Asignación Familiar, Asignación Familiar Plan de Equidad y Tarjeta Uruguay Social.","El Ministerio de Desarrollo Social ofrece Asignación Familiar, Asignación Familiar Plan de Equidad y Tarjeta Uruguay", Social,Social,฀en฀en฀en฀en฀en฀en฀en฀en฀en฀en฀en฀en฀en฀en฀en฀,False, ฀en฀en฀en฀en฀en฀en฀en฀en฀en฀en฀en฀en฀en฀en฀en฀,"[221, 15521, 265, 15521, 265, 15521, 265, 15521, 265, 15521, 265, 15521, 265, 15521, 265, 15521, 265, 15521, 265, 15521, 265, 15521, 265, 15521, 265, 15521, 265, 15521, 265, 15521, 265, 15521]",True
spanishLLM,826,910,train,Los resultados de análisis de Covid-19 en el interior del país demoraban hasta cinco días.,Los resultados de análisis de Covid-19 en el interior del país demoraban hasta cinco, días,días,años,False, años,[783],False
spanishLLM,827,914,train,La sigla ONU significa Organización de las Naciones Unidas.,La sigla ONU significa Organización de las Naciones, Unidas,Unidas,฀discrimiadas,False, ฀discrimiadas,"[221, 15521, 1493, 906, 338, 73, 493]",False
spanishLLM,828,917,train,Casi 2.000 uruguayos volvieron a través de la operación Todos en Casa.,Casi 2.000 uruguayos volvieron a través de la operación Todos en, Casa,Casa,el,False, el,[288],False
spanishLLM,829,928,train,"La serie Feriados fue dirigida por Leonardo Pintos, Claudio Quijano y Lucas Cilintano.","La serie Feriados fue dirigida por Leonardo Pintos, Claudio Quijano y Lucas", Cilintano,Cilintano,�,False, �,"[221, 10391]",False
spanishLLM,830,93,train,Shai Steinhaus fue el vocero de Comida para Héroes.,Shai Steinhaus fue el vocero de Comida para, Héroes,Héroes,el,False, el,[288],False
spanishLLM,831,94,train,El bar Rumba se encuentra en la intersección de las calles Héctor Miranda y Ellauri.,El bar Rumba se encuentra en la intersección de las calles Héctor Miranda y, Ellauri,Ellauri,iranda,False, iranda,"[221, 381, 4592]",False
spanishLLM,832,96,train,"En el marco del proyecto benéfico Comida para Héroes, Pedidos Ya apoya la logística cediendo motos tres veces por semana para el envío de las viandas destinadas al personal sanitario y grupos vulnerables.","En el marco del proyecto benéfico Comida para Héroes, Pedidos Ya apoya la logística cediendo motos tres veces por semana para el envío de las viandas destinadas al personal sanitario y grupos", vulnerables,vulnerables,de,False, de,[258],False
spanishLLM,833,98,train,Bibliobarrio es una biblioteca.,Bibliobarrio es una, biblioteca,biblioteca,especie,False, especie,[4903],False
