id,quales_id,quales_split,assertion,input,goal
0,10,dev_gold,El Pereira Rossell es un hospital.,El Pereira Rossell es un, hospital
1,100,dev_gold,El sector de alojamiento y servicios de comida envió la mayor cantidad de trabajadores al seguro de desempleo.,El sector de alojamiento y servicios de comida envió la mayor cantidad de trabajadores al seguro de, desempleo
2,103,dev_gold,"Históricamente, el 60% de las empresas del sector manufacturero envió a sus trabajadores al seguro de desempleo.","Históricamente, el 60% de las empresas del sector manufacturero envió a sus trabajadores al seguro de", desempleo
3,108,dev_gold,Las escuelas privadas no tenían una posible fecha para comenzar el nuevo régimen.,Las escuelas privadas no tenían una posible fecha para comenzar el nuevo, régimen
4,114,dev_gold,"La plataforma CREA, de Plan Ceibal, fue una herramienta clave para la educación virtual.","La plataforma CREA, de Plan Ceibal, fue una herramienta clave para la educación", virtual
5,115,dev_gold,La OPS es la Organización Panamericana de la Salud.,La OPS es la Organización Panamericana de la, Salud
6,116,dev_gold,Carissa Etienne fue el presidente de la OPS.,Carissa Etienne fue el presidente de la, OPS
7,119,dev_gold,"La directora de la OPS, Carissa Etienne, era de Dominica.","La directora de la OPS, Carissa Etienne, era de", Dominica
8,12,dev_gold,El Maciel es un hospital.,El Maciel es un, hospital
9,120,dev_gold,"Algunos sectores poblacionales del continente, como los indígenas y afrodescendientes, tienen peor acceso al sistema de salud estatal en Latinoamérica.","Algunos sectores poblacionales del continente, como los indígenas y afrodescendientes, tienen peor acceso al sistema de salud estatal en", Latinoamérica
10,126,dev_gold,En México se registraban diez femicidios por día.,En México se registraban diez femicidios por, día
11,131,dev_gold,Nigel Manchini es profesor de Filosofía y magíster en Neuropsicología y Educación.,Nigel Manchini es profesor de Filosofía y magíster en Neuropsicología y, Educación
12,132,dev_gold,Las manifestaciones populares desaparecieron con la pandemia.,Las manifestaciones populares desaparecieron con la, pandemia
13,133,dev_gold,Jair Bolsonaro fue presidente de Brasil.,Jair Bolsonaro fue presidente de, Brasil
14,134,dev_gold,Las redes bolsonaristas acusaron al Partido Comunista Chino por la expansión del coronavirus.,Las redes bolsonaristas acusaron al Partido Comunista Chino por la expansión del, coronavirus
15,135,dev_gold,Yang Wanming fue embajador chino en Brasil.,Yang Wanming fue embajador chino en, Brasil
16,136,dev_gold,El canciller de Brasil fue Ernesto Araújo.,El canciller de Brasil fue Ernesto, Araújo
17,137,dev_gold,El hashtag #VirusChino se volvió tendencia.,El hashtag #VirusChino se volvió, tendencia
18,138,dev_gold,Bernardo Küster fue director del portal Brasil sin miedo.,Bernardo Küster fue director del portal Brasil sin, miedo
19,143,dev_gold,Las causas de la obesidad en niños son la falta de actividad física y el consumo de alimentos ultraprocesados y bebidas azucaradas.,Las causas de la obesidad en niños son la falta de actividad física y el consumo de alimentos ultraprocesados y bebidas, azucaradas
20,145,dev_gold,Unicef en América Latina está en Panamá.,Unicef en América Latina está en, Panamá
21,146,dev_gold,Jean Gough representó a Unicef en América Latina.,Jean Gough representó a Unicef en América, Latina
22,148,dev_gold,El coronavirus provoca la enfermedad Covid-19.,El coronavirus provoca la enfermedad, Covid-19
23,149,dev_gold,Los clubes de la B y de la C recibieron donaciones de alimentos y productos de limpieza.,Los clubes de la B y de la C recibieron donaciones de alimentos y productos de, limpieza
24,151,dev_gold,"La Segunda División Amateur realizó un relevamiento entre todos los planteles de los jugadores que estaban en peor situación, ya que sabían que muchos estaban sin trabajo, recibían muy poco dinero y tenían familia, para evaluar la forma de hacerles llegar un surtido de alimentos y artículos de limpieza.","La Segunda División Amateur realizó un relevamiento entre todos los planteles de los jugadores que estaban en peor situación, ya que sabían que muchos estaban sin trabajo, recibían muy poco dinero y tenían familia, para evaluar la forma de hacerles llegar un surtido de alimentos y artículos de", limpieza
25,16,dev_gold,Se deja constancia de los datos de coronavirus en la página web del Sistema Nacional de Emergencias (SINAE).,Se deja constancia de los datos de coronavirus en la página web del Sistema Nacional de Emergencias, (SINAE)
26,164,dev_gold,"La Intersocial está integrada por la central obrera, la Federación de Estudiantes Universitarios del Uruguay, la Organización Nacional de Asociaciones de Jubilados y Pensionistas del Uruguay, la Federación Uruguaya de Cooperativas de Viviendas por Ayuda Mutua, el colectivo Ovejas Negras y la Intersocial Feminista.","La Intersocial está integrada por la central obrera, la Federación de Estudiantes Universitarios del Uruguay, la Organización Nacional de Asociaciones de Jubilados y Pensionistas del Uruguay, la Federación Uruguaya de Cooperativas de Viviendas por Ayuda Mutua, el colectivo Ovejas Negras y la Intersocial", Feminista
27,168,dev_gold,La Sociedad de Medicina Familiar y Comunitaria realizó la solicitud de mantener abiertas las policlínicas.,La Sociedad de Medicina Familiar y Comunitaria realizó la solicitud de mantener abiertas las, policlínicas
28,169,dev_gold,Las policlínicas y las visitas domiciliarias de seguimiento resolvían cerca del 80% de los problemas de salud.,Las policlínicas y las visitas domiciliarias de seguimiento resolvían cerca del 80% de los problemas de, salud
29,171,dev_gold,Los especialistas pidieron reforzar la teleasistencia y que los prestadores brindaran vías alternativas de comunicación.,Los especialistas pidieron reforzar la teleasistencia y que los prestadores brindaran vías alternativas de, comunicación
30,174,dev_gold,Salvador Illa fue el ministro de Salud de España.,Salvador Illa fue el ministro de Salud de, España
31,175,dev_gold,"En España, se recomendó el uso de tapabocas al aire libre, aunque no era obligatorio, y la policía, tanto a pie como en vehículos y helicópteros, llamaba a las personas a mantener la distancia social.","En España, se recomendó el uso de tapabocas al aire libre, aunque no era obligatorio, y la policía, tanto a pie como en vehículos y helicópteros, llamaba a las personas a mantener la distancia", social
32,177,dev_gold,La primera muerte por coronavirus en Brasil ocurrió en 2020.,La primera muerte por coronavirus en Brasil ocurrió en, 2020
33,181,dev_gold,La Agencia Nacional de Seguridad Vial aumentó los controles para desalentar el turismo.,La Agencia Nacional de Seguridad Vial aumentó los controles para desalentar el, turismo
34,184,dev_gold,El lanzamiento de la aplicación fue a las 19:30 horas.,El lanzamiento de la aplicación fue a las 19:30, horas
35,186,dev_gold,"Inicialmente, la tecnología de alertas de exposición se probó en cuatro países.","Inicialmente, la tecnología de alertas de exposición se probó en cuatro", países
36,187,dev_gold,La Tabaré se presentó en la cárcel de Punta de Rieles.,La Tabaré se presentó en la cárcel de Punta de, Rieles
37,191,dev_gold,La Tabaré tocó arriba del ring de boxeo del gimnasio del Polo Industrial de la cárcel de Punta de Rieles.,La Tabaré tocó arriba del ring de boxeo del gimnasio del Polo Industrial de la cárcel de Punta de, Rieles
38,201,dev_gold,Lo primero que se debía hacer para combatir el covid-19 era cumplir y apoyar las medidas del gobierno.,Lo primero que se debía hacer para combatir el covid-19 era cumplir y apoyar las medidas del, gobierno
39,206,dev_gold,La pandemia del coronavirus está afectando al mundo entero.,La pandemia del coronavirus está afectando al mundo, entero
40,209,dev_gold,Gustavo Leal es el ex director de Convivencia y Seguridad Ciudadana del Ministerio del Interior.,Gustavo Leal es el ex director de Convivencia y Seguridad Ciudadana del Ministerio del, Interior
41,210,dev_gold,La decisión de la cuarentena general y estricta en Europa se tomó cuando la situación desbordó los servicios de salud.,La decisión de la cuarentena general y estricta en Europa se tomó cuando la situación desbordó los servicios de, salud
42,211,dev_gold,"La cuarentena general y estricta implica claridad en las actividades autorizadas, control y sanciones en caso de incumplimiento.","La cuarentena general y estricta implica claridad en las actividades autorizadas, control y sanciones en caso de", incumplimiento
43,214,dev_gold,Los habitantes de Sydney podían alejarse hasta 10 kilómetros de sus casas.,Los habitantes de Sydney podían alejarse hasta 10 kilómetros de sus, casas
44,232,dev_gold,Las policlínicas estuvieron cerradas desde que se conocieron los primeros casos de covid-19.,Las policlínicas estuvieron cerradas desde que se conocieron los primeros casos de, covid-19
45,236,dev_gold,Sumefac es la sigla de la Sociedad Uruguaya de Medicina Familiar y Comunitaria.,Sumefac es la sigla de la Sociedad Uruguaya de Medicina Familiar y, Comunitaria
46,24,dev_gold,Las clases se suspendieron a causa de la pandemia.,Las clases se suspendieron a causa de la, pandemia
47,241,dev_gold,Las partidas se financiaron por medio de la recaudación del Impuesto de Primaria.,Las partidas se financiaron por medio de la recaudación del Impuesto de, Primaria
48,243,dev_gold,"La investigación sobre anticuerpos fue realizada por una subsidiaria de la farmacéutica estatal Sinopharm, que produce dos de las vacunas aprobadas por el Gobierno chino, y el Centro Nacional de Investigación de Medicina Traslacional de la Universidad de Jiaotong.","La investigación sobre anticuerpos fue realizada por una subsidiaria de la farmacéutica estatal Sinopharm, que produce dos de las vacunas aprobadas por el Gobierno chino, y el Centro Nacional de Investigación de Medicina Traslacional de la Universidad de", Jiaotong
49,248,dev_gold,RBDIgG es un tipo de anticuerpo que indica la fortaleza de la inmunidad contra el coronavirus.,RBDIgG es un tipo de anticuerpo que indica la fortaleza de la inmunidad contra el, coronavirus
50,251,dev_gold,El PIT-CNT exigió una renta básica para los afectados por la crisis no comprendidos en la red de protección social.,El PIT-CNT exigió una renta básica para los afectados por la crisis no comprendidos en la red de protección, social
51,252,dev_gold,El PIT-CNT exigió una renta básica para aquellos afectados por la crisis que no estuvieran comprendidos en la red de protección social.,El PIT-CNT exigió una renta básica para aquellos afectados por la crisis que no estuvieran comprendidos en la red de protección, social
52,253,dev_gold,El PIT-CNT es la central de trabajadores.,El PIT-CNT es la central de, trabajadores
53,254,dev_gold,"El PIT-CNT reclamó flexibilizaciones en los vencimientos de las tarifas públicas, tributos, alquileres y tarjetas de crédito.","El PIT-CNT reclamó flexibilizaciones en los vencimientos de las tarifas públicas, tributos, alquileres y tarjetas de", crédito
54,26,dev_gold,La suspensión de clases rigió hasta que terminaron las vacaciones de turismo.,La suspensión de clases rigió hasta que terminaron las vacaciones de, turismo
55,261,dev_gold,Las casas de lotería fueron incluidas en la lista de servicios públicos y actividades esenciales mediante un decreto de Jair Bolsonaro.,Las casas de lotería fueron incluidas en la lista de servicios públicos y actividades esenciales mediante un decreto de Jair, Bolsonaro
56,269,dev_gold,La OMS y el Banco Mundial convocaron a la Junta de Vigilancia Mundial de la Preparación ante Crisis Sanitarias.,La OMS y el Banco Mundial convocaron a la Junta de Vigilancia Mundial de la Preparación ante Crisis, Sanitarias
57,27,dev_gold,Crea fue la principal herramienta que utilizaron los docentes y alumnos en la educación virtual escolar.,Crea fue la principal herramienta que utilizaron los docentes y alumnos en la educación virtual, escolar
58,271,dev_gold,Los hospitales psiquiátricos suspendieron las visitas y las actividades que implican circulación de personas durante la pandemia de coronavirus.,Los hospitales psiquiátricos suspendieron las visitas y las actividades que implican circulación de personas durante la pandemia de, coronavirus
59,275,dev_gold,163 estudiantes recibieron tarjetas de débito de la Udelar para comprar alimentos.,163 estudiantes recibieron tarjetas de débito de la Udelar para comprar, alimentos
60,277,dev_gold,"La Udelar ofreció clases en vivo de pilates, gimnasia laboral, fitness, gimnasia para adultos mayores y gimnasia familiar en las redes sociales Facebook (bienestar.udelar) e Instagram (deportesbienestaruniversitario) para que los estudiantes no perdieran el vínculo con la universidad.","La Udelar ofreció clases en vivo de pilates, gimnasia laboral, fitness, gimnasia para adultos mayores y gimnasia familiar en las redes sociales Facebook (bienestar.udelar) e Instagram (deportesbienestaruniversitario) para que los estudiantes no perdieran el vínculo con la", universidad
61,280,dev_gold,El cacerolazo fue una manifestación de respaldo a una batería de medidas propuestas para responder a la emergencia sanitaria.,El cacerolazo fue una manifestación de respaldo a una batería de medidas propuestas para responder a la emergencia, sanitaria
62,282,dev_gold,La central de trabajadores esperaba una respuesta del Poder Ejecutivo.,La central de trabajadores esperaba una respuesta del Poder, Ejecutivo
63,283,dev_gold,El toque de queda impuesto por Perú impidió la repatriación de uruguayos varados en Perú.,El toque de queda impuesto por Perú impidió la repatriación de uruguayos varados en, Perú
64,292,dev_gold,Sebastián Piñera fue presidente chileno.,Sebastián Piñera fue presidente, chileno
65,298,dev_gold,El Frente Amplio presentó proyectos de ley para la emergencia sanitaria.,El Frente Amplio presentó proyectos de ley para la emergencia, sanitaria
66,302,dev_gold,Lucía Etcheverry perteneció al Movimiento de Participación Popular.,Lucía Etcheverry perteneció al Movimiento de Participación, Popular
67,303,dev_gold,El Frente Amplio planteó un proyecto de flexibilización del seguro de paro.,El Frente Amplio planteó un proyecto de flexibilización del seguro de, paro
68,307,dev_gold,El Comité de Emergencia funcionaba día por medio o cada 72 horas.,El Comité de Emergencia funcionaba día por medio o cada 72, horas
69,309,dev_gold,Se mantuvo el aumento del IVA en las compras con débito y crédito.,Se mantuvo el aumento del IVA en las compras con débito y, crédito
70,310,dev_gold,Azucena Arbeleche fue ministra de Economía y Finanzas.,Azucena Arbeleche fue ministra de Economía y, Finanzas
71,316,dev_gold,"El aeropuerto Heathrow de Londres probó filas rápidas para pasajeros vacunados procedentes de Atenas, Nueva York y Los Ángeles.","El aeropuerto Heathrow de Londres probó filas rápidas para pasajeros vacunados procedentes de Atenas, Nueva York y Los", Ángeles
72,317,dev_gold,Boris Johnson fue el primer ministro.,Boris Johnson fue el primer, ministro
73,321,dev_gold,El gobierno británico se apoyó en su programa masivo de vacunación para levantar las restricciones anticovid.,El gobierno británico se apoyó en su programa masivo de vacunación para levantar las restricciones, anticovid
74,322,dev_gold,Sajid Javid fue el ministro de Sanidad.,Sajid Javid fue el ministro de, Sanidad
75,323,dev_gold,El gobierno británico buscó acercar a su nación a la vida normal al levantar las restricciones anticovid.,El gobierno británico buscó acercar a su nación a la vida normal al levantar las restricciones, anticovid
76,327,dev_gold,"El Frente Amplio propuso suspender los cortes por atraso de pagos de UTE, OSE y Antel.","El Frente Amplio propuso suspender los cortes por atraso de pagos de UTE, OSE y", Antel
77,328,dev_gold,El FA planteó que los refugios deberían estar abiertos 24 horas.,El FA planteó que los refugios deberían estar abiertos 24, horas
78,33,dev_gold,La primera tanda de uruguayos traídos al país viajó en un avión Brasilia de la Fuerza Aérea.,La primera tanda de uruguayos traídos al país viajó en un avión Brasilia de la Fuerza, Aérea
79,333,dev_gold,"Omar Paganini fue ministro de Industria, Energía y Minería de Uruguay.","Omar Paganini fue ministro de Industria, Energía y Minería de", Uruguay
80,337,dev_gold,"El primer punto de las medidas propuestas por el Sindicato Médico del Uruguay (SMU) fue una 'cuarentena general' y 'medidas drásticas de prevención', como el cierre de fronteras y de todo espacio público, incluyendo restaurantes y centros comerciales.","El primer punto de las medidas propuestas por el Sindicato Médico del Uruguay (SMU) fue una 'cuarentena general' y 'medidas drásticas de prevención', como el cierre de fronteras y de todo espacio público, incluyendo restaurantes y centros", comerciales
81,339,dev_gold,La APU es la Asociación de la Prensa Uruguaya.,La APU es la Asociación de la Prensa, Uruguaya
82,34,dev_gold,Nicolás Martinelli fue autoridad del Mides.,Nicolás Martinelli fue autoridad del, Mides
83,344,dev_gold,El Mides trasladó al menos a 70 personas.,El Mides trasladó al menos a 70, personas
84,347,dev_gold,Gabriel Cunha fue director de la División Programas de Personas en Situación de Calle.,Gabriel Cunha fue director de la División Programas de Personas en Situación de, Calle
85,35,dev_gold,Verónica Alonso fue senadora,Verónica Alonso fue, senadora
86,350,dev_gold,"El Sarandí Hogar Valdense está ubicado en Colonia Valdense, departamento de Colonia.","El Sarandí Hogar Valdense está ubicado en Colonia Valdense, departamento de", Colonia
87,355,dev_gold,La Intendencia de Montevideo tiene la facultad de prorrogar el vencimiento del pago de patentes de rodados.,La Intendencia de Montevideo tiene la facultad de prorrogar el vencimiento del pago de patentes de, rodados
88,358,dev_gold,Sebastián Bauzá fue el secretario nacional del Deporte.,Sebastián Bauzá fue el secretario nacional del, Deporte
89,361,dev_gold,Sebastián Bauzá fue secretario nacional del Deporte.,Sebastián Bauzá fue secretario nacional del, Deporte
90,369,dev_gold,Se pretendió postergar las elecciones departamentales y municipales.,Se pretendió postergar las elecciones departamentales y, municipales
91,377,dev_gold,Nunzia Catalfo fue ministra de Trabajo italiana.,Nunzia Catalfo fue ministra de Trabajo, italiana
92,379,dev_gold,"El gobierno recibió dinero del Banco Interamericano de Desarrollo, el Banco Mundial, Fonplata y el Banco de Desarrollo Latinoamericano (ex Corporación Andina de Fomento, CAF).","El gobierno recibió dinero del Banco Interamericano de Desarrollo, el Banco Mundial, Fonplata y el Banco de Desarrollo Latinoamericano (ex Corporación Andina de Fomento,", CAF)
93,38,dev_gold,El hotel Urban Express se encuentra en Andes y Uruguay.,El hotel Urban Express se encuentra en Andes y, Uruguay
94,386,dev_gold,Las comunidades autónomas españolas más afectadas por la pandemia fueron Madrid y Cataluña.,Las comunidades autónomas españolas más afectadas por la pandemia fueron Madrid y, Cataluña
95,387,dev_gold,Carmen Calvo fue la vicepresidenta primera del gobierno de España.,Carmen Calvo fue la vicepresidenta primera del gobierno de, España
96,388,dev_gold,El estado de alarma en España terminó en abril.,El estado de alarma en España terminó en, abril
97,39,dev_gold,Verónica Alonso fue la esposa de Marcel Gerwer.,Verónica Alonso fue la esposa de Marcel, Gerwer
98,397,dev_gold,IM es la Intendencia de Montevideo.,IM es la Intendencia de, Montevideo
99,398,dev_gold,"La Intendencia de Montevideo atiende al público a través de atención telefónica, correo electrónico y su sitio web.","La Intendencia de Montevideo atiende al público a través de atención telefónica, correo electrónico y su sitio", web
100,4,dev_gold,Fernando Pereira fue presidente del PIT-CNT.,Fernando Pereira fue presidente del, PIT-CNT
101,40,dev_gold,Marcel Gerwer es el esposo de Verónica Alonso.,Marcel Gerwer es el esposo de Verónica, Alonso
102,401,dev_gold,Guido Manini Ríos fue el líder de Cabildo Abierto.,Guido Manini Ríos fue el líder de Cabildo, Abierto
103,408,dev_gold,Barcelona fue uno de los epicentros del coronavirus en España.,Barcelona fue uno de los epicentros del coronavirus en, España
104,414,dev_gold,Dos tercios de la capacidad del estadio Wembley se habilitaron para las semifinales y la final de la Eurocopa.,Dos tercios de la capacidad del estadio Wembley se habilitaron para las semifinales y la final de la, Eurocopa
105,417,dev_gold,Los primeros casos de Covid en Uruguay se confirmaron un viernes 13.,Los primeros casos de Covid en Uruguay se confirmaron un viernes, 13
106,418,dev_gold,Las clases en Uruguay comenzaron después de la Semana de Turismo.,Las clases en Uruguay comenzaron después de la Semana de, Turismo
107,42,dev_gold,El Mides gastó 9.600 pesos por persona en situación de calle que estuvo en el hotel Urban Express.,El Mides gastó 9.600 pesos por persona en situación de calle que estuvo en el hotel Urban, Express
108,421,dev_gold,Pablo Orefice fue el director del programa salud.uy.,Pablo Orefice fue el director del programa, salud.uy
109,423,dev_gold,Se registraban unas 80 alertas de exposición por día a través de la app CoronavirusUY.,Se registraban unas 80 alertas de exposición por día a través de la app, CoronavirusUY
110,425,dev_gold,La institución detrás de Salud.uy es la Agencia de Gobierno Electrónico y Sociedad de la Información y del Conocimiento (Agesic).,La institución detrás de Salud.uy es la Agencia de Gobierno Electrónico y Sociedad de la Información y del Conocimiento, (Agesic)
111,426,dev_gold,Agesic es la Agencia de Gobierno Electrónico y Sociedad de la Información y del Conocimiento.,Agesic es la Agencia de Gobierno Electrónico y Sociedad de la Información y del, Conocimiento
112,430,dev_gold,Los trabajadores de la vía pública solicitaron el subsidio integral por los meses que duró la situación generada por la pandemia de coronavirus.,Los trabajadores de la vía pública solicitaron el subsidio integral por los meses que duró la situación generada por la pandemia de, coronavirus
113,432,dev_gold,Las elecciones departamentales y municipales no pudieron realizarse con normalidad debido a la emergencia sanitaria.,Las elecciones departamentales y municipales no pudieron realizarse con normalidad debido a la emergencia, sanitaria
114,434,dev_gold,Los ministros de la Corte Electoral se reunieron.,Los ministros de la Corte Electoral se, reunieron
115,439,dev_gold,AEBU es la Asociación de Bancarios del Uruguay.,AEBU es la Asociación de Bancarios del, Uruguay
116,442,dev_gold,China ofrece insumos médicos a Uruguay para combatir el avance del coronavirus.,China ofrece insumos médicos a Uruguay para combatir el avance del, coronavirus
117,444,dev_gold,Luis Lacalle Pou fue presidente de Uruguay.,Luis Lacalle Pou fue presidente de, Uruguay
118,445,dev_gold,China implementó una cuarentena general en la ciudad de Wuhan y la provincia de Hubei para evitar la expansión del virus.,China implementó una cuarentena general en la ciudad de Wuhan y la provincia de Hubei para evitar la expansión del, virus
119,446,dev_gold,China transmitió su experiencia en el manejo de la crisis sanitaria y económica.,China transmitió su experiencia en el manejo de la crisis sanitaria y, económica
120,448,dev_gold,Dos uruguayos estuvieron varados en Estados Unidos.,Dos uruguayos estuvieron varados en Estados, Unidos
121,456,dev_gold,La franja etárea con mayor cantidad de casos de coronavirus fue la de entre 55 y 64 años.,La franja etárea con mayor cantidad de casos de coronavirus fue la de entre 55 y 64, años
122,459,dev_gold,Daniel Salinas fue ministro de Salud Pública.,Daniel Salinas fue ministro de Salud, Pública
123,460,dev_gold,Carlos Batthyány fue director del Institut Pasteur de Montevideo.,Carlos Batthyány fue director del Institut Pasteur de, Montevideo
124,462,dev_gold,Las escuelas de todo el país reabrieron sus puertas.,Las escuelas de todo el país reabrieron sus, puertas
125,469,dev_gold,"Durante una cuarentena obligatoria, los trabajadores de las farmacias, de los supermercados y de la recolección de residuos seguían trabajando.","Durante una cuarentena obligatoria, los trabajadores de las farmacias, de los supermercados y de la recolección de residuos seguían", trabajando
126,47,dev_gold,Las charlas en vivo del Colectivo Gastronómico Uruguay se realizaron a través de Instagram.,Las charlas en vivo del Colectivo Gastronómico Uruguay se realizaron a través de, Instagram
127,470,dev_gold,El PIT-CNT es una central sindical.,El PIT-CNT es una central, sindical
128,471,dev_gold,400.000 trabajadores se quedaron sin ingresos durante la emergencia sanitaria.,400.000 trabajadores se quedaron sin ingresos durante la emergencia, sanitaria
129,472,dev_gold,Azucena Arbeleche fue ministra de Economía y Finanzas del Uruguay.,Azucena Arbeleche fue ministra de Economía y Finanzas del, Uruguay
130,476,dev_gold,Las tareas de cuidados recaen mayoritariamente en las mujeres.,Las tareas de cuidados recaen mayoritariamente en las, mujeres
131,477,dev_gold,Las mujeres y niñas migrantes corren riesgo de ser capturadas por redes de trata.,Las mujeres y niñas migrantes corren riesgo de ser capturadas por redes de, trata
132,478,dev_gold,"Durante la pandemia, el uso del transporte público en Montevideo disminuyó más del 60% en el día de menor cantidad de pasajeros.","Durante la pandemia, el uso del transporte público en Montevideo disminuyó más del 60% en el día de menor cantidad de", pasajeros
133,481,dev_gold,La Intendencia de Montevideo comunicó la reducción de la frecuencia del transporte público y la extensión de la validez del boleto de una hora en media hora.,La Intendencia de Montevideo comunicó la reducción de la frecuencia del transporte público y la extensión de la validez del boleto de una hora en media, hora
134,486,dev_gold,"El médico estaba habilitado a solicitar la prueba de coronavirus a cualquier persona que tuviera fiebre y presentara síntomas respiratorios, aunque no hubiera tenido contacto con un caso confirmado de Covid-19.","El médico estaba habilitado a solicitar la prueba de coronavirus a cualquier persona que tuviera fiebre y presentara síntomas respiratorios, aunque no hubiera tenido contacto con un caso confirmado de", Covid-19
135,49,dev_gold,"El acuerdo para los obreros de la construcción en relación a la pandemia fue financiado en un 30% por el Estado, un 50% por las cámaras empresariales y un 20% por los trabajadores.","El acuerdo para los obreros de la construcción en relación a la pandemia fue financiado en un 30% por el Estado, un 50% por las cámaras empresariales y un 20% por los", trabajadores
136,490,dev_gold,Alejandro Stipanicic fue presidente de ANCAP.,Alejandro Stipanicic fue presidente de, ANCAP
137,491,dev_gold,Pablo Caban fue gerente comercial de ALUR.,Pablo Caban fue gerente comercial de, ALUR
138,493,dev_gold,El Frente Amplio propuso crear un subsidio de 16.300 pesos.,El Frente Amplio propuso crear un subsidio de 16.300, pesos
139,494,dev_gold,El salario mínimo nacional fue de 16.300 pesos.,El salario mínimo nacional fue de 16.300, pesos
140,496,dev_gold,"Se sugirió diferir los vencimientos de la DGI y BPS de micro, pequeñas y medianas empresas por 60 días.","Se sugirió diferir los vencimientos de la DGI y BPS de micro, pequeñas y medianas empresas por 60", días
141,500,dev_gold,El Tour de Francia 2020 atravesó la ciudad de Niza.,El Tour de Francia 2020 atravesó la ciudad de, Niza
142,501,dev_gold,El Tour de Francia se corrió entre agosto y setiembre.,El Tour de Francia se corrió entre agosto y, setiembre
143,502,dev_gold,Egan Bernal ganó el Tour de Francia.,Egan Bernal ganó el Tour de, Francia
144,503,dev_gold,Christian Prudhomme fue director del Tour de Francia.,Christian Prudhomme fue director del Tour de, Francia
145,511,dev_gold,"Se debían realizar tests de diagnóstico de Covid-19 a todos los casos sospechosos, a todos los pacientes con sintomatología respiratoria, y especialmente a los trabajadores de la salud.","Se debían realizar tests de diagnóstico de Covid-19 a todos los casos sospechosos, a todos los pacientes con sintomatología respiratoria, y especialmente a los trabajadores de la", salud
146,513,dev_gold,La tasa de ataque es el número de personas que presentan una enfermedad en relación al número de personas expuestas a sufrirla en un período limitado y en condiciones especiales.,La tasa de ataque es el número de personas que presentan una enfermedad en relación al número de personas expuestas a sufrirla en un período limitado y en condiciones, especiales
147,515,dev_gold,"Las medidas necesarias para reducir la transmisión de Covid-19 incluyen el distanciamiento social, la cuarentena poblacional, el protocolo de aislamiento (cierre de escuelas, cancelación de eventos masivos, cierre de fronteras y exhortación a quedarse en domicilio), así como la reducción del riesgo individual y colectivo mediante el lavado de manos y toser en el pliegue del codo.","Las medidas necesarias para reducir la transmisión de Covid-19 incluyen el distanciamiento social, la cuarentena poblacional, el protocolo de aislamiento (cierre de escuelas, cancelación de eventos masivos, cierre de fronteras y exhortación a quedarse en domicilio), así como la reducción del riesgo individual y colectivo mediante el lavado de manos y toser en el pliegue del", codo
148,519,dev_gold,Los trabajadores informales no fueron contemplados en las medidas gubernamentales adoptadas durante la pandemia de COVID-19.,Los trabajadores informales no fueron contemplados en las medidas gubernamentales adoptadas durante la pandemia de, COVID-19
149,521,dev_gold,Alrededor de 400 funcionarios de la AUF fueron al seguro de paro.,Alrededor de 400 funcionarios de la AUF fueron al seguro de, paro
150,523,dev_gold,Ignacio Alonso fue presidente de la AUF.,Ignacio Alonso fue presidente de la, AUF
151,524,dev_gold,Óscar Tabárez fue director de la selección mayor de Uruguay.,Óscar Tabárez fue director de la selección mayor de, Uruguay
152,528,dev_gold,Lombardía es la región italiana que fue más afectada por el Coronavirus.,Lombardía es la región italiana que fue más afectada por el, Coronavirus
153,53,dev_gold,El artículo 7 de la Constitución protege la libertad de las personas.,El artículo 7 de la Constitución protege la libertad de las, personas
154,531,dev_gold,El preacuerdo impulsado para los trabajadores del SUNCA buscaba comenzar con una licencia especial por diez días hábiles.,El preacuerdo impulsado para los trabajadores del SUNCA buscaba comenzar con una licencia especial por diez días, hábiles
155,535,dev_gold,El SUNCA continuó trabajando en el preacuerdo luego de recibir la negativa del Ministerio de Trabajo y Seguridad Social.,El SUNCA continuó trabajando en el preacuerdo luego de recibir la negativa del Ministerio de Trabajo y Seguridad, Social
156,537,dev_gold,El primer fallecido por coronavirus en Uruguay fue una persona de 71 años.,El primer fallecido por coronavirus en Uruguay fue una persona de 71, años
157,538,dev_gold,El teléfono de apoyo para violencia de género es 0800 41 41 (o * 4141 por celular).,El teléfono de apoyo para violencia de género es 0800 41 41 (o * 4141 por, celular)
158,54,dev_gold,Las elecciones departamentales aplazadas por la pandemia de Covid-19 estaban previstas para mayo.,Las elecciones departamentales aplazadas por la pandemia de Covid-19 estaban previstas para, mayo
159,540,dev_gold,Mónica Bottero fue presidenta del Instituto Nacional de las Mujeres.,Mónica Bottero fue presidenta del Instituto Nacional de las, Mujeres
160,546,dev_gold,El Mides es el Ministerio de Desarrollo Social.,El Mides es el Ministerio de Desarrollo, Social
161,548,dev_gold,Los refugios nocturnos funcionaban desde las 18.00 hasta las 9.00.,Los refugios nocturnos funcionaban desde las 18.00 hasta las, 9.00
162,549,dev_gold,Pablo Bartol fue el Ministro de Desarrollo Social de Uruguay.,Pablo Bartol fue el Ministro de Desarrollo Social de, Uruguay
163,550,dev_gold,El colectivo 'Ni Todo Está Perdido (Nitep)' es un colectivo integrado por personas que viven en la calle.,El colectivo 'Ni Todo Está Perdido (Nitep)' es un colectivo integrado por personas que viven en la, calle
164,553,dev_gold,La OMS es la Organización Mundial de la Salud.,La OMS es la Organización Mundial de la, Salud
165,555,dev_gold,La demanda de servicios de salud aumenta en los inviernos.,La demanda de servicios de salud aumenta en los, inviernos
166,556,dev_gold,El Puente San Martín es el paso fronterizo entre Fray Bentos y Gualeguaychú.,El Puente San Martín es el paso fronterizo entre Fray Bentos y, Gualeguaychú
167,557,dev_gold,El primer caso positivo de COVID-19 en el puente San Martín es un camionero argentino.,El primer caso positivo de COVID-19 en el puente San Martín es un camionero, argentino
168,56,dev_gold,El artículo 331 literal D de la Constitución es el mecanismo constitucional para re-programar las elecciones obligatorias.,El artículo 331 literal D de la Constitución es el mecanismo constitucional para re-programar las elecciones, obligatorias
169,566,dev_gold,Los primeros casos de Coronavirus en Uruguay se registraron en marzo de 2020.,Los primeros casos de Coronavirus en Uruguay se registraron en marzo de, 2020
170,568,dev_gold,"Se desaconsejó la asistencia a los velatorios de las personas que conformaban la población de riesgo, así como de quienes presentaban síntomas o tenían un riesgo mayor de haber contraído la enfermedad.","Se desaconsejó la asistencia a los velatorios de las personas que conformaban la población de riesgo, así como de quienes presentaban síntomas o tenían un riesgo mayor de haber contraído la", enfermedad
171,569,dev_gold,El ministerio propuso que los directores de las funerarias ofrecieran una transmisión en vivo.,El ministerio propuso que los directores de las funerarias ofrecieran una transmisión en, vivo
172,571,dev_gold,Ruben Melogno es el vocalista de Psiglo.,Ruben Melogno es el vocalista de, Psiglo
173,572,dev_gold,Ruben Melogno murió de Covid-19.,Ruben Melogno murió de, Covid-19
174,573,dev_gold,Italia fue el país europeo con el mayor número de víctimas por Coronavirus.,Italia fue el país europeo con el mayor número de víctimas por, Coronavirus
175,584,dev_gold,El tiempo de funcionamiento de estos refugios dependió de la evolución de la emergencia sanitaria.,El tiempo de funcionamiento de estos refugios dependió de la evolución de la emergencia, sanitaria
176,590,dev_gold,La pérdida de ingresos globales estimada a consecuencia de la crisis de la pandemia fue de 2 billones de dólares.,La pérdida de ingresos globales estimada a consecuencia de la crisis de la pandemia fue de 2 billones de, dólares
177,591,dev_gold,25 millones de empleos estuvieron en riesgo a nivel global debido a la pandemia.,25 millones de empleos estuvieron en riesgo a nivel global debido a la, pandemia
178,597,dev_gold,Rodolfo Reich fue periodista de La Nación.,Rodolfo Reich fue periodista de La, Nación
179,6,dev_gold,Pablo da Silveira fue ministro de Educación y Cultura.,Pablo da Silveira fue ministro de Educación y, Cultura
180,601,dev_gold,Guido Manini Ríos fue líder de Cabildo Abierto.,Guido Manini Ríos fue líder de Cabildo, Abierto
181,603,dev_gold,La curva de casos de coronavirus representa la cantidad de casos registrados en cada país.,La curva de casos de coronavirus representa la cantidad de casos registrados en cada, país
182,606,dev_gold,Los primeros casos de Covid-19 en América del Sur comenzaron a comienzos de marzo.,Los primeros casos de Covid-19 en América del Sur comenzaron a comienzos de, marzo
183,608,dev_gold,La Comisión Académica de Posgrados depende de la Universidad de la República.,La Comisión Académica de Posgrados depende de la Universidad de la, República
184,61,dev_gold,La emergencia sanitaria se declaró en Uruguay en marzo.,La emergencia sanitaria se declaró en Uruguay en, marzo
185,612,dev_gold,La Agencia Nacional de Investigación e Innovación financió los proyectos para los kits RT-PCR.,La Agencia Nacional de Investigación e Innovación financió los proyectos para los kits, RT-PCR
186,614,dev_gold,Los Juegos Olímpicos se jugaron en Japón.,Los Juegos Olímpicos se jugaron en, Japón
187,615,dev_gold,Shinzo Abe fue presidente de Japón.,Shinzo Abe fue presidente de, Japón
188,616,dev_gold,Thomas Bach fue el presidente del Comité Olímpico Internacional.,Thomas Bach fue el presidente del Comité Olímpico, Internacional
189,617,dev_gold,Los Juegos Olímpicos de Tokio se realizaron en 2021.,Los Juegos Olímpicos de Tokio se realizaron en, 2021
190,618,dev_gold,Christophe de Kepper fue el director general del Comité Olímpico Internacional.,Christophe de Kepper fue el director general del Comité Olímpico, Internacional
191,620,dev_gold,Margaret Harris fue la vocera de la OMS.,Margaret Harris fue la vocera de la, OMS
192,621,dev_gold,El coronavirus se detectó por primera vez en la ciudad china de Wuhan.,El coronavirus se detectó por primera vez en la ciudad china de, Wuhan
193,624,dev_gold,Giuseppe Conte fue presidente de Italia.,Giuseppe Conte fue presidente de, Italia
194,627,dev_gold,En cerca de 100 escuelas hubo que contratar nuevos auxiliares.,En cerca de 100 escuelas hubo que contratar nuevos, auxiliares
195,63,dev_gold,Las elecciones departamentales estuvieron previstas para el 10 de mayo.,Las elecciones departamentales estuvieron previstas para el 10 de, mayo
196,633,dev_gold,Pinduoduo es una popular plataforma de comercio electrónico de compras en grupo.,Pinduoduo es una popular plataforma de comercio electrónico de compras en, grupo
197,637,dev_gold,El máximo de personas por grupo en los pubs y restaurantes de Irlanda era de seis personas.,El máximo de personas por grupo en los pubs y restaurantes de Irlanda era de seis, personas
198,641,dev_gold,Enrique Ruiz Escudero fue el ministro de salud español.,Enrique Ruiz Escudero fue el ministro de salud, español
199,644,dev_gold,Pedro Sánchez fue presidente de España,Pedro Sánchez fue presidente de, España
200,646,dev_gold,Las elecciones departamentales se quisieron posponer por el avance del nuevo coronavirus.,Las elecciones departamentales se quisieron posponer por el avance del nuevo, coronavirus
201,647,dev_gold,El diputado Iván Posada perteneció al Partido Independiente.,El diputado Iván Posada perteneció al Partido, Independiente
202,648,dev_gold,Beatriz Argimón fue vicepresidenta de Uruguay.,Beatriz Argimón fue vicepresidenta de, Uruguay
203,649,dev_gold,Wilfredo Penco emitió un comunicado como vicepresidente de la Corte Electoral.,Wilfredo Penco emitió un comunicado como vicepresidente de la Corte, Electoral
204,650,dev_gold,El primer caso de covid en China se dio a finales de 2019.,El primer caso de covid en China se dio a finales de, 2019
205,652,dev_gold,China controló la expansión del coronavirus.,China controló la expansión del, coronavirus
206,653,dev_gold,Varios millones de personas se confinaron en China debido al brote de COVID-19.,Varios millones de personas se confinaron en China debido al brote de, COVID-19
207,66,dev_gold,El artículo 77 determina la fecha de las elecciones departamentales.,El artículo 77 determina la fecha de las elecciones, departamentales
208,660,dev_gold,"El documento que recoge los resultados del estudio realizado por el grupo de investigación de género se llama 'La romantización del ""quédate en casa""'.","El documento que recoge los resultados del estudio realizado por el grupo de investigación de género se llama 'La romantización del ""quédate en"," casa""'"
209,666,dev_gold,La distancia a mantener entre personas saludables para evitar la propagación del virus era de más de dos metros.,La distancia a mantener entre personas saludables para evitar la propagación del virus era de más de dos, metros
210,670,dev_gold,Gustavo Grecco fue presidente del SMU.,Gustavo Grecco fue presidente del, SMU
211,671,dev_gold,El Sindicato Médico del Uruguay fue el primero en pedir el aislamiento masivo.,El Sindicato Médico del Uruguay fue el primero en pedir el aislamiento, masivo
212,672,dev_gold,Guido Manini Ríos fue el líder del partido Cabildo Abierto.,Guido Manini Ríos fue el líder del partido Cabildo, Abierto
213,673,dev_gold,Gustavo Ribero fue el vocero del SUAS.,Gustavo Ribero fue el vocero del, SUAS
214,674,dev_gold,El coronavirus se conoce desde el año 1960.,El coronavirus se conoce desde el año, 1960
215,677,dev_gold,Larry David nació en 1947.,Larry David nació en, 1947
216,678,dev_gold,Larry David nació en Brooklyn.,Larry David nació en, Brooklyn
217,680,dev_gold,José Luis Satdjian fue subsecretario del MSP.,José Luis Satdjian fue subsecretario del, MSP
218,681,dev_gold,José Luis Satdjian fue subsecretario del MSP.,José Luis Satdjian fue subsecretario del, MSP
219,682,dev_gold,Un médico con covid asintomático debía hacer 14 días de cuarentena.,Un médico con covid asintomático debía hacer 14 días de, cuarentena
220,683,dev_gold,Se consideraba 'contacto cercano' a aquella persona que estuviera a menos de dos metros de una persona confirmada como covid positivo durante un tiempo de diez minutos.,Se consideraba 'contacto cercano' a aquella persona que estuviera a menos de dos metros de una persona confirmada como covid positivo durante un tiempo de diez, minutos
221,690,dev_gold,El Sindicato Médico del Uruguay y el ex presidente Tabaré Vázquez propusieron la cuarentena obligatoria.,El Sindicato Médico del Uruguay y el ex presidente Tabaré Vázquez propusieron la cuarentena, obligatoria
222,692,dev_gold,Uruguay pudo realizar 200 tests por día.,Uruguay pudo realizar 200 tests por, día
223,697,dev_gold,Christian Di Candia fue intendente de Montevideo.,Christian Di Candia fue intendente de, Montevideo
224,7,dev_gold,Pablo Mieres fue ministro de Trabajo y Seguridad Social.,Pablo Mieres fue ministro de Trabajo y Seguridad, Social
225,707,dev_gold,Se estimó que el número de personas que padecen hambre aguda aumentaría en 130 millones a causa de la pandemia de covid-19.,Se estimó que el número de personas que padecen hambre aguda aumentaría en 130 millones a causa de la pandemia de, covid-19
226,708,dev_gold,Arif Husain fue jefe de la WFP.,Arif Husain fue jefe de la, WFP
227,712,dev_gold,El gobierno de Estados Unidos planeó tres fases para reabrir el país tras la cuarentena.,El gobierno de Estados Unidos planeó tres fases para reabrir el país tras la, cuarentena
228,713,dev_gold,Estaba previsto avanzar de una etapa a otra cada 14 días.,Estaba previsto avanzar de una etapa a otra cada 14, días
229,719,dev_gold,La duración del seguro de paro para los trabajadores de COPSA fue de cuatro meses.,La duración del seguro de paro para los trabajadores de COPSA fue de cuatro, meses
230,724,dev_gold,"En Israel, los niños mayores de 12 años podían vacunarse en horario escolar.","En Israel, los niños mayores de 12 años podían vacunarse en horario", escolar
231,725,dev_gold,"En Israel, cuatro de cada diez personas de entre 12 y 15 años tenían al menos una dosis de la vacuna contra el COVID-19.","En Israel, cuatro de cada diez personas de entre 12 y 15 años tenían al menos una dosis de la vacuna contra el", COVID-19
232,726,dev_gold,Claudio Moroni fue ministro de Trabajo de Argentina.,Claudio Moroni fue ministro de Trabajo de, Argentina
233,728,dev_gold,Las medidas del gobierno argentino para pagar la mitad del sueldo de los trabajadores del sector privado representaron el 3% del PIB.,Las medidas del gobierno argentino para pagar la mitad del sueldo de los trabajadores del sector privado representaron el 3% del, PIB
234,729,dev_gold,Ginés González García fue ministro de Salud.,Ginés González García fue ministro de, Salud
235,731,dev_gold,Yamandú Orsi fue candidato a la Intendencia de Canelones por el Frente Amplio.,Yamandú Orsi fue candidato a la Intendencia de Canelones por el Frente, Amplio
236,733,dev_gold,Guido Manini Ríos representó a Cabildo Abierto.,Guido Manini Ríos representó a Cabildo, Abierto
237,737,dev_gold,Daniel Salinas fue ministro de Salud Pública.,Daniel Salinas fue ministro de Salud, Pública
238,738,dev_gold,El laboratorio del MSP era capaz de procesar entre 80 y 100 muestras diarias.,El laboratorio del MSP era capaz de procesar entre 80 y 100 muestras, diarias
239,74,dev_gold,Iuli Edelstein fue presidente del Parlamento Israelí.,Iuli Edelstein fue presidente del Parlamento, Israelí
240,744,dev_gold,Baviera fue el estado con más casos de Covid-19.,Baviera fue el estado con más casos de, Covid-19
241,746,dev_gold,Wuhan es la capital de la provincia de Hubei.,Wuhan es la capital de la provincia de, Hubei
242,75,dev_gold,La capital de Israel es Jerusalén.,La capital de Israel es, Jerusalén
243,753,dev_gold,La VPN fue una de las herramientas informáticas más utilizadas para trabajar a distancia.,La VPN fue una de las herramientas informáticas más utilizadas para trabajar a, distancia
244,754,dev_gold,Vestirse de trabajo es una actividad que se recomienda para no distraerse al teletrabajar.,Vestirse de trabajo es una actividad que se recomienda para no distraerse al, teletrabajar
245,757,dev_gold,Slack es una aplicación de chat.,Slack es una aplicación de, chat
246,76,dev_gold,Benny Gantz fue el líder del partido Azul y Blanco.,Benny Gantz fue el líder del partido Azul y, Blanco
247,760,dev_gold,"Las medidas sanitarias que se debían respetar durante la caravana del 1 de mayo de 2020 incluían, por ejemplo, que solo pudiera ir una persona por moto o bicicleta, no más de dos por auto (una persona adelante y otra atrás) y todo el mundo con tapaboca.","Las medidas sanitarias que se debían respetar durante la caravana del 1 de mayo de 2020 incluían, por ejemplo, que solo pudiera ir una persona por moto o bicicleta, no más de dos por auto (una persona adelante y otra atrás) y todo el mundo con", tapaboca
248,764,dev_gold,El Colegio Médico del Uruguay invirtió en la compra de hasta 2.000 kits de diagnóstico.,El Colegio Médico del Uruguay invirtió en la compra de hasta 2.000 kits de, diagnóstico
249,765,dev_gold,La Red de Costura Solidaria entregó 1.235 tapabocas en el Hospital Maciel.,La Red de Costura Solidaria entregó 1.235 tapabocas en el Hospital, Maciel
250,768,dev_gold,En la ciudad italiana de Magenta se denunció discriminación al momento de realizar tests de Covid.,En la ciudad italiana de Magenta se denunció discriminación al momento de realizar tests de, Covid
251,770,dev_gold,Nicola Mumoli fue jerarca del hospital de Magenta.,Nicola Mumoli fue jerarca del hospital de, Magenta
252,771,dev_gold,Lombardía fue una de las regiones de Italia más afectadas por el Covid.,Lombardía fue una de las regiones de Italia más afectadas por el, Covid
253,772,dev_gold,Tedros Adhanom Ghebreyesus fue director general de la Organización Mundial de la Salud.,Tedros Adhanom Ghebreyesus fue director general de la Organización Mundial de la, Salud
254,80,dev_gold,"En Israel, debían pasar más de cinco meses desde la segunda dosis para recibir la vacuna de refuerzo.","En Israel, debían pasar más de cinco meses desde la segunda dosis para recibir la vacuna de", refuerzo
255,81,dev_gold,"Más de 1,2 millones de personas en Israel recibieron la tercera dosis contra el covid.","Más de 1,2 millones de personas en Israel recibieron la tercera dosis contra el", covid
256,83,dev_gold,"Las restricciones en Israel durante la cuarta ola de covid fueron el certificado de vacunación para acceder a determinados espacios y la limitación de personas congregadas, incluido en centros comerciales.","Las restricciones en Israel durante la cuarta ola de covid fueron el certificado de vacunación para acceder a determinados espacios y la limitación de personas congregadas, incluido en centros", comerciales
257,87,dev_gold,Las empresas más afectadas por la pandemia fueron las microempresas y las empresas del sector vinculado a los alojamientos y servicios de comida y comercio.,Las empresas más afectadas por la pandemia fueron las microempresas y las empresas del sector vinculado a los alojamientos y servicios de comida y, comercio
258,9,dev_gold,El PIT-CNT publicó un video en Facebook.,El PIT-CNT publicó un video en, Facebook
259,90,dev_gold,Las medidas anunciadas por el gobierno que más implementaron las empresas fueron el seguro de paro flexible y el aplazamiento de aportes tributarios.,Las medidas anunciadas por el gobierno que más implementaron las empresas fueron el seguro de paro flexible y el aplazamiento de aportes, tributarios
260,99,dev_gold,"Históricamente, seis de cada diez empresas han enviado empleados al seguro de desempleo.","Históricamente, seis de cada diez empresas han enviado empleados al seguro de", desempleo
261,10,test_gold,INAC quiere decir Instituto Nacional de Carnes.,INAC quiere decir Instituto Nacional de, Carnes
262,102,test_gold,El Comité Olímpico Nacional Italiano (CONI) decidió suspender el deporte en Italia.,El Comité Olímpico Nacional Italiano (CONI) decidió suspender el deporte en, Italia
263,109,test_gold,El período de incubación del virus está en un rango que va de dos a diez días.,El período de incubación del virus está en un rango que va de dos a diez, días
264,11,test_gold,Pablo Bartol fue ministro de Desarrollo Social.,Pablo Bartol fue ministro de Desarrollo, Social
265,110,test_gold,El coronavirus era muy similar a la gripe.,El coronavirus era muy similar a la, gripe
266,111,test_gold,El segundo caso positivo de COVID-19 en Liverpool fue el preparador físico Gastón Mañaka.,El segundo caso positivo de COVID-19 en Liverpool fue el preparador físico Gastón, Mañaka
267,112,test_gold,El segundo caso positivo de COVID-19 en Liverpool estuvo en cuarentena durante 7 días.,El segundo caso positivo de COVID-19 en Liverpool estuvo en cuarentena durante 7, días
268,114,test_gold,Algunos medios tuvieron una actitud xenofóbica hacia los chinos.,Algunos medios tuvieron una actitud xenofóbica hacia los, chinos
269,115,test_gold,"El principal motivo de desinformación sobre el coronavirus son las noticias morbosas, inexactas o lisa y llanamente inventadas.","El principal motivo de desinformación sobre el coronavirus son las noticias morbosas, inexactas o lisa y llanamente", inventadas
270,119,test_gold,El primer caso de Covid-19 en Argentina fue un hombre de 43 años que regresó a Argentina desde el norte de Italia.,El primer caso de Covid-19 en Argentina fue un hombre de 43 años que regresó a Argentina desde el norte de, Italia
271,12,test_gold,Ignacio Elgue fue el presidente del Instituto Nacional de Alimentación.,Ignacio Elgue fue el presidente del Instituto Nacional de, Alimentación
272,120,test_gold,El primer caso de Covid en Chile fue un médico de 33 años.,El primer caso de Covid en Chile fue un médico de 33, años
273,122,test_gold,El primer caso de Covid en Chile provino del sudeste asiático.,El primer caso de Covid en Chile provino del sudeste, asiático
274,123,test_gold,El primer país donde se detectaron casos de Covid-19 fue China.,El primer país donde se detectaron casos de Covid-19 fue, China
275,125,test_gold,Ginés González García fue el Ministro de Salud de Argentina.,Ginés González García fue el Ministro de Salud de, Argentina
276,126,test_gold,Miguel Asqueta fue director general de Salud.,Miguel Asqueta fue director general de, Salud
277,127,test_gold,Los primeros casos de Covid en el sudeste asiático aparecieron en enero de 2020.,Los primeros casos de Covid en el sudeste asiático aparecieron en enero de, 2020
278,128,test_gold,Jaime Mañalich fue Ministro de Salud de Chile.,Jaime Mañalich fue Ministro de Salud de, Chile
279,129,test_gold,El CAF puso a disposición fondos para atender problemáticas relacionadas con el covid en América Latina.,El CAF puso a disposición fondos para atender problemáticas relacionadas con el covid en América, Latina
280,138,test_gold,"El Consejo Superior de Deportes de España, la Liga y la Real Federación Española de Fútbol son los anunciantes de la vuelta del fútbol en España.","El Consejo Superior de Deportes de España, la Liga y la Real Federación Española de Fútbol son los anunciantes de la vuelta del fútbol en", España
281,140,test_gold,Irene Lozano fue presidenta del Consejo Superior de Deportes.,Irene Lozano fue presidenta del Consejo Superior de, Deportes
282,143,test_gold,El Palacio de Viana está ubicado en Madrid.,El Palacio de Viana está ubicado en, Madrid
283,147,test_gold,Las economías de América del Norte y Asia fueron las más afectadas por la pandemia.,Las economías de América del Norte y Asia fueron las más afectadas por la, pandemia
284,148,test_gold,Se esperaban caídas superiores al 30% en el comercio local de América Latina.,Se esperaban caídas superiores al 30% en el comercio local de América, Latina
285,150,test_gold,"Los sectores económicos más afectados por la pandemia de COVID-19 fueron la construcción, el comercio, la hotelería y la gastronomía.","Los sectores económicos más afectados por la pandemia de COVID-19 fueron la construcción, el comercio, la hotelería y la", gastronomía
286,154,test_gold,El undécimo fallecido por coronavirus en Uruguay tenía 80 años.,El undécimo fallecido por coronavirus en Uruguay tenía 80, años
287,160,test_gold,Tedros Adhanom Ghebreyesus fue director general de la OMS.,Tedros Adhanom Ghebreyesus fue director general de la, OMS
288,164,test_gold,China fue el país más afectado por el COVID-19.,China fue el país más afectado por el, COVID-19
289,165,test_gold,Italia fue el segundo país más afectado por el Covid.,Italia fue el segundo país más afectado por el, Covid
290,167,test_gold,El Covid empezó en la ciudad china de Wuhan.,El Covid empezó en la ciudad china de, Wuhan
291,171,test_gold,Jorge Quian fue ministro de Salud.,Jorge Quian fue ministro de, Salud
292,172,test_gold,Lucía Alonso fue directora de Epidemiología.,Lucía Alonso fue directora de, Epidemiología
293,173,test_gold,"Los principales síntomas de Covid eran fiebre, tos y dificultad para respirar.","Los principales síntomas de Covid eran fiebre, tos y dificultad para", respirar
294,174,test_gold,Giovanni Escalante fue representante de la OPS en Uruguay.,Giovanni Escalante fue representante de la OPS en, Uruguay
295,181,test_gold,Sao Paulo fue el estado de Brasil con más casos de Covid.,Sao Paulo fue el estado de Brasil con más casos de, Covid
296,184,test_gold,En Brasil se administró la vacuna Sinovac.,En Brasil se administró la vacuna, Sinovac
297,186,test_gold,"Brasil fue uno de los países con más casos de COVID-19 en el mundo, junto a Estados Unidos y la India.","Brasil fue uno de los países con más casos de COVID-19 en el mundo, junto a Estados Unidos y la", India
298,193,test_gold,Juan Carlos Blanco fue asistente técnico de Jorge Giordano.,Juan Carlos Blanco fue asistente técnico de Jorge, Giordano
299,196,test_gold,El riesgo de expansión del Covid-19 aumentó.,El riesgo de expansión del Covid-19, aumentó
300,2,test_gold,Los jugadores de Nacional estuvieron aislados por una semana.,Los jugadores de Nacional estuvieron aislados por una, semana
301,20,test_gold,Los dirigentes del SUNCA se reunieron con los representantes de las cámaras empresariales.,Los dirigentes del SUNCA se reunieron con los representantes de las cámaras, empresariales
302,200,test_gold,El primer caso de Covid-19 en el África Subsahariana se detectó.,El primer caso de Covid-19 en el África Subsahariana se, detectó
303,201,test_gold,Brasil es el primer país de Latinoamérica en haber presentado un caso de COVID-19.,Brasil es el primer país de Latinoamérica en haber presentado un caso de, COVID-19
304,202,test_gold,México fue el segundo país de Latinoamérica en presentar un caso de Covid.,México fue el segundo país de Latinoamérica en presentar un caso de, Covid
305,203,test_gold,Jorge Quian fue subsecretario de Salud Pública.,Jorge Quian fue subsecretario de Salud, Pública
306,206,test_gold,Los casos graves de coronavirus eran poco frecuentes.,Los casos graves de coronavirus eran poco, frecuentes
307,212,test_gold,"Las medidas solicitadas buscan proteger a mujeres, niñas, niños y adolescentes.","Las medidas solicitadas buscan proteger a mujeres, niñas, niños y", adolescentes
308,216,test_gold,Tedros Adhanom Ghebreyesus fue director de la OMS.,Tedros Adhanom Ghebreyesus fue director de la, OMS
309,217,test_gold,El director de la OMS fue etíope.,El director de la OMS fue, etíope
310,218,test_gold,Tedros Adhanom Ghebreyesus fue el director general de la Organización Mundial de la Salud.,Tedros Adhanom Ghebreyesus fue el director general de la Organización Mundial de la, Salud
311,219,test_gold,La OMS es la Organización Mundial de la Salud.,La OMS es la Organización Mundial de la, Salud
312,221,test_gold,El covid-19 se originó en Wuhan.,El covid-19 se originó en, Wuhan
313,223,test_gold,El virus que llevó a la pandemia se llama SARS CoV-2.,El virus que llevó a la pandemia se llama SARS, CoV-2
314,226,test_gold,El virus SARS CoV-2 causa la enfermedad covid-19.,El virus SARS CoV-2 causa la enfermedad, covid-19
315,23,test_gold,Daniel Radío fue el secretario del Sistema Integrado de Cuidados.,Daniel Radío fue el secretario del Sistema Integrado de, Cuidados
316,232,test_gold,La OMS es la Organización Mundial de la Salud.,La OMS es la Organización Mundial de la, Salud
317,233,test_gold,La OMS declaró la pandemia.,La OMS declaró la, pandemia
318,24,test_gold,Margarita Percovich integra la Red Pro Cuidados.,Margarita Percovich integra la Red Pro, Cuidados
319,241,test_gold,Países solicitaron asistencia financiera al FMI.,Países solicitaron asistencia financiera al, FMI
320,242,test_gold,Se esperaba que más de 170 países afiliados al FMI tuvieran un crecimiento per cápita negativo.,Se esperaba que más de 170 países afiliados al FMI tuvieran un crecimiento per cápita, negativo
321,243,test_gold,"América Latina, África y Asia fueron algunas de las regiones más afectadas por la pandemia.","América Latina, África y Asia fueron algunas de las regiones más afectadas por la", pandemia
322,248,test_gold,Algunos de los países con menor cantidad de casos flexibilizaron las restricciones por la pandemia.,Algunos de los países con menor cantidad de casos flexibilizaron las restricciones por la, pandemia
323,250,test_gold,"Según el Centro Europeo de Prevención y Control de Enfermedades, las medidas impuestas para la pandemia debían mantenerse al menos unos meses.","Según el Centro Europeo de Prevención y Control de Enfermedades, las medidas impuestas para la pandemia debían mantenerse al menos unos", meses
324,261,test_gold,Cerca de 600 personas murieron a causa del COVID en Suecia en 2020.,Cerca de 600 personas murieron a causa del COVID en Suecia en, 2020
325,264,test_gold,Camberra es la capital de Australia.,Camberra es la capital de, Australia
326,268,test_gold,Unos 430.000 pobladores de Canberra y sus comunidades aledañas tuvieron que confinarse tras detectarse un caso de COVID-19.,Unos 430.000 pobladores de Canberra y sus comunidades aledañas tuvieron que confinarse tras detectarse un caso de, COVID-19
327,270,test_gold,El fallecido tenía 73 años.,El fallecido tenía 73, años
328,274,test_gold,El CDC son los Centros de Control y Prevención de Enfermedades.,El CDC son los Centros de Control y Prevención de, Enfermedades
329,276,test_gold,La Reserva Federal planeó comprar bonos del Tesoro.,La Reserva Federal planeó comprar bonos del, Tesoro
330,277,test_gold,El límite fijado por la Reserva Federal para la compra de activos fue de 700.000 millones de dólares.,El límite fijado por la Reserva Federal para la compra de activos fue de 700.000 millones de, dólares
331,282,test_gold,El Comité de Emergencia de la OMS se reunió en Ginebra (Suiza).,El Comité de Emergencia de la OMS se reunió en Ginebra, (Suiza)
332,283,test_gold,La OMS declaró la emergencia internacional por el coronavirus.,La OMS declaró la emergencia internacional por el, coronavirus
333,284,test_gold,Tedros Adhanom Ghebreyesus fue director general de la OMS.,Tedros Adhanom Ghebreyesus fue director general de la, OMS
334,286,test_gold,Los casos de coronavirus en América se registraron en Canadá y Estados Unidos.,Los casos de coronavirus en América se registraron en Canadá y Estados, Unidos
335,287,test_gold,Los coronavirus son una extensa familia de virus que pueden causar desde un resfrío común hasta el síndrome respiratorio agudo severo.,Los coronavirus son una extensa familia de virus que pueden causar desde un resfrío común hasta el síndrome respiratorio agudo, severo
336,291,test_gold,Nacional y Wanderers jugaron la final del Torneo Intermedio.,Nacional y Wanderers jugaron la final del Torneo, Intermedio
337,294,test_gold,Boris Johnson estuvo aislado en la residencia oficial de Downing Street.,Boris Johnson estuvo aislado en la residencia oficial de Downing, Street
338,295,test_gold,La residencia oficial de Downing Street se encuentra en Londres.,La residencia oficial de Downing Street se encuentra en, Londres
339,296,test_gold,Matt Hancock fue el secretario de salud británico.,Matt Hancock fue el secretario de salud, británico
340,299,test_gold,Andrew Cuomo fue gobernador de Nueva York.,Andrew Cuomo fue gobernador de Nueva, York
341,302,test_gold,Chris Sununu fue republicano.,Chris Sununu fue, republicano
342,303,test_gold,Chris Sununu fue gobernador de Nueva Hampshire.,Chris Sununu fue gobernador de Nueva, Hampshire
343,31,test_gold,El coronavirus se originó en China.,El coronavirus se originó en, China
344,310,test_gold,La Trastienda abrió nuevamente con shows en vivo.,La Trastienda abrió nuevamente con shows en, vivo
345,312,test_gold,El protocolo de seguridad para los shows en vivo fue aprobado por el Poder Ejecutivo y la Intendencia de Montevideo.,El protocolo de seguridad para los shows en vivo fue aprobado por el Poder Ejecutivo y la Intendencia de, Montevideo
346,315,test_gold,El show de Buenos Muchachos en La Trastienda empezó a las 21 horas.,El show de Buenos Muchachos en La Trastienda empezó a las 21, horas
347,326,test_gold,Los anticuerpos monoclonales son proteínas artificiales que también se han usado en tratamientos contra determinados tipos de cáncer.,Los anticuerpos monoclonales son proteínas artificiales que también se han usado en tratamientos contra determinados tipos de, cáncer
348,328,test_gold,Una desventaja del uso de anticuerpos monoclonales era que un tratamiento sin coberturas sanitarias podía costar miles de dólares.,Una desventaja del uso de anticuerpos monoclonales era que un tratamiento sin coberturas sanitarias podía costar miles de, dólares
349,33,test_gold,El primer paciente con coronavirus en Estados Unidos fue una persona que había viajado a Wuhan.,El primer paciente con coronavirus en Estados Unidos fue una persona que había viajado a, Wuhan
350,330,test_gold,"Los corticoesteroides como la dexametasona, de bajo precio y disponibles en todo el mundo, y los antagonistas de interleucina-6 fueron los fármacos recomendados contra la COVID-19.","Los corticoesteroides como la dexametasona, de bajo precio y disponibles en todo el mundo, y los antagonistas de interleucina-6 fueron los fármacos recomendados contra la", COVID-19
351,333,test_gold,Italia fue el país más afectado por la pandemia de COVID-19.,Italia fue el país más afectado por la pandemia de, COVID-19
352,334,test_gold,Austria es un país donde el gobierno permitió la reapertura de los pequeños comercios.,Austria es un país donde el gobierno permitió la reapertura de los pequeños, comercios
353,338,test_gold,"La pandemia tiene su origen en Wuhan, capital de la provincia de Hubei, China.","La pandemia tiene su origen en Wuhan, capital de la provincia de Hubei,", China
354,34,test_gold,"El coronavirus afectó más a personas con enfermedades debilitantes, como afecciones neurológicas, diabetes y obesidad.","El coronavirus afectó más a personas con enfermedades debilitantes, como afecciones neurológicas, diabetes y", obesidad
355,341,test_gold,El primer contagiado en Wuhan murió el 11 de enero.,El primer contagiado en Wuhan murió el 11 de, enero
356,342,test_gold,La primera muerte por coronavirus fuera de China se registró en enero de 2020.,La primera muerte por coronavirus fuera de China se registró en enero de, 2020
357,349,test_gold,La información completa de la pandemia se encuentra en el Center for Systems Science and Engineering de la Johns Hopkins University.,La información completa de la pandemia se encuentra en el Center for Systems Science and Engineering de la Johns Hopkins, University
358,352,test_gold,"La covid-19 no logró vencer a las vacunas, que fueron eficaces contra las formas graves de la enfermedad.","La covid-19 no logró vencer a las vacunas, que fueron eficaces contra las formas graves de la", enfermedad
359,362,test_gold,El 88% de los pacientes con covid-19 que participaron en un estudio multicéntrico europeo tuvo alteración del gusto.,El 88% de los pacientes con covid-19 que participaron en un estudio multicéntrico europeo tuvo alteración del, gusto
360,363,test_gold,Martín Fraschini fue presidente de la Sociedad de Otorrinolaringología del Uruguay.,Martín Fraschini fue presidente de la Sociedad de Otorrinolaringología del, Uruguay
361,364,test_gold,Martín Fraschini fue presidente de la Sorlu.,Martín Fraschini fue presidente de la, Sorlu
362,365,test_gold,La Sorlu es la Sociedad de Otorrinolaringología del Uruguay.,La Sorlu es la Sociedad de Otorrinolaringología del, Uruguay
363,366,test_gold,Daniel Salinas fue ministro de Salud.,Daniel Salinas fue ministro de, Salud
364,367,test_gold,Daniel Salinas fue ministro de salud.,Daniel Salinas fue ministro de, salud
365,368,test_gold,Miguel Asqueta fue el director general de la Salud.,Miguel Asqueta fue el director general de la, Salud
366,369,test_gold,Miguel Asqueta fue director general de Salud.,Miguel Asqueta fue director general de, Salud
367,37,test_gold,Argentina es el país de América Latina donde ocurrió la primera muerte por Covid-19.,Argentina es el país de América Latina donde ocurrió la primera muerte por, Covid-19
368,374,test_gold,El mismo tapabocas se podía usar durante tres horas.,El mismo tapabocas se podía usar durante tres, horas
369,377,test_gold,"Los sectores para los que se flexibilizaron los seguros de paro fueron comercios, comercios minoristas, servicios turísticos, agencias de viajes y restaurantes.","Los sectores para los que se flexibilizaron los seguros de paro fueron comercios, comercios minoristas, servicios turísticos, agencias de viajes y", restaurantes
370,379,test_gold,Pablo Mieres fue ministro de Trabajo y Seguridad Social.,Pablo Mieres fue ministro de Trabajo y Seguridad, Social
371,38,test_gold,La primera muerte por Covid-19 en América Latina fue un hombre de 64 años que regresó de un viaje a Europa y estaba internado en un hospital de la Ciudad de Buenos Aires.,La primera muerte por Covid-19 en América Latina fue un hombre de 64 años que regresó de un viaje a Europa y estaba internado en un hospital de la Ciudad de Buenos, Aires
372,381,test_gold,"El seguro de paro parcial es una reducción horaria para los empleados, y el resto del salario lo cubre el Banco de Previsión Social.","El seguro de paro parcial es una reducción horaria para los empleados, y el resto del salario lo cubre el Banco de Previsión", Social
373,383,test_gold,"Se implementó un chatbot en la página del Ministerio de Salud Pública (MSP), un sistema de respuesta automática a las dudas más frecuentes sobre el coronavirus, con información recabada por el Sistema Nacional de Emergencias, el MSP y la Administración de los Servicios de Salud del Estado.","Se implementó un chatbot en la página del Ministerio de Salud Pública (MSP), un sistema de respuesta automática a las dudas más frecuentes sobre el coronavirus, con información recabada por el Sistema Nacional de Emergencias, el MSP y la Administración de los Servicios de Salud del", Estado
374,384,test_gold,Se empezó a controlar el precio del alcohol en gel y los tapabocas.,Se empezó a controlar el precio del alcohol en gel y los, tapabocas
375,385,test_gold,Álvaro Delgado fue secretario de Presidencia.,Álvaro Delgado fue secretario de, Presidencia
376,389,test_gold,Las canastas financiadas por los Fondos Sociales de la Construcción pesan unos 40 kilos.,Las canastas financiadas por los Fondos Sociales de la Construcción pesan unos 40, kilos
377,39,test_gold,"Roberto Tórrez fue el jefe de Epidemiología de Santa Cruz, Bolivia.","Roberto Tórrez fue el jefe de Epidemiología de Santa Cruz,", Bolivia
378,395,test_gold,Íñigo Urkullu fue presidente del País Vasco.,Íñigo Urkullu fue presidente del País, Vasco
379,396,test_gold,La Guerra Civil Española terminó en 1939.,La Guerra Civil Española terminó en, 1939
380,40,test_gold,"Bolivia, Venezuela y Uruguay fueron los países de América Latina que no tenían casos de Covid.","Bolivia, Venezuela y Uruguay fueron los países de América Latina que no tenían casos de", Covid
381,403,test_gold,"Los no vacunados que viajaban a Suiza debían presentar un test negativo al llegar y, además, hacerse otra prueba entre cuatro y siete días después.","Los no vacunados que viajaban a Suiza debían presentar un test negativo al llegar y, además, hacerse otra prueba entre cuatro y siete días", después
382,406,test_gold,Greg Mortimer es un crucero.,Greg Mortimer es un, crucero
383,409,test_gold,El crucero Greg Mortimer tuvo 200 personas a bordo.,El crucero Greg Mortimer tuvo 200 personas a, bordo
384,41,test_gold,El coronavirus apareció por primera vez en diciembre.,El coronavirus apareció por primera vez en, diciembre
385,410,test_gold,La Armada Nacional evacuó a ciudadanos australianos con COVID-19 del crucero Greg Mortimer.,La Armada Nacional evacuó a ciudadanos australianos con COVID-19 del crucero Greg, Mortimer
386,413,test_gold,Tim Cook fue el CEO de Apple que felicitó al gobierno por las alertas de Coronavirus.uy.,Tim Cook fue el CEO de Apple que felicitó al gobierno por las alertas de, Coronavirus.uy
387,42,test_gold,El coronavirus apareció por primera vez en China.,El coronavirus apareció por primera vez en, China
388,428,test_gold,La rebaja de sueldos para el fondo coronavirus duró dos meses.,La rebaja de sueldos para el fondo coronavirus duró dos, meses
389,429,test_gold,El descuento a funcionarios se hizo a partir de un sueldo líquido por encima de los 80.000 pesos.,El descuento a funcionarios se hizo a partir de un sueldo líquido por encima de los 80.000, pesos
390,43,test_gold,El primer caso de Covid en Paraguay apareció en 2020.,El primer caso de Covid en Paraguay apareció en, 2020
391,436,test_gold,"La información para conocer quiénes necesitan asistencia proviene de fuentes de datos del Ministerio de Desarrollo Social, el Banco de Previsión Social y la Intendencia de Montevideo.","La información para conocer quiénes necesitan asistencia proviene de fuentes de datos del Ministerio de Desarrollo Social, el Banco de Previsión Social y la Intendencia de", Montevideo
392,438,test_gold,"En España, los pacientes más graves y con mayor probabilidad de supervivencia tenían prioridad para ingresar a cuidados intensivos.","En España, los pacientes más graves y con mayor probabilidad de supervivencia tenían prioridad para ingresar a cuidados", intensivos
393,44,test_gold,La LUD es la Liga Universitaria de Deportes.,La LUD es la Liga Universitaria de, Deportes
394,440,test_gold,María Cruz Martín es una médica intensivista española.,María Cruz Martín es una médica intensivista, española
395,445,test_gold,Robert Silva fue el presidente de la Administración Nacional de Educación Pública.,Robert Silva fue el presidente de la Administración Nacional de Educación, Pública
396,447,test_gold,Un estudiante de enseñanza media tiene 12 o 13 profesores.,Un estudiante de enseñanza media tiene 12 o 13, profesores
397,448,test_gold,La estrategia para enfrentar la pandemia fue el aislamiento social y quedarse en casa.,La estrategia para enfrentar la pandemia fue el aislamiento social y quedarse en, casa
398,45,test_gold,Santiago Alonso fue presidente de la LUD.,Santiago Alonso fue presidente de la, LUD
399,455,test_gold,"La aplicación CoronavirusUy contiene información sobre ingresos, egresos, test, agendas y vacunas.","La aplicación CoronavirusUy contiene información sobre ingresos, egresos, test, agendas y", vacunas
400,456,test_gold,La aplicación CoronavirusUy requería 15 minutos para detectar a una persona contagiada cercana.,La aplicación CoronavirusUy requería 15 minutos para detectar a una persona contagiada, cercana
401,457,test_gold,Gastón Milano es un ingeniero que formó parte del equipo que creó la aplicación CoronavirusUy.,Gastón Milano es un ingeniero que formó parte del equipo que creó la aplicación, CoronavirusUy
402,46,test_gold,La LUD suspendió su actividad deportiva.,La LUD suspendió su actividad, deportiva
403,465,test_gold,El uso de los teléfonos celulares puede desarrollar conductas adictivas.,El uso de los teléfonos celulares puede desarrollar conductas, adictivas
404,467,test_gold,Los trastornos que pueden venir a consecuencia del exceso de información son la ansiedad y la depresión.,Los trastornos que pueden venir a consecuencia del exceso de información son la ansiedad y la, depresión
405,468,test_gold,La hiperconectividad provoca adicciones sociales.,La hiperconectividad provoca adicciones, sociales
406,469,test_gold,Los teléfonos celulares fueron la tecnología de comunicación con mayor crecimiento a nivel global.,Los teléfonos celulares fueron la tecnología de comunicación con mayor crecimiento a nivel, global
407,47,test_gold,La LUD retomó su actividad deportiva.,La LUD retomó su actividad, deportiva
408,471,test_gold,El primer caso de covid-19 en Uruguay se detectó en marzo.,El primer caso de covid-19 en Uruguay se detectó en, marzo
409,472,test_gold,"El proyecto de secuenciación del genoma de SARS-CoV-2 en Uruguay estuvo a cargo de la Universidad de la República (Udelar), el Institut Pasteur de Montevideo, el Instituto Nacional de Investigación Agropecuaria (INIA) y el Instituto de Investigaciones Biológicas Clemente Estable (IIBCE).","El proyecto de secuenciación del genoma de SARS-CoV-2 en Uruguay estuvo a cargo de la Universidad de la República (Udelar), el Institut Pasteur de Montevideo, el Instituto Nacional de Investigación Agropecuaria (INIA) y el Instituto de Investigaciones Biológicas Clemente Estable", (IIBCE)
410,474,test_gold,"El test serológico detecta, en sangre obtenida de las personas, si hay anticuerpos generados por el virus.","El test serológico detecta, en sangre obtenida de las personas, si hay anticuerpos generados por el", virus
411,475,test_gold,Gonzalo Moratorio trabajó en el Laboratorio de Virología Molecular de la Facultad de Ciencias.,Gonzalo Moratorio trabajó en el Laboratorio de Virología Molecular de la Facultad de, Ciencias
412,476,test_gold,El coronavirus ingresó a Uruguay.,El coronavirus ingresó a, Uruguay
413,48,test_gold,El doctor Carlos Voituret estuvo involucrado en la redacción de los protocolos sanitarios.,El doctor Carlos Voituret estuvo involucrado en la redacción de los protocolos, sanitarios
414,481,test_gold,José Quintín Olano fue el director de Salud del departamento de Treinta y Tres.,José Quintín Olano fue el director de Salud del departamento de Treinta y, Tres
415,491,test_gold,Las N95 son máscaras.,Las N95 son, máscaras
416,492,test_gold,El coronavirus se contagia por el aire.,El coronavirus se contagia por el, aire
417,495,test_gold,El 1º de mayo se celebra el Día Internacional de los Trabajadores.,El 1º de mayo se celebra el Día Internacional de los, Trabajadores
418,509,test_gold,Los vecinos de Cotravi pidieron un subsidio de 20.000 pesos.,Los vecinos de Cotravi pidieron un subsidio de 20.000, pesos
419,51,test_gold,"Reino Unido, Baréin, Canadá, Arabia Saudita y México aprobaron el uso de emergencia de la vacuna de Pfizer-BioNTech contra el covid-19.","Reino Unido, Baréin, Canadá, Arabia Saudita y México aprobaron el uso de emergencia de la vacuna de Pfizer-BioNTech contra el", covid-19
420,510,test_gold,Las canastas del gobierno valían 1.200 pesos.,Las canastas del gobierno valían 1.200, pesos
421,514,test_gold,Nicolás Jodal trabajó en GeneXus,Nicolás Jodal trabajó en, GeneXus
422,515,test_gold,Las nuevas funcionalidades de CoronavirusUy fueron informadas por Jodal a través de Twitter.,Las nuevas funcionalidades de CoronavirusUy fueron informadas por Jodal a través de, Twitter
423,516,test_gold,Los datos sobre vacunación en la aplicación CoronavirusUy se actualizaban cada dos horas.,Los datos sobre vacunación en la aplicación CoronavirusUy se actualizaban cada dos, horas
424,517,test_gold,El MSP es el Ministerio de Salud Pública.,El MSP es el Ministerio de Salud, Pública
425,52,test_gold,El órgano regulador sanitario de México es Cofepris.,El órgano regulador sanitario de México es, Cofepris
426,520,test_gold,"El tapabocas debía cubrir el mentón, la boca y la nariz.","El tapabocas debía cubrir el mentón, la boca y la", nariz
427,521,test_gold,"Para evitar el contagio de COVID-19, se debía mantener una distancia de dos metros.","Para evitar el contagio de COVID-19, se debía mantener una distancia de dos", metros
428,523,test_gold,Los ministros de Economía de la zona euro se han reunido durante seis horas.,Los ministros de Economía de la zona euro se han reunido durante seis, horas
429,526,test_gold,La zona euro dispuso de un fondo de medio billón de euros.,La zona euro dispuso de un fondo de medio billón de, euros
430,527,test_gold,Italia y España fueron los países de la zona euro con mayor cantidad de casos de COVID durante la pandemia.,Italia y España fueron los países de la zona euro con mayor cantidad de casos de COVID durante la, pandemia
431,53,test_gold,Hugo López-Gatell fue subsecretario de salud de México.,Hugo López-Gatell fue subsecretario de salud de, México
432,541,test_gold,Nicolás Jodal desarrolló la aplicación CoronavirusUY.,Nicolás Jodal desarrolló la aplicación, CoronavirusUY
433,542,test_gold,Jodal trabaja en GeneXus.,Jodal trabaja en, GeneXus
434,543,test_gold,Los menores de 18 años no podían inscribirse para vacunarse.,Los menores de 18 años no podían inscribirse para, vacunarse
435,547,test_gold,El gobierno decretó la emergencia sanitaria por el coronavirus.,El gobierno decretó la emergencia sanitaria por el, coronavirus
436,549,test_gold,"La encuesta de la Academia Internacional de Sexología Médica encontró que la masturbación fue la actividad sexual más frecuente durante la cuarentena, tanto en varones como en mujeres.","La encuesta de la Academia Internacional de Sexología Médica encontró que la masturbación fue la actividad sexual más frecuente durante la cuarentena, tanto en varones como en", mujeres
437,551,test_gold,"El sexting es el intercambio consentido de mensajes, fotos y videos eróticos por internet.","El sexting es el intercambio consentido de mensajes, fotos y videos eróticos por", internet
438,552,test_gold,La cuarentena afectó psicológicamente causando ansiedad y estrés.,La cuarentena afectó psicológicamente causando ansiedad y, estrés
439,554,test_gold,El ex preso político Juan José Noveched Sosa falleció por coronavirus.,El ex preso político Juan José Noveched Sosa falleció por, coronavirus
440,557,test_gold,Juan José Noveched murió a los 76 años.,Juan José Noveched murió a los 76, años
441,558,test_gold,Juan José Noveched estuvo preso entre 1971 y 1981.,Juan José Noveched estuvo preso entre 1971 y, 1981
442,559,test_gold,Crysol es una agrupación de ex presos políticos.,Crysol es una agrupación de ex presos, políticos
443,56,test_gold,La FDA es la Administración de Alimentos y Medicamentos en Estados Unidos.,La FDA es la Administración de Alimentos y Medicamentos en Estados, Unidos
444,560,test_gold,El número de atención psicológica 0800 1920 funcionó las 24 horas.,El número de atención psicológica 0800 1920 funcionó las 24, horas
445,565,test_gold,El número para llamar en caso de una situación peligrosa es el 911.,El número para llamar en caso de una situación peligrosa es el, 911
446,566,test_gold,"En Argentina, durante la cuarentena, se permitió salir a correr en un radio de hasta 500 metros de la casa.","En Argentina, durante la cuarentena, se permitió salir a correr en un radio de hasta 500 metros de la", casa
447,567,test_gold,"Las ciudades argentinas con mayor presencia de COVID fueron la ciudad de Buenos Aires y otras capitales, como Rosario o Córdoba.","Las ciudades argentinas con mayor presencia de COVID fueron la ciudad de Buenos Aires y otras capitales, como Rosario o", Córdoba
448,570,test_gold,Los países más afectados por covid en Europa fueron Italia y España.,Los países más afectados por covid en Europa fueron Italia y, España
449,579,test_gold,Pablo Orefice fue el director del programa salud.uy.,Pablo Orefice fue el director del programa, salud.uy
450,583,test_gold,La aplicación CoronavirusUy fue utilizada para alertar a las personas que habían estado en contacto con un paciente positivo de COVID-19.,La aplicación CoronavirusUy fue utilizada para alertar a las personas que habían estado en contacto con un paciente positivo de, COVID-19
451,584,test_gold,La aplicación Coronavirus.uy envía el mensaje 'Alerta: La persona que usa este celular puede haber estado expuesta al virus del COVID-19' en caso de exposición a un caso positivo de Covid.,La aplicación Coronavirus.uy envía el mensaje 'Alerta: La persona que usa este celular puede haber estado expuesta al virus del COVID-19' en caso de exposición a un caso positivo de, Covid
452,588,test_gold,El proyecto para penalizar la educación sexual en Polonia fue presentado por organizaciones civiles 'pro vida' y contrarias a los derechos de la población LGBTI.,El proyecto para penalizar la educación sexual en Polonia fue presentado por organizaciones civiles 'pro vida' y contrarias a los derechos de la población, LGBTI
453,590,test_gold,Draginja Nadazdin fue directora de Amnistía Internacional Polonia.,Draginja Nadazdin fue directora de Amnistía Internacional, Polonia
454,592,test_gold,Las personas en situación de calle se albergaron en el Gran Parque Central.,Las personas en situación de calle se albergaron en el Gran Parque, Central
455,596,test_gold,Jacinda Ardern fue primera ministra de Nueva Zelanda.,Jacinda Ardern fue primera ministra de Nueva, Zelanda
456,597,test_gold,Nueva Zelanda tuvo un período de seis meses sin casos de coronavirus.,Nueva Zelanda tuvo un período de seis meses sin casos de, coronavirus
457,6,test_gold,No se diagnosticó a ninguna persona con coronavirus en las cárceles de Uruguay.,No se diagnosticó a ninguna persona con coronavirus en las cárceles de, Uruguay
458,600,test_gold,"Phil Valentine, un conductor de radio de Estados Unidos, falleció a los 61 años a causa de la covid-19.","Phil Valentine, un conductor de radio de Estados Unidos, falleció a los 61 años a causa de la", covid-19
459,602,test_gold,Los contactos vacunados no necesitaban aislarse en el Reino Unido.,Los contactos vacunados no necesitaban aislarse en el Reino, Unido
460,603,test_gold,Los contactos de positivos de Reino Unido estaban obligados a guardar una cuarentena de diez días.,Los contactos de positivos de Reino Unido estaban obligados a guardar una cuarentena de diez, días
461,604,test_gold,NHS Covid-19 es la aplicación oficial del sistema de salud británico.,NHS Covid-19 es la aplicación oficial del sistema de salud, británico
462,606,test_gold,Terra Brasserie es un restaurante.,Terra Brasserie es un, restaurante
463,608,test_gold,La propuesta de subsidios del FA tenía un costo estimado de 240 millones de dólares.,La propuesta de subsidios del FA tenía un costo estimado de 240 millones de, dólares
464,614,test_gold,"Los diputados Eduardo Lust (Cabildo Abierto) y César Vega (Partido Ecologista Radical Intransigente), los abogados Gustavo Salle y Hoenir Sarthou, y la comunicadora Patricia Wolf le plantearon al presidente la suspensión del contrato con UPM.","Los diputados Eduardo Lust (Cabildo Abierto) y César Vega (Partido Ecologista Radical Intransigente), los abogados Gustavo Salle y Hoenir Sarthou, y la comunicadora Patricia Wolf le plantearon al presidente la suspensión del contrato con", UPM
465,615,test_gold,El tercer caso confirmado de COVID-19 en Deportivo Maldonado fue Agustín Sant'Ann.,El tercer caso confirmado de COVID-19 en Deportivo Maldonado fue Agustín, Sant'Ann
466,617,test_gold,El jugador de Deportivo Maldonado contagiado de COVID-19 se encontraba aislado.,El jugador de Deportivo Maldonado contagiado de COVID-19 se encontraba, aislado
467,62,test_gold,Carissa Etienne fue directora de la Organización Panamericana de la Salud.,Carissa Etienne fue directora de la Organización Panamericana de la, Salud
468,624,test_gold,Participar en Eno Breathe fue gratuito.,Participar en Eno Breathe fue, gratuito
469,626,test_gold,El arquero John fue uno de los casos positivos de Santos tras el partido con Boca Juniors.,El arquero John fue uno de los casos positivos de Santos tras el partido con Boca, Juniors
470,629,test_gold,La Conmebol resolvió que no había lugar a reclamo de puntos.,La Conmebol resolvió que no había lugar a reclamo de, puntos
471,636,test_gold,Alexandr Gorélov fue subdirector del Instituto de Epidemiología de la oficina nacional de protección al consumidor.,Alexandr Gorélov fue subdirector del Instituto de Epidemiología de la oficina nacional de protección al, consumidor
472,639,test_gold,CEPAL es la Comisión Económica para América Latina y el Caribe.,CEPAL es la Comisión Económica para América Latina y el, Caribe
473,647,test_gold,ASSE es la Administración de Servicios de Salud del Estado.,ASSE es la Administración de Servicios de Salud del, Estado
474,650,test_gold,Eduardo Henderson fue gerente general de ASSE.,Eduardo Henderson fue gerente general de, ASSE
475,651,test_gold,Eduardo Henderson fue el gerente general de ASSE.,Eduardo Henderson fue el gerente general de, ASSE
476,656,test_gold,Miguel Martinez fue el decano de la Facultad de Medicina.,Miguel Martinez fue el decano de la Facultad de, Medicina
477,657,test_gold,Miguel Martínez fue decano de la Facultad de Medicina.,Miguel Martínez fue decano de la Facultad de, Medicina
478,667,test_gold,Los renunciantes de ASSE permanecieron en sus cargos hasta el 30 del mes.,Los renunciantes de ASSE permanecieron en sus cargos hasta el 30 del, mes
479,668,test_gold,Leonardo Cipriani fue presidente de ASSE.,Leonardo Cipriani fue presidente de, ASSE
480,669,test_gold,Jorge Basso fue ministro de Salud Pública.,Jorge Basso fue ministro de Salud, Pública
481,674,test_gold,El dengue fue una de las enfermedades que más preocuparon al Ministerio de Salud Pública (MSP).,El dengue fue una de las enfermedades que más preocuparon al Ministerio de Salud Pública, (MSP)
482,678,test_gold,Liverpool fue el campeón en Inglaterra.,Liverpool fue el campeón en, Inglaterra
483,680,test_gold,"el pastor Márquez fue el fundador de la Iglesia Misión y de la ONG Beraca, Jorge Márquez.","el pastor Márquez fue el fundador de la Iglesia Misión y de la ONG Beraca, Jorge", Márquez
484,681,test_gold,El pastor Márquez es de la iglesia Misión Vida.,El pastor Márquez es de la iglesia Misión, Vida
485,686,test_gold,Marcos Carámbula fue el presidente de la Administración de Servicios de Salud del Estado (ASSE).,Marcos Carámbula fue el presidente de la Administración de Servicios de Salud del Estado, (ASSE)
486,688,test_gold,Carámbula propone la vacunación como solución para la pandemia.,Carámbula propone la vacunación como solución para la, pandemia
487,689,test_gold,"Las poblaciones prioritarias con respecto a la vacunación fueron el personal de la salud, las personas de mayor riesgo que coexistían con el COVID y los adultos mayores.","Las poblaciones prioritarias con respecto a la vacunación fueron el personal de la salud, las personas de mayor riesgo que coexistían con el COVID y los adultos", mayores
488,693,test_gold,"Los dispositivos de medición de calor se emplean en escuelas, aeropuertos e instalaciones médicas.","Los dispositivos de medición de calor se emplean en escuelas, aeropuertos e instalaciones", médicas
489,703,test_gold,Aleksander Čeferin fue presidente de la UEFA.,Aleksander Čeferin fue presidente de la, UEFA
490,708,test_gold,Los participantes del estudio de anticuerpos de IrsiCaixa fueron observados durante 15 meses.,Los participantes del estudio de anticuerpos de IrsiCaixa fueron observados durante 15, meses
491,713,test_gold,"La enzima se encuentra unida a la membrana que recubre las células de pulmones, las arterias, los riñones y los intestinos.","La enzima se encuentra unida a la membrana que recubre las células de pulmones, las arterias, los riñones y los", intestinos
492,714,test_gold,El nombre científico del coronavirus es SARS-CoV-2.,El nombre científico del coronavirus es, SARS-CoV-2
493,72,test_gold,"Las directrices de la DGS de Portugal recomendaron que las personas más vulnerables, especialmente aquellas con enfermedades crónicas o inmunodepresión, usaran mascarilla.","Las directrices de la DGS de Portugal recomendaron que las personas más vulnerables, especialmente aquellas con enfermedades crónicas o inmunodepresión, usaran", mascarilla
494,721,test_gold,Llegaron dos millones de vacunas de Pfizer.,Llegaron dos millones de vacunas de, Pfizer
495,723,test_gold,Llegaron a Uruguay 172.800 dosis de la vacuna AstraZeneca.,Llegaron a Uruguay 172.800 dosis de la vacuna, AstraZeneca
496,727,test_gold,El shock de la demanda ocurre cuando los gastos del consumo caen en picada.,El shock de la demanda ocurre cuando los gastos del consumo caen en, picada
497,728,test_gold,"Algunos de los países europeos más afectados por la pandemia fueron aquellos que habían sufrido los peores recortes en el presupuesto público durante las medidas de austeridad en la zona euro, lo que vinculó la inversión pública con el control adecuado de la pandemia.","Algunos de los países europeos más afectados por la pandemia fueron aquellos que habían sufrido los peores recortes en el presupuesto público durante las medidas de austeridad en la zona euro, lo que vinculó la inversión pública con el control adecuado de la", pandemia
498,729,test_gold,OMS significa Organización Mundial de la Salud.,OMS significa Organización Mundial de la, Salud
499,730,test_gold,Una infección endémica es una enfermedad que ha logrado una presencia constante o prevalencia en una población.,Una infección endémica es una enfermedad que ha logrado una presencia constante o prevalencia en una, población
500,731,test_gold,Michael Ryan fue el director ejecutivo del Programa de Emergencias Sanitarias de la OMS.,Michael Ryan fue el director ejecutivo del Programa de Emergencias Sanitarias de la, OMS
501,734,test_gold,La línea de apoyo psicológico estuvo disponible las 24 horas.,La línea de apoyo psicológico estuvo disponible las 24, horas
502,736,test_gold,La medida del gobierno de invertir en la compra de estudios de covid-19 fue anunciada por la Unidad Centralizada de Adquisiciones del Ministerio de Economía y Finanzas (MEF).,La medida del gobierno de invertir en la compra de estudios de covid-19 fue anunciada por la Unidad Centralizada de Adquisiciones del Ministerio de Economía y Finanzas, (MEF)
503,737,test_gold,El gobierno uruguayo invirtió casi ocho millones de dólares en la compra de estudios diagnósticos y tomas de muestras de covid-19.,El gobierno uruguayo invirtió casi ocho millones de dólares en la compra de estudios diagnósticos y tomas de muestras de, covid-19
504,74,test_gold,La mascarilla es una medida eficaz para prevenir el contagio de covid-19.,La mascarilla es una medida eficaz para prevenir el contagio de, covid-19
505,747,test_gold,El Colectivo Trans del Uruguay (CTU) lanzó una campaña de donaciones para armar canastas de alimentos.,El Colectivo Trans del Uruguay (CTU) lanzó una campaña de donaciones para armar canastas de, alimentos
506,757,test_gold,El testeo de anticuerpos en Rivera se realizó en marzo.,El testeo de anticuerpos en Rivera se realizó en, marzo
507,76,test_gold,El proyecto de ley presentado por la senadora Carmen Sanguinetti establecía que el teletrabajo no podía superar el límite máximo de 44 y 48 horas semanales.,El proyecto de ley presentado por la senadora Carmen Sanguinetti establecía que el teletrabajo no podía superar el límite máximo de 44 y 48 horas, semanales
508,77,test_gold,Carmen Sanguinetti fue senadora del Partido Colorado.,Carmen Sanguinetti fue senadora del Partido, Colorado
509,8,test_gold,"Las restricciones para las visitas a los reclusos permitían una visita mayor de 18 años por persona privada de libertad y no permitían mujeres embarazadas, personas inmunodeprimidas o que presentaran síntomas de coronavirus.","Las restricciones para las visitas a los reclusos permitían una visita mayor de 18 años por persona privada de libertad y no permitían mujeres embarazadas, personas inmunodeprimidas o que presentaran síntomas de", coronavirus
510,83,test_gold,Nacional y Peñarol donaron kits de cuidados personales al personal de la salud.,Nacional y Peñarol donaron kits de cuidados personales al personal de la, salud
511,84,test_gold,Nacional donó 3.000 kits por la pandemia.,Nacional donó 3.000 kits por la, pandemia
512,9,test_gold,Fernando Mattos fue presidente del INAC.,Fernando Mattos fue presidente del, INAC
513,96,test_gold,Benett fue primer ministro de Israel.,Benett fue primer ministro de, Israel
514,97,test_gold,El Sinae es el Sistema Nacional de Emergencias.,El Sinae es el Sistema Nacional de, Emergencias
515,0,train,El plan de contención económica social se elaboró para mitigar el impacto de la emergencia sanitaria.,El plan de contención económica social se elaboró para mitigar el impacto de la emergencia, sanitaria
516,1,train,"La comisión de expertos del FA estuvo integrada por Danilo Astori, el senador Daniel Olesker, el ex ministro de Trabajo y Seguridad Social Ernesto Murro y la economista Andrea Vigorito.","La comisión de expertos del FA estuvo integrada por Danilo Astori, el senador Daniel Olesker, el ex ministro de Trabajo y Seguridad Social Ernesto Murro y la economista Andrea", Vigorito
517,100,train,"Durante la pandemia por coronavirus, en la página de UNICEF se podía descargar una guía para hablar sobre Covid-19.","Durante la pandemia por coronavirus, en la página de UNICEF se podía descargar una guía para hablar sobre", Covid-19
518,101,train,El libro disponible en la página de UNICEF trata sobre los derechos del niño.,El libro disponible en la página de UNICEF trata sobre los derechos del, niño
519,102,train,El juego Right Runner estuvo disponible para celular.,El juego Right Runner estuvo disponible para, celular
520,103,train,El ibuprofeno es un antiinflamatorio no esteroideo.,El ibuprofeno es un antiinflamatorio no, esteroideo
521,105,train,Olivier Veran fue el ministro de salud de Francia.,Olivier Veran fue el ministro de salud de, Francia
522,106,train,"Las comorbilidades que se asociaron a muertes por Covid-19 fueron enfermedades cerebrovasculares y coronarias, diabetes e hipertensión.","Las comorbilidades que se asociaron a muertes por Covid-19 fueron enfermedades cerebrovasculares y coronarias, diabetes e", hipertensión
523,107,train,Charlotte Warren-Gash fue profesor asociado de epidemiología en la Escuela de Higiene y Medicina Tropical de Londres.,Charlotte Warren-Gash fue profesor asociado de epidemiología en la Escuela de Higiene y Medicina Tropical de, Londres
524,109,train,"Las autoridades del Centro de Almaceneros Minoristas, Baristas, Autoservicistas y Afines del Uruguay (CAMBADU) y el secretario de Presidencia, Álvaro Delgado, están evaluando la medida de exigir el uso de tapabocas en los comercios minoristas asociados a la gremial.","Las autoridades del Centro de Almaceneros Minoristas, Baristas, Autoservicistas y Afines del Uruguay (CAMBADU) y el secretario de Presidencia, Álvaro Delgado, están evaluando la medida de exigir el uso de tapabocas en los comercios minoristas asociados a la", gremial
525,11,train,En la pandemia por coronavirus quien recomendó al gobierno argentino mantener el aislamiento fue un grupo de expertos de entidades nacionales e internacionales.,En la pandemia por coronavirus quien recomendó al gobierno argentino mantener el aislamiento fue un grupo de expertos de entidades nacionales e, internacionales
526,115,train,El primer caso de Covid en Argentina apareció el 3 de marzo.,El primer caso de Covid en Argentina apareció el 3 de, marzo
527,117,train,Eduardo Wado de Pedro fue el Ministro del Interior de la Argentina.,Eduardo Wado de Pedro fue el Ministro del Interior de la, Argentina
528,118,train,Mario Meoni fue el Ministro de Transporte de la Argentina.,Mario Meoni fue el Ministro de Transporte de la, Argentina
529,14,train,Ginés González García fue ministro de Salud de Argentina.,Ginés González García fue ministro de Salud de, Argentina
530,143,train,"El organizador del concurso de dibujo y fotografía 'La cuarentena' fue la Facultad de Arquitectura, Diseño y Urbanismo de la Universidad de la República.","El organizador del concurso de dibujo y fotografía 'La cuarentena' fue la Facultad de Arquitectura, Diseño y Urbanismo de la Universidad de la", República
531,145,train,"El jurado del concurso La Cuarentena estuvo compuesto por Julio Pereira, Ernesto Ryan, Nicolás Garrido, Mariana Cecilio y Leonardo Finotti.","El jurado del concurso La Cuarentena estuvo compuesto por Julio Pereira, Ernesto Ryan, Nicolás Garrido, Mariana Cecilio y Leonardo", Finotti
532,146,train,El acrónimo de la Universidad de la República es Udelar.,El acrónimo de la Universidad de la República es, Udelar
533,147,train,Mariana Cecilio es de Brasil.,Mariana Cecilio es de, Brasil
534,15,train,"En Argentina, en el marco de las medidas para combatir la pandemia de coronavirus, la cuarentena se flexibilizó en las provincias de Entre Ríos, Misiones, Salta, San Juan y Neuquén.","En Argentina, en el marco de las medidas para combatir la pandemia de coronavirus, la cuarentena se flexibilizó en las provincias de Entre Ríos, Misiones, Salta, San Juan y", Neuquén
535,154,train,Los primeros contagiados de Covid-19 en el deporte uruguayo fueron dos jugadores de rugby y tres jugadoras de hockey.,Los primeros contagiados de Covid-19 en el deporte uruguayo fueron dos jugadores de rugby y tres jugadoras de, hockey
536,16,train,"El aislamiento social, preventivo y obligatorio en Argentina, adoptado para combatir la pandemia de coronavirus, durará al menos hasta el 10 de mayo.","El aislamiento social, preventivo y obligatorio en Argentina, adoptado para combatir la pandemia de coronavirus, durará al menos hasta el 10 de", mayo
537,160,train,"Los científicos británicos recomendaron, para combatir el coronavirus, aislar los casos sospechosos, poner en cuarentena a quienes viven con ellos y poner a resguardo a ancianos y personas con factores de riesgo.","Los científicos británicos recomendaron, para combatir el coronavirus, aislar los casos sospechosos, poner en cuarentena a quienes viven con ellos y poner a resguardo a ancianos y personas con factores de", riesgo
538,17,train,Las zonas de Argentina más afectadas por el Covid fueron la ciudad de Buenos Aires y la zona metropolitana.,Las zonas de Argentina más afectadas por el Covid fueron la ciudad de Buenos Aires y la zona, metropolitana
539,177,train,El sindicato de trabajadoras domésticas es el Sindicato Único de Trabajadoras Domésticas (SUTD).,El sindicato de trabajadoras domésticas es el Sindicato Único de Trabajadoras Domésticas, (SUTD)
540,179,train,Yaneth Mazzoleni fue dirigente del Sindicato Único de Trabajadoras Domésticas.,Yaneth Mazzoleni fue dirigente del Sindicato Único de Trabajadoras, Domésticas
541,182,train,El acrónimo del Ministerio de Desarrollo Social es Mides.,El acrónimo del Ministerio de Desarrollo Social es, Mides
542,183,train,La dirección del hotel Urban Express es Andes y Uruguay.,La dirección del hotel Urban Express es Andes y, Uruguay
543,184,train,Gabriel Cunha fue director de Coordinación de Programas para Personas en Situación de Calle del Mides.,Gabriel Cunha fue director de Coordinación de Programas para Personas en Situación de Calle del, Mides
544,185,train,Nicolás Martinelli fue director general de Secretaría del Mides.,Nicolás Martinelli fue director general de Secretaría del, Mides
545,186,train,Luis Lacalle Pou fue presidente.,Luis Lacalle Pou fue, presidente
546,189,train,Magdalena Furtado fue la representante de ONU Mujeres en Uruguay.,Magdalena Furtado fue la representante de ONU Mujeres en, Uruguay
547,19,train,"En el marco de la pandemia por coronavirus, quien solicitó al gobierno no retomar las clases presenciales en escuelas rurales el 22 de abril fue la Sociedad de Medicina Rural del Uruguay.","En el marco de la pandemia por coronavirus, quien solicitó al gobierno no retomar las clases presenciales en escuelas rurales el 22 de abril fue la Sociedad de Medicina Rural del", Uruguay
548,190,train,Soledad Quesada fue directora de la Asesoría para la Igualdad de Género de la Intendencia de Montevideo.,Soledad Quesada fue directora de la Asesoría para la Igualdad de Género de la Intendencia de, Montevideo
549,193,train,El confinamiento en España comenzó el domingo en que el gobierno de Pedro Sánchez decretó el estado de alerta durante la pandemia de Covid-19.,El confinamiento en España comenzó el domingo en que el gobierno de Pedro Sánchez decretó el estado de alerta durante la pandemia de, Covid-19
550,197,train,Giuseppe Conte fue el primer ministro de Italia.,Giuseppe Conte fue el primer ministro de, Italia
551,2,train,"Durante la pandemia por coronavirus el FA elaboró el “plan de contención económica social” que, en materia laboral, estableció medidas de preservación de puestos de trabajo","Durante la pandemia por coronavirus el FA elaboró el “plan de contención económica social” que, en materia laboral, estableció medidas de preservación de puestos de", trabajo
552,20,train,"Luego de suspender las clases presenciales por la pandemia de coronavirus, se pensaba retomarlas un 22 de abril.","Luego de suspender las clases presenciales por la pandemia de coronavirus, se pensaba retomarlas un 22 de", abril
553,202,train,"La estrategia sanitaria presentada por el gobierno del primer ministro italiano, Giuseppe Conte, para la reapertura gradual del país a partir del 4 de mayo durante la pandemia de coronavirus, tiene cinco puntos.","La estrategia sanitaria presentada por el gobierno del primer ministro italiano, Giuseppe Conte, para la reapertura gradual del país a partir del 4 de mayo durante la pandemia de coronavirus, tiene cinco", puntos
554,203,train,El seminario de Isol Misenta se transmitió en vivo a través del Instagram Live de @plastilinarte.,El seminario de Isol Misenta se transmitió en vivo a través del Instagram Live de, @plastilinarte
555,205,train,Isol Misenta es una autora e ilustradora argentina.,Isol Misenta es una autora e ilustradora, argentina
556,206,train,El seminario de Isol Misenta está dirigido a familias.,El seminario de Isol Misenta está dirigido a, familias
557,208,train,Isol Misenta ganó el Memorial Astrid Lindgren.,Isol Misenta ganó el Memorial Astrid, Lindgren
558,209,train,El pueblo Kichwa es una comunidad indígena de Ecuador.,El pueblo Kichwa es una comunidad indígena de, Ecuador
559,22,train,"En el marco de la pandemia por coronavirus, la decisión de retomar las clases un 22 abril fue tomada por el gobierno.","En el marco de la pandemia por coronavirus, la decisión de retomar las clases un 22 abril fue tomada por el", gobierno
560,221,train,"Dos aviones, uno de la empresa Amaszonas y otro de la Fuerza Aérea Uruguaya, traerán a más de 120 uruguayos varados en Perú como parte de una operación del gobierno uruguayo para repatriarlos debido a los cierres de fronteras por la pandemia de coronavirus.","Dos aviones, uno de la empresa Amaszonas y otro de la Fuerza Aérea Uruguaya, traerán a más de 120 uruguayos varados en Perú como parte de una operación del gobierno uruguayo para repatriarlos debido a los cierres de fronteras por la pandemia de", coronavirus
561,222,train,Ernesto Talvi fue Ministro de Relaciones Exteriores.,Ernesto Talvi fue Ministro de Relaciones, Exteriores
562,223,train,"En la repatriación de uruguayos varados en Perú, tuvieron prioridad los adultos mayores, las personas en situación de vulnerabilidad, las familias con hijos menores y aquellas personas que estuvieron varadas por más tiempo.","En la repatriación de uruguayos varados en Perú, tuvieron prioridad los adultos mayores, las personas en situación de vulnerabilidad, las familias con hijos menores y aquellas personas que estuvieron varadas por más", tiempo
563,224,train,La pandemia del nuevo coronavirus causó la suspensión de la asamblea de Wanderers.,La pandemia del nuevo coronavirus causó la suspensión de la asamblea de, Wanderers
564,229,train,El Sudamericano femenino sub 17 postergado por el Covid-19 estaba previsto para comenzar el 15 de abril.,El Sudamericano femenino sub 17 postergado por el Covid-19 estaba previsto para comenzar el 15 de, abril
565,23,train,"En Uruguay, las clases presenciales de las escuelas rurales no se retomarán el 22 de abril de 2020 en el departamento de Canelones.","En Uruguay, las clases presenciales de las escuelas rurales no se retomarán el 22 de abril de 2020 en el departamento de", Canelones
566,232,train,La primera fase del Sudamericano femenino sub 17 en Uruguay se jugó en el estadio Charrúa de Montevideo.,La primera fase del Sudamericano femenino sub 17 en Uruguay se jugó en el estadio Charrúa de, Montevideo
567,234,train,La AUF es la Asociación Uruguaya de Fútbol.,La AUF es la Asociación Uruguaya de, Fútbol
568,236,train,Defensor Sporting y Plaza Colonia decidieron mandar a sus jugadores al seguro de paro.,Defensor Sporting y Plaza Colonia decidieron mandar a sus jugadores al seguro de, paro
569,237,train,"Los extranjeros liberados por los clubes uruguayos fueron el argentino Imanol Enríquez, los paraguayos Guido Verdún y Santiago Irala, y el brasileño Leonai Souza.","Los extranjeros liberados por los clubes uruguayos fueron el argentino Imanol Enríquez, los paraguayos Guido Verdún y Santiago Irala, y el brasileño Leonai", Souza
570,238,train,Para acceder al seguro de paro se requerían al menos 180 días de actividad.,Para acceder al seguro de paro se requerían al menos 180 días de, actividad
571,239,train,"En el año 2020, los clubes Defensor Sporting y Plaza Colonia de la Asociación Uruguaya de Fútbol enviaron al seguro de paro a los futbolistas del plantel principal, al cuerpo técnico, a los trabajadores con cargos rentados y a la mayoría del personal administrativo.","En el año 2020, los clubes Defensor Sporting y Plaza Colonia de la Asociación Uruguaya de Fútbol enviaron al seguro de paro a los futbolistas del plantel principal, al cuerpo técnico, a los trabajadores con cargos rentados y a la mayoría del personal", administrativo
572,24,train,Someruy es la Sociedad de Medicina Rural del Uruguay.,Someruy es la Sociedad de Medicina Rural del, Uruguay
573,245,train,"El coronavirus de las aves presenta síntomas respiratorios, pero puede agravarse por infecciones secundarias.","El coronavirus de las aves presenta síntomas respiratorios, pero puede agravarse por infecciones", secundarias
574,246,train,El primer caso de coronavirus en un ave se detectó a principios del siglo XXI.,El primer caso de coronavirus en un ave se detectó a principios del siglo, XXI
575,247,train,Los virus son entidades biológicas compuestas de material hereditario y proteínas que requieren necesariamente de un hospedero para replicarse y generar copias de sí mismos.,Los virus son entidades biológicas compuestas de material hereditario y proteínas que requieren necesariamente de un hospedero para replicarse y generar copias de sí, mismos
576,248,train,Los coronavirus son virus con envoltura (una capa lipídica asociada a glicoproteínas) cuyo genoma es una única hebra de ARN de entre 25 y 32 kb.,Los coronavirus son virus con envoltura (una capa lipídica asociada a glicoproteínas) cuyo genoma es una única hebra de ARN de entre 25 y 32, kb
577,249,train,"De acuerdo a su origen, los dos grandes grupos de coronavirus son el de las aves y el de los mamíferos (murciélagos).","De acuerdo a su origen, los dos grandes grupos de coronavirus son el de las aves y el de los mamíferos", (murciélagos)
578,25,train,Menos del 6% de los médicos uruguayos vivía y asistía al norte del Río Negro.,Menos del 6% de los médicos uruguayos vivía y asistía al norte del Río, Negro
579,26,train,Patricia Nava fue la presidenta de la Federación Médica del Interior.,Patricia Nava fue la presidenta de la Federación Médica del, Interior
580,261,train,El gobierno aumentó el IVA al reducir el descuento para compras con tarjeta de débito de 4% a 2% y para compras con tarjeta de crédito.,El gobierno aumentó el IVA al reducir el descuento para compras con tarjeta de débito de 4% a 2% y para compras con tarjeta de, crédito
581,262,train,El descuento para las tarjetas de débito se redujo del 4% al 2%.,El descuento para las tarjetas de débito se redujo del 4% al, 2%
582,263,train,El Frente Amplio es una coalición de izquierda.,El Frente Amplio es una coalición de, izquierda
583,264,train,Javier Miranda fue presidente del Frente Amplio (FA).,Javier Miranda fue presidente del Frente Amplio, (FA)
584,269,train,El país de origen del covid-19 es China.,El país de origen del covid-19 es, China
585,27,train,Patricia Nava fue la presidenta de Femi.,Patricia Nava fue la presidenta de, Femi
586,271,train,Teletrabajar es una actividad laboral que se lleva a cabo fuera de la organización.,Teletrabajar es una actividad laboral que se lleva a cabo fuera de la, organización
587,272,train,"El teletrabajo puede generar beneficios a los empleadores, como la optimización de recursos y la disminución de gastos operativos.","El teletrabajo puede generar beneficios a los empleadores, como la optimización de recursos y la disminución de gastos", operativos
588,273,train,"En Uruguay, la modalidad de teletrabajo no está contenida en el marco jurídico.","En Uruguay, la modalidad de teletrabajo no está contenida en el marco", jurídico
589,274,train,"Algunos beneficios del teletrabajo, para los empleados, son mayor disponibilidad de tiempo y reducción de costos.","Algunos beneficios del teletrabajo, para los empleados, son mayor disponibilidad de tiempo y reducción de", costos
590,277,train,"El sitio 'Cine.ar' contiene decenas de películas, series, documentales y cortos de producción argentina.","El sitio 'Cine.ar' contiene decenas de películas, series, documentales y cortos de producción", argentina
591,278,train,"Los protagonistas de la película 'Alelí' son Néstor Guzzini, Cristina Morán, Mirella Pascual y Romina Peluffo.","Los protagonistas de la película 'Alelí' son Néstor Guzzini, Cristina Morán, Mirella Pascual y Romina", Peluffo
592,279,train,Cine.ar es una plataforma con sede en Medellín.,Cine.ar es una plataforma con sede en, Medellín
593,28,train,FEMI es la Federación Médica del Interior.,FEMI es la Federación Médica del, Interior
594,280,train,"El SMU pidió 'medidas drásticas de prevención' de la expansión del COVID-19, entre ellas una 'cuarentena general'.","El SMU pidió 'medidas drásticas de prevención' de la expansión del COVID-19, entre ellas una 'cuarentena", general'
595,283,train,"El SMU pidió que se cerraran restaurantes, centros comerciales y otros posibles lugares de esparcimiento del virus.","El SMU pidió que se cerraran restaurantes, centros comerciales y otros posibles lugares de esparcimiento del", virus
596,284,train,"Tener una amplia disponibilidad de tests permite detectar el virus en las personas, mejorando la estrategia de prevención, el aislamiento de contactos y protegiendo al personal sanitario para no mermar los recursos humanos del sistema de salud.","Tener una amplia disponibilidad de tests permite detectar el virus en las personas, mejorando la estrategia de prevención, el aislamiento de contactos y protegiendo al personal sanitario para no mermar los recursos humanos del sistema de", salud
597,285,train,La OFI es la Organización del Fútbol del Interior.,La OFI es la Organización del Fútbol del, Interior
598,286,train,"Tras la suspensión por coronavirus, los torneos de fútbol organizador por la OFI se reiniciarán un 15 de mayo.","Tras la suspensión por coronavirus, los torneos de fútbol organizador por la OFI se reiniciarán un 15 de", mayo
599,287,train,"La Copa Nacional de Selecciones, el primer campeonato del año de la Organización del Fútbol del Interior (OFI), se suspendió cuando estaban por empezar a jugarse los cuartos de final de la Fase Nacional.","La Copa Nacional de Selecciones, el primer campeonato del año de la Organización del Fútbol del Interior (OFI), se suspendió cuando estaban por empezar a jugarse los cuartos de final de la Fase", Nacional
600,288,train,"Unos días antes de la suspensión de la Copa Nacional de Selecciones de la Organización del Fútbol del Interior (OFI), las selecciones de San José, Salto y Canelones del Este fueron campeonas de las zonas Sur, Litoral y Este, respectivamente.","Unos días antes de la suspensión de la Copa Nacional de Selecciones de la Organización del Fútbol del Interior (OFI), las selecciones de San José, Salto y Canelones del Este fueron campeonas de las zonas Sur, Litoral y Este,", respectivamente
601,289,train,"Los cruces de ida en cuartos de final de la Fase Nacional de la Copa Nacional de Selecciones de la Organización del Fútbol del Interior (OFI) son Canelones del Este-Paysandú, Cerro Largo-San José, Rocha-Río Negro y Canelones-Salto.","Los cruces de ida en cuartos de final de la Fase Nacional de la Copa Nacional de Selecciones de la Organización del Fútbol del Interior (OFI) son Canelones del Este-Paysandú, Cerro Largo-San José, Rocha-Río Negro y", Canelones-Salto
602,293,train,Las personas que vivían en condiciones de mayor vulnerabilidad eran las más afectadas.,Las personas que vivían en condiciones de mayor vulnerabilidad eran las más, afectadas
603,295,train,"Actualmente, el humor en España pasa por un momento dorado.","Actualmente, el humor en España pasa por un momento", dorado
604,296,train,"El humor español actual, que incluye miles de videos de stand-up, programas televisivos y sketches de dúos como Pantomima Full y Venga Monjas, se puede encontrar en la plataforma YouTube.","El humor español actual, que incluye miles de videos de stand-up, programas televisivos y sketches de dúos como Pantomima Full y Venga Monjas, se puede encontrar en la plataforma", YouTube
605,297,train,"En el actual momento dorado del humor en España, los videos de stand-up se pueden encontrar en YouTube.","En el actual momento dorado del humor en España, los videos de stand-up se pueden encontrar en", YouTube
606,298,train,"Pantomima Full es una parodia de tipos urbanos: el emprendedor, el ciclista, el adicto al trabajo, el salidor, el solitario, el místico, el crossfitero, el fanático de la cerveza artesanal y el de la sidra.","Pantomima Full es una parodia de tipos urbanos: el emprendedor, el ciclista, el adicto al trabajo, el salidor, el solitario, el místico, el crossfitero, el fanático de la cerveza artesanal y el de la", sidra
607,299,train,"Si la parodia de tipos urbanos del dúo madrileño Pantomima Full estuviera ambientada en Montevideo, el objetivo de la broma sería el 'nuevo uruguayo'.","Si la parodia de tipos urbanos del dúo madrileño Pantomima Full estuviera ambientada en Montevideo, el objetivo de la broma sería el 'nuevo", uruguayo'
608,3,train,"Los objetivos del plan de contención económica social son preservar las empresas y las y los trabajadores, no aumentar la pobreza y la desigualdad, y prepararse para el día después.","Los objetivos del plan de contención económica social son preservar las empresas y las y los trabajadores, no aumentar la pobreza y la desigualdad, y prepararse para el día", después
609,300,train,La OMS es la Organización Mundial de la Salud.,La OMS es la Organización Mundial de la, Salud
610,301,train,"Según la Organización Mundial de la Salud (OMS), un ejercicio que se puede realizar en el hogar para mantener la salud física durante la cuarentena por coronavirus es bajar y subir escaleras.","Según la Organización Mundial de la Salud (OMS), un ejercicio que se puede realizar en el hogar para mantener la salud física durante la cuarentena por coronavirus es bajar y subir", escaleras
611,303,train,Fumar aumenta el peligro de verse afectado por otras enfermedades graves en relación al coronavirus.,Fumar aumenta el peligro de verse afectado por otras enfermedades graves en relación al, coronavirus
612,304,train,El número para suscribirse a las actualizaciones de coronavirus de la OMS mediante mensaje de texto era 0041798931892.,El número para suscribirse a las actualizaciones de coronavirus de la OMS mediante mensaje de texto era, 0041798931892
613,309,train,"Los principales síntomas del covid-19 son fiebre, tos seca o poco productiva, dificultad respiratoria, resfrío, dolor de garganta, decaimiento, dolores musculares y articulares, cefalea y, con menor frecuencia, dolor abdominal y a veces diarrea.","Los principales síntomas del covid-19 son fiebre, tos seca o poco productiva, dificultad respiratoria, resfrío, dolor de garganta, decaimiento, dolores musculares y articulares, cefalea y, con menor frecuencia, dolor abdominal y a veces", diarrea
614,31,train,Beatriz Argimón fue la vicepresidenta de Uruguay.,Beatriz Argimón fue la vicepresidenta de, Uruguay
615,312,train,La ANII es la Agencia Nacional de Investigación e Innovación.,La ANII es la Agencia Nacional de Investigación e, Innovación
616,313,train,Los kits de diagnóstico de Covid-19 debían estar disponibles antes de mayo de 2020.,Los kits de diagnóstico de Covid-19 debían estar disponibles antes de mayo de, 2020
617,318,train,Argentina registró 41.080 casos positivos de covid-19 en un solo día.,Argentina registró 41.080 casos positivos de covid-19 en un solo, día
618,32,train,"Las elecciones departamentales de Uruguay, cuyo posible aplazamiento fue analizado por la vicepresidenta Beatriz Argimón y los partidos políticos, estaban previstas para el 10 de mayo.","Las elecciones departamentales de Uruguay, cuyo posible aplazamiento fue analizado por la vicepresidenta Beatriz Argimón y los partidos políticos, estaban previstas para el 10 de", mayo
619,322,train,Cao Liping fue representante del Ministerio de Ecología y Medio Ambiente de China.,Cao Liping fue representante del Ministerio de Ecología y Medio Ambiente de, China
620,323,train,El paquete de estímulo económico aprobado por Donald Trump fue de dos billones de dólares.,El paquete de estímulo económico aprobado por Donald Trump fue de dos billones de, dólares
621,325,train,"La secuencia de los genomas del coronavirus permite saber de dónde provienen las cepas que ingresaron a Uruguay, cuándo llegaron y si hay diferentes variantes del nuevo coronavirus en el país.","La secuencia de los genomas del coronavirus permite saber de dónde provienen las cepas que ingresaron a Uruguay, cuándo llegaron y si hay diferentes variantes del nuevo coronavirus en el", país
622,327,train,El estudio del Institut Pasteur de Montevideo para secuenciar los genomas del SARS-CoV-2 en diez pacientes uruguayos con Covid-19 fue liderado por Gregorio Iraola junto a Pilar Moreno y Gonzalo Moratorio.,El estudio del Institut Pasteur de Montevideo para secuenciar los genomas del SARS-CoV-2 en diez pacientes uruguayos con Covid-19 fue liderado por Gregorio Iraola junto a Pilar Moreno y Gonzalo, Moratorio
623,33,train,Iván Posada fue diputado del Partido Independiente.,Iván Posada fue diputado del Partido, Independiente
624,331,train,Los gobiernos latinoamericanos tomaron medidas para proteger a los sectores más vulnerables de la población y de las empresas frente al impacto económico del coronavirus.,Los gobiernos latinoamericanos tomaron medidas para proteger a los sectores más vulnerables de la población y de las empresas frente al impacto económico del, coronavirus
625,333,train,Iván Duque fue presidente de Colombia.,Iván Duque fue presidente de, Colombia
626,34,train,"En el contexto de la crisis por la pandemia del coronavirus (Covid-19), se prevé que las consecuencias económicas, sociales y sanitarias serán de largo plazo.","En el contexto de la crisis por la pandemia del coronavirus (Covid-19), se prevé que las consecuencias económicas, sociales y sanitarias serán de largo", plazo
627,340,train,El PIAS (Plan Integral de Atención a la Salud) es el plan que establece las prestaciones obligatorias que deben ofrecer las instituciones del Sistema Nacional Integrado de Salud.,El PIAS (Plan Integral de Atención a la Salud) es el plan que establece las prestaciones obligatorias que deben ofrecer las instituciones del Sistema Nacional Integrado de, Salud
628,342,train,Los estudios diagnósticos que debían dar los prestadores de salud eran la técnica de PCR (reacción en cadena de la polimerasa).,Los estudios diagnósticos que debían dar los prestadores de salud eran la técnica de PCR (reacción en cadena de la, polimerasa)
629,345,train,Juan Pablo Labat es el ex director nacional de Evaluación y Monitoreo del Mides.,Juan Pablo Labat es el ex director nacional de Evaluación y Monitoreo del, Mides
630,350,train,Valeria Ripoll fue la secretaria general de la Asociación de Empleados y Obreros Municipales de Montevideo (Adeom).,Valeria Ripoll fue la secretaria general de la Asociación de Empleados y Obreros Municipales de Montevideo, (Adeom)
631,351,train,El Ministerio de Salud Pública (MSP) es quien determina el protocolo a aplicar en los cementerios de Montevideo para los fallecidos por coronavirus.,El Ministerio de Salud Pública (MSP) es quien determina el protocolo a aplicar en los cementerios de Montevideo para los fallecidos por, coronavirus
632,352,train,"Según Ripoll, los responsables de salud de los trabajadores de la Intendencia debían acudir presencialmente al cementerio e indicar qué había que hacer.","Según Ripoll, los responsables de salud de los trabajadores de la Intendencia debían acudir presencialmente al cementerio e indicar qué había que", hacer
633,353,train,La Intendencia tomó como medida adicional en el protocolo para fallecidos por coronavirus que la túnica debía ser desechable.,La Intendencia tomó como medida adicional en el protocolo para fallecidos por coronavirus que la túnica debía ser, desechable
634,357,train,Azucena Arbeleche fue ministra de Economía.,Azucena Arbeleche fue ministra de, Economía
635,36,train,"Al comienzo de la pandemia, el país con más casos de Covid-19 fue China.","Al comienzo de la pandemia, el país con más casos de Covid-19 fue", China
636,360,train,Carmela Hountou fue denunciada por violación de cuarentena.,Carmela Hountou fue denunciada por violación de, cuarentena
637,362,train,Violar una cuarentena puede tener consecuencias penales.,Violar una cuarentena puede tener consecuencias, penales
638,365,train,"Omar Paganini fue ministro de Industria, Energía y Minería.","Omar Paganini fue ministro de Industria, Energía y", Minería
639,367,train,Las empresas que desarrollaron la tecnología para las alertas de exposición de la aplicación uruguaya Coronavirus Uy fueron Google y Apple.,Las empresas que desarrollaron la tecnología para las alertas de exposición de la aplicación uruguaya Coronavirus Uy fueron Google y, Apple
640,368,train,Los únicos países que desarrollaron una app para coronavirus antes que Uruguay fueron Italia y Suiza.,Los únicos países que desarrollaron una app para coronavirus antes que Uruguay fueron Italia y, Suiza
641,37,train,"En el marco de la pandemia de Covid-19, Italia es el país que registra más muertes causadas por la enfermedad, superando incluso a China, el país donde surgió el virus.","En el marco de la pandemia de Covid-19, Italia es el país que registra más muertes causadas por la enfermedad, superando incluso a China, el país donde surgió el", virus
642,372,train,Los torneos sudamericanos de fútbol de clubes que fueron suspendidos por la Conmebol en 2020 a raíz de la pandemia de Covid-19 fueron la Copa Libertadores y la Copa Sudamericana.,Los torneos sudamericanos de fútbol de clubes que fueron suspendidos por la Conmebol en 2020 a raíz de la pandemia de Covid-19 fueron la Copa Libertadores y la Copa, Sudamericana
643,379,train,El GACH es el Grupo Asesor Científico Honorario.,El GACH es el Grupo Asesor Científico, Honorario
644,38,train,La clave coreana para tener una baja tasa de mortalidad a causa del Covid19 fue el testeo masivo de la población.,La clave coreana para tener una baja tasa de mortalidad a causa del Covid19 fue el testeo masivo de la, población
645,383,train,Pablo Caggiani fue consejero del Consejo de Educación Inicial y Primaria.,Pablo Caggiani fue consejero del Consejo de Educación Inicial y, Primaria
646,384,train,Los comedores escolares reciben habitualmente a 250.000 niños.,Los comedores escolares reciben habitualmente a 250.000, niños
647,389,train,Daniel Radio fue la mayor autoridad de la secretaría del Sistema Nacional Integrado de Cuidados.,Daniel Radio fue la mayor autoridad de la secretaría del Sistema Nacional Integrado de, Cuidados
648,39,train,La suspensión de la actividad causó el incremento de solicitudes de seguro de desempleo.,La suspensión de la actividad causó el incremento de solicitudes de seguro de, desempleo
649,394,train,"Durante la crisis sanitaria por el coronavirus, el Banco Central Europeo espera que los accionistas de la banca se unan a los esfuerzos colectivos de no pagar dividendos y mantener líneas de crédito para apoyar a las personas y pequeñas empresas a superar la crisis.","Durante la crisis sanitaria por el coronavirus, el Banco Central Europeo espera que los accionistas de la banca se unan a los esfuerzos colectivos de no pagar dividendos y mantener líneas de crédito para apoyar a las personas y pequeñas empresas a superar la", crisis
650,396,train,Los docentes de la Universidad Tecnológica (Utec) planearon desarrollar insumos médicos de fabricación 3D ante la emergencia sanitaria mediante un formulario para quienes quisieran aportar de alguna manera a la iniciativa.,Los docentes de la Universidad Tecnológica (Utec) planearon desarrollar insumos médicos de fabricación 3D ante la emergencia sanitaria mediante un formulario para quienes quisieran aportar de alguna manera a la, iniciativa
651,397,train,Las máscaras de acetato protegen toda la cara de la persona y evitan el contacto con cualquier tipo de fluidos.,Las máscaras de acetato protegen toda la cara de la persona y evitan el contacto con cualquier tipo de, fluidos
652,4,train,El plan de contención económica social se basó en un aumento transitorio del gasto y de la inversión pública para minimizar el efecto de la desaceleración económica y su impacto en la población.,El plan de contención económica social se basó en un aumento transitorio del gasto y de la inversión pública para minimizar el efecto de la desaceleración económica y su impacto en la, población
653,405,train,El INDDHH es la Institución Nacional de Derechos Humanos y Defensoría del Pueblo.,El INDDHH es la Institución Nacional de Derechos Humanos y Defensoría del, Pueblo
654,41,train,"Hasta el miércoles 18 de marzo, en el Banco de Previsión Social (BPS) los departamentos donde se presentaron solicitudes de seguro de desempleo fueron Montevideo, seguido por Canelones, Maldonado, Colonia, Paysandú, Salto y Tacuarembó.","Hasta el miércoles 18 de marzo, en el Banco de Previsión Social (BPS) los departamentos donde se presentaron solicitudes de seguro de desempleo fueron Montevideo, seguido por Canelones, Maldonado, Colonia, Paysandú, Salto y", Tacuarembó
655,410,train,El número de la Ley de Faltas es 19.120.,El número de la Ley de Faltas es, 19.120
656,419,train,"El gobierno uruguayo recomendó cuarentena para los no vacunados, un test PCR negativo antes de ingresar al país y otro a los cinco días para las personas que vuelven del exterior.","El gobierno uruguayo recomendó cuarentena para los no vacunados, un test PCR negativo antes de ingresar al país y otro a los cinco días para las personas que vuelven del", exterior
657,421,train,Un ciudadano podía obtener la aplicación del Covid19 a través del Play Store de los teléfonos.,Un ciudadano podía obtener la aplicación del Covid19 a través del Play Store de los, teléfonos
658,424,train,China donó 150.000 mascarillas a Uruguay en apoyo a la pandemia.,China donó 150.000 mascarillas a Uruguay en apoyo a la, pandemia
659,428,train,Wuhan es la capital de la provincia de Hubei.,Wuhan es la capital de la provincia de, Hubei
660,429,train,La ciudad de Wuhan estuvo cerrada por 56 días.,La ciudad de Wuhan estuvo cerrada por 56, días
661,430,train,Xi Jinping es el presidente de China.,Xi Jinping es el presidente de, China
662,432,train,La aplicación presentada por el gobierno para el rastreo del coronavirus se llama CoronavirusUy.,La aplicación presentada por el gobierno para el rastreo del coronavirus se llama, CoronavirusUy
663,433,train,"En la nueva versión de la aplicación CoronavirusUy, el celular intercambia identificadores a través de Bluetooth cuando está a menos de tres metros de otro celular por más de 5 o 10 minutos.","En la nueva versión de la aplicación CoronavirusUy, el celular intercambia identificadores a través de Bluetooth cuando está a menos de tres metros de otro celular por más de 5 o 10", minutos
664,436,train,Alberto Fernández fue presidente de Argentina.,Alberto Fernández fue presidente de, Argentina
665,440,train,"Durante la cuarentena por el coronavirus, el presidente de Argentina, Alberto Fernández, anunció que el Banco Mundial aprobó un apoyo presupuestario de 300 millones de dólares.","Durante la cuarentena por el coronavirus, el presidente de Argentina, Alberto Fernández, anunció que el Banco Mundial aprobó un apoyo presupuestario de 300 millones de", dólares
666,444,train,Alejandro Domínguez fue presidente de la Conmebol.,Alejandro Domínguez fue presidente de la, Conmebol
667,45,train,"Durante la pandemia de COVID-19, la distancia que se debía mantener con otras personas para evitar el contagio era mayor a un metro.","Durante la pandemia de COVID-19, la distancia que se debía mantener con otras personas para evitar el contagio era mayor a un", metro
668,459,train,La tercera y cuarta fecha de las Eliminatorias Sudamericanas de fútbol rumbo al Mundial de Catar 2022 estaban programadas originalmente para el mes de setiembre.,La tercera y cuarta fecha de las Eliminatorias Sudamericanas de fútbol rumbo al Mundial de Catar 2022 estaban programadas originalmente para el mes de, setiembre
669,461,train,"La investigación científica sobre el origen zoonótico del virus SARS-CoV-2, que provoca la covid-19, fue liderada por Edward Holmes de la Universidad de Sídney y Andrew Rambaut de la Universidad de Edinburgo.","La investigación científica sobre el origen zoonótico del virus SARS-CoV-2, que provoca la covid-19, fue liderada por Edward Holmes de la Universidad de Sídney y Andrew Rambaut de la Universidad de", Edinburgo
670,462,train,Que el covid-19 tenga un origen zoonótico significa que fue transmitido a humanos desde otras especies.,Que el covid-19 tenga un origen zoonótico significa que fue transmitido a humanos desde otras, especies
671,464,train,El virus de la covid-19 fue detectado por primera vez en la ciudad de Wuhan.,El virus de la covid-19 fue detectado por primera vez en la ciudad de, Wuhan
672,465,train,El SARS-CoV-2 es un virus.,El SARS-CoV-2 es un, virus
673,470,train,La influenza H1N1 y el SARS-CoV-2 son virus de ARN.,La influenza H1N1 y el SARS-CoV-2 son virus de, ARN
674,475,train,El número para comunicarse en caso de violencia doméstica es el 911.,El número para comunicarse en caso de violencia doméstica es el, 911
675,48,train,El porcentaje de personales que mueren por Covid-19 es del 2%,El porcentaje de personales que mueren por Covid-19 es del, 2%
676,480,train,Ginés González García fue el Ministro de Salud de Argentina.,Ginés González García fue el Ministro de Salud de, Argentina
677,483,train,Donald Trump fue el presidente de Estados Unidos.,Donald Trump fue el presidente de Estados, Unidos
678,484,train,António Guterres fue el secretario general de la ONU.,António Guterres fue el secretario general de la, ONU
679,487,train,"Leandro Cabrera, defensor uruguayo del Espanyol, es uno de los futbolistas afectados por coronavirus.","Leandro Cabrera, defensor uruguayo del Espanyol, es uno de los futbolistas afectados por", coronavirus
680,49,train,"Para evitar el Covid, era necesario lavarse las manos por más de 20 segundos.","Para evitar el Covid, era necesario lavarse las manos por más de 20", segundos
681,493,train,Álvaro Delgado fue secretario de Presidencia.,Álvaro Delgado fue secretario de, Presidencia
682,495,train,Los organismos multilaterales de crédito pueden donar fondos no reembolsables.,Los organismos multilaterales de crédito pueden donar fondos no, reembolsables
683,50,train,Los síntomas de Covid aparecen entre los dos y los 14 días después de haber contraído el virus.,Los síntomas de Covid aparecen entre los dos y los 14 días después de haber contraído el, virus
684,500,train,Eduardo Brenta es el director de Gestión Humana de la Intendencia de Montevideo.,Eduardo Brenta es el director de Gestión Humana de la Intendencia de, Montevideo
685,501,train,"Según la Intendencia de Montevideo (IM), las personas que forman parte de los grupos de riesgo del coronavirus y que no deben concurrir a trabajar son las personas de 60 años o más de edad, inmunodeprimidos, pacientes oncológicos, con EPOC o enfermedades autoinmunes, embarazadas y diabéticos.","Según la Intendencia de Montevideo (IM), las personas que forman parte de los grupos de riesgo del coronavirus y que no deben concurrir a trabajar son las personas de 60 años o más de edad, inmunodeprimidos, pacientes oncológicos, con EPOC o enfermedades autoinmunes, embarazadas y", diabéticos
686,505,train,Monica Bottero fue directora de Inmujeres.,Monica Bottero fue directora de, Inmujeres
687,51,train,Los síntomas de la Covid-19 pueden presentarse hasta 14 días después del contagio.,Los síntomas de la Covid-19 pueden presentarse hasta 14 días después del, contagio
688,520,train,"El aislamiento vertical, medida propuesta por el presidente de Brasil Jair Bolsonaro durante la pandemia de coronavirus, es un aislamiento restringido a los grupos de riesgo y a las personas ya infectadas.","El aislamiento vertical, medida propuesta por el presidente de Brasil Jair Bolsonaro durante la pandemia de coronavirus, es un aislamiento restringido a los grupos de riesgo y a las personas ya", infectadas
689,523,train,"En Uruguay, la cuarentena tiene efectos sobre la salud mental como síntomas de estrés postraumático, confusión y enojo.","En Uruguay, la cuarentena tiene efectos sobre la salud mental como síntomas de estrés postraumático, confusión y", enojo
690,526,train,"Según un estudio de investigadores de la universidad King’s College de Londres publicado en la revista médica The Lancet sobre el impacto psicológico de la cuarentena, los factores que provocan mayor estrés son: mayor duración de la cuarentena, temor de contagiarse la infección, frustración, aburrimiento, suministros inadecuados, información inadecuada, pérdidas financieras y estigma.","Según un estudio de investigadores de la universidad King’s College de Londres publicado en la revista médica The Lancet sobre el impacto psicológico de la cuarentena, los factores que provocan mayor estrés son: mayor duración de la cuarentena, temor de contagiarse la infección, frustración, aburrimiento, suministros inadecuados, información inadecuada, pérdidas financieras y", estigma
691,527,train,"En Uruguay, las personas que regresaban de países considerados de riesgo eran obligadas a hacer una cuarentena de 14 días.","En Uruguay, las personas que regresaban de países considerados de riesgo eran obligadas a hacer una cuarentena de 14", días
692,53,train,Alrededor del 5% de las personas con COVID-19 requirieron ingreso a CTI.,Alrededor del 5% de las personas con COVID-19 requirieron ingreso a, CTI
693,537,train,"Las clases presenciales de algunos cursos se retomarían en las universidades privadas en mayo, según la propuesta que evalúa el Ministerio de Educación y Cultura.","Las clases presenciales de algunos cursos se retomarían en las universidades privadas en mayo, según la propuesta que evalúa el Ministerio de Educación y", Cultura
694,539,train,"Luego de la suspención de clases por el coronavirus. La propuesta presentada por las universidades privadas al Ministerio de Educación y Cultura (MEC), evaluada por el ministro Pablo Da Silveira, consiste en retomar algunos cursos presenciales en mayo.","Luego de la suspención de clases por el coronavirus. La propuesta presentada por las universidades privadas al Ministerio de Educación y Cultura (MEC), evaluada por el ministro Pablo Da Silveira, consiste en retomar algunos cursos presenciales en", mayo
695,541,train,"La propuesta para retomar algunos cursos presenciales en mayo, que está siendo evaluada por el Ministerio de Educación y Cultura (MEC), fue realizada por las universidades privadas.","La propuesta para retomar algunos cursos presenciales en mayo, que está siendo evaluada por el Ministerio de Educación y Cultura (MEC), fue realizada por las universidades", privadas
696,542,train,"Las universidades privadas están pensando retomar algunos cursos presenciales en mayo, según una propuesta que está evaluando el Ministerio de Educación y Cultura (MEC).","Las universidades privadas están pensando retomar algunos cursos presenciales en mayo, según una propuesta que está evaluando el Ministerio de Educación y Cultura", (MEC)
697,544,train,"Luego de la suspensión de clases presenciales a causa del coronavirus, la propuesta de retomar los cursos presenciales en mayo vino por parte de las universidades privadas.","Luego de la suspensión de clases presenciales a causa del coronavirus, la propuesta de retomar los cursos presenciales en mayo vino por parte de las universidades", privadas
698,545,train,La Revista de la Asociación Médica Estadounidense realizó el estudio sobre las drogas contra la artritis.,La Revista de la Asociación Médica Estadounidense realizó el estudio sobre las drogas contra la, artritis
699,549,train,La interleucina IL-6 es un tipo de proteína llamada citocina que le pide al cuerpo aumentar una respuesta inflamatoria.,La interleucina IL-6 es un tipo de proteína llamada citocina que le pide al cuerpo aumentar una respuesta, inflamatoria
700,55,train,"Aproximadamente el 15% de las personas con COVID-19 desarrolló una enfermedad grave con dificultad respiratoria, y el 5% requirió cuidados intensivos.","Aproximadamente el 15% de las personas con COVID-19 desarrolló una enfermedad grave con dificultad respiratoria, y el 5% requirió cuidados", intensivos
701,553,train,La investigación para el desarrollo de diagnósticos comenzó al inicio de la pandemia en China.,La investigación para el desarrollo de diagnósticos comenzó al inicio de la pandemia en, China
702,554,train,Rodrigo Arim es el rector de la Universidad de la República (Udelar).,Rodrigo Arim es el rector de la Universidad de la República, (Udelar)
703,555,train,Alberto Fernández fue presidente de Argentina.,Alberto Fernández fue presidente de, Argentina
704,56,train,"En Uruguay, en el marco de la pandemia por coronavirus, el uso del tapabocas se empezó a recomendar en abril.","En Uruguay, en el marco de la pandemia por coronavirus, el uso del tapabocas se empezó a recomendar en", abril
705,560,train,Martín Guzmán fue ministro de Economía de Argentina.,Martín Guzmán fue ministro de Economía de, Argentina
706,561,train,El programa Recomiendo aporta información sobre productos y recetas de lo que el chef prueba junto al entrevistado.,El programa Recomiendo aporta información sobre productos y recetas de lo que el chef prueba junto al, entrevistado
707,562,train,"El nuevo programa de televisión Recomiendo, conducido por Hugo Soca, se televisa en Canal 4.","El nuevo programa de televisión Recomiendo, conducido por Hugo Soca, se televisa en Canal", 4
708,563,train,El salón de té Doña Inés se encuentra en Pocitos.,El salón de té Doña Inés se encuentra en, Pocitos
709,564,train,El tomate favorito de Hugo Soca es el carnoso corazón de buey.,El tomate favorito de Hugo Soca es el carnoso corazón de, buey
710,565,train,Hugo Soca recorrerá el Mercado Ferrando en su programa de televisión Recomiendo de Canal 4.,Hugo Soca recorrerá el Mercado Ferrando en su programa de televisión Recomiendo de Canal, 4
711,569,train,La lista de precios publicada por el Área de Defensa del Consumidor del Ministerio de Economía y Finanzas (MEF) incluye productos de cuidado personal.,La lista de precios publicada por el Área de Defensa del Consumidor del Ministerio de Economía y Finanzas (MEF) incluye productos de cuidado, personal
712,57,train,El tapabocas debía cambiarse cuando estaba húmedo o cada cuatro horas.,El tapabocas debía cambiarse cuando estaba húmedo o cada cuatro, horas
713,58,train,"En Uruguay, según las indicaciones del Ministerio de Salud Pública, las personas que tengan un diagnóstico de covid-19 o que sospechen que pueden tener la enfermedad tienen que hacer cuarentena obligatoria y no pueden salir de su casa.","En Uruguay, según las indicaciones del Ministerio de Salud Pública, las personas que tengan un diagnóstico de covid-19 o que sospechen que pueden tener la enfermedad tienen que hacer cuarentena obligatoria y no pueden salir de su", casa
714,588,train,El estudio de la Cámara de Comercio y Servicios del Uruguay sobre los impactos económicos de la pandemia del Covid-19 consideró 629 empresas.,El estudio de la Cámara de Comercio y Servicios del Uruguay sobre los impactos económicos de la pandemia del Covid-19 consideró 629, empresas
715,59,train,"En cuanto a cantidad, los tipos de coronavirus que afectan a los humanos son siete.","En cuanto a cantidad, los tipos de coronavirus que afectan a los humanos son", siete
716,590,train,"Según el autor José Stagnaro, en el contexto de la pandemia de coronavirus, el miedo a la enfermedad se parece al miedo a la inseguridad.","Según el autor José Stagnaro, en el contexto de la pandemia de coronavirus, el miedo a la enfermedad se parece al miedo a la", inseguridad
717,593,train,"Nuestros mejores recursos para hacer frente al miedo son creer en soluciones solidarias, en la vida pública, en la política y, finalmente, en cierta esperanza en un mundo mejor.","Nuestros mejores recursos para hacer frente al miedo son creer en soluciones solidarias, en la vida pública, en la política y, finalmente, en cierta esperanza en un mundo", mejor
718,594,train,Daniel Salinas fue ministro de Salud Pública.,Daniel Salinas fue ministro de Salud, Pública
719,595,train,"El ministro de Salud, Daniel Salinas, criticó la Marcha por la Diversidad debido a la violación de las recomendaciones sanitarias durante el evento.","El ministro de Salud, Daniel Salinas, criticó la Marcha por la Diversidad debido a la violación de las recomendaciones sanitarias durante el", evento
720,597,train,La doctora Karina Rando fue la Directora general de Coordinación del Ministerio de Salud Pública.,La doctora Karina Rando fue la Directora general de Coordinación del Ministerio de Salud, Pública
721,598,train,"El ministro de Salud, Daniel Salinas, se expresó el 26 de septiembre de 2020 sobre la multitudinaria Marcha por la Diversidad a través de su cuenta de Twitter.","El ministro de Salud, Daniel Salinas, se expresó el 26 de septiembre de 2020 sobre la multitudinaria Marcha por la Diversidad a través de su cuenta de", Twitter
722,599,train,La Marcha por la Diversidad en Uruguay se celebró el viernes 25 de septiembre de 2020 por la tarde.,La Marcha por la Diversidad en Uruguay se celebró el viernes 25 de septiembre de 2020 por la, tarde
723,6,train,"Las elecciones en Bolivia, previstas para el 3 de mayo, fueron aplazadas por el Tribunal Supremo Electoral debido a la pandemia de coronavirus, y aún no se ha fijado una nueva fecha.","Las elecciones en Bolivia, previstas para el 3 de mayo, fueron aplazadas por el Tribunal Supremo Electoral debido a la pandemia de coronavirus, y aún no se ha fijado una nueva", fecha
724,60,train,El Covid-19 se descubrió en diciembre de 2019.,El Covid-19 se descubrió en diciembre de, 2019
725,603,train,"Debido a la pandemia de coronavirus, además de la Copa América y la Eurocopa, se postergaron la Copa Libertadores y la Sudamericana.","Debido a la pandemia de coronavirus, además de la Copa América y la Eurocopa, se postergaron la Copa Libertadores y la", Sudamericana
726,61,train,El COVID-19 se descubrió en la provincia china de Wuhan.,El COVID-19 se descubrió en la provincia china de, Wuhan
727,611,train,Guido Manini Ríos es senador y ex comandante en jefe del Ejército.,Guido Manini Ríos es senador y ex comandante en jefe del, Ejército
728,615,train,"Las sesiones remotas en el Parlamento comenzaron el miércoles 11, en el marco de la pandemia de coronavirus.","Las sesiones remotas en el Parlamento comenzaron el miércoles 11, en el marco de la pandemia de", coronavirus
729,62,train,El nombre completo del covid es SARS-CoV-2.,El nombre completo del covid es, SARS-CoV-2
730,620,train,La Comisión Especial de Población y Desarrollo se encarga de analizar el accionar del Ministerio de Desarrollo Social.,La Comisión Especial de Población y Desarrollo se encarga de analizar el accionar del Ministerio de Desarrollo, Social
731,621,train,Los beneficiarios de las canastas de alimentos de la iniciativa @CanastasUy durante la emergencia por coronavirus son las alcaldías de localidades vulnerables.,Los beneficiarios de las canastas de alimentos de la iniciativa @CanastasUy durante la emergencia por coronavirus son las alcaldías de localidades, vulnerables
732,63,train,"El nombre de la enfermedad covid-19, causada por el nuevo coronavirus SARS-CoV-2, fue dado a conocer por la Organización Mundial de la Salud (OMS) el 11 de febrero.","El nombre de la enfermedad covid-19, causada por el nuevo coronavirus SARS-CoV-2, fue dado a conocer por la Organización Mundial de la Salud (OMS) el 11 de", febrero
733,633,train,El 08004141 es el número de teléfono de Inmujeres.,El 08004141 es el número de teléfono de, Inmujeres
734,634,train,Álvaro Delgado fue prosecretario de la Presidencia de Uruguay.,Álvaro Delgado fue prosecretario de la Presidencia de, Uruguay
735,635,train,"En el marco de las medidas del gobierno uruguayo para combatir la violencia de género y doméstica durante la emergencia sanitaria, una persona que no está en condiciones de hablar puede mandar un correo electrónico a denuncia@minterior.gub.uy.","En el marco de las medidas del gobierno uruguayo para combatir la violencia de género y doméstica durante la emergencia sanitaria, una persona que no está en condiciones de hablar puede mandar un correo electrónico a", denuncia@minterior.gub.uy
736,636,train,Jorge Larrañaga fue ministro del Interior.,Jorge Larrañaga fue ministro del, Interior
737,64,train,La organización que le puso nombre completo al COVID-19 fue la OMS.,La organización que le puso nombre completo al COVID-19 fue la, OMS
738,642,train,"En el marco de la pandemia de coronavirus en Estados Unidos, el gobernador Andrew Cuomo informó que en los hospitales de Nueva York empezaron a escasear las máscaras y los respiradores artificiales.","En el marco de la pandemia de coronavirus en Estados Unidos, el gobernador Andrew Cuomo informó que en los hospitales de Nueva York empezaron a escasear las máscaras y los respiradores", artificiales
739,644,train,El estadounidense Andrew Cuomo fue gobernador del estado de Nueva York.,El estadounidense Andrew Cuomo fue gobernador del estado de Nueva, York
740,65,train,Los medicamentos que sirvieron para tratar el covid fueron la cloroquina y la hidroxicloroquina.,Los medicamentos que sirvieron para tratar el covid fueron la cloroquina y la, hidroxicloroquina
741,650,train,"La obra de Florencia Caballero Bianchi, que forma parte del ciclo de teatro leído organizado por Salvadora editora y transcurre durante la crisis de 2002, se llama Cheta.","La obra de Florencia Caballero Bianchi, que forma parte del ciclo de teatro leído organizado por Salvadora editora y transcurre durante la crisis de 2002, se llama", Cheta
742,66,train,La Suprema Corte de Justicia resolvió iniciar una Feria Judicial Sanitaria durante la pandemia de COVID-19.,La Suprema Corte de Justicia resolvió iniciar una Feria Judicial Sanitaria durante la pandemia de, COVID-19
743,660,train,Las personas que incumplen la cuarentena obligatoria son sancionadas penalmente.,Las personas que incumplen la cuarentena obligatoria son sancionadas, penalmente
744,661,train,"Los trabajadores exceptuados durante la cuarentena obligatoria fueron aquellos vinculados a la salud, la seguridad, la producción y distribución de petróleo, y quienes ocupaban cargos de conducción política en el gobierno.","Los trabajadores exceptuados durante la cuarentena obligatoria fueron aquellos vinculados a la salud, la seguridad, la producción y distribución de petróleo, y quienes ocupaban cargos de conducción política en el", gobierno
745,671,train,"Nacional, Peñarol, Liverpool, Fénix, River Plate y Plaza son clubes que han jugado la Copa Libertadores y la Copa Sudamericana.","Nacional, Peñarol, Liverpool, Fénix, River Plate y Plaza son clubes que han jugado la Copa Libertadores y la Copa", Sudamericana
746,674,train,"Debido a la falta de clases presenciales, el Consejo de Educación Técnico-Profesional (CETP-UTU) resolvió que todas las carreras de su nivel terciario se realizarán de forma virtual.","Debido a la falta de clases presenciales, el Consejo de Educación Técnico-Profesional (CETP-UTU) resolvió que todas las carreras de su nivel terciario se realizarán de forma", virtual
747,678,train,"Antes de la resolución del Consejo de Educación Técnico-Profesional (CETP-UTU) de virtualizar todas sus carreras terciarias por la emergencia sanitaria, las carreras que se podían realizar virtualmente eran prevencionista, logística, turismo y tecnólogo cárnico.","Antes de la resolución del Consejo de Educación Técnico-Profesional (CETP-UTU) de virtualizar todas sus carreras terciarias por la emergencia sanitaria, las carreras que se podían realizar virtualmente eran prevencionista, logística, turismo y tecnólogo", cárnico
748,681,train,María José Santacreu es la directora de Cinemateca Uruguaya.,María José Santacreu es la directora de Cinemateca, Uruguaya
749,682,train,La protagonista de Familia sumergida es Mercedes Morán.,La protagonista de Familia sumergida es Mercedes, Morán
750,683,train,La fábrica de nada fue dirigida por Pedro Piño.,La fábrica de nada fue dirigida por Pedro, Piño
751,689,train,"Kevin Durant es alero de los Brooklyn Nets, de la NBA.","Kevin Durant es alero de los Brooklyn Nets, de la", NBA
752,69,train,"En Uruguay, el trabajo judicial se reanudaría el lunes 4 de mayo tras la Feria Judicial Sanitaria decretada por la Suprema Corte de Justicia debido a la pandemia de coronavirus.","En Uruguay, el trabajo judicial se reanudaría el lunes 4 de mayo tras la Feria Judicial Sanitaria decretada por la Suprema Corte de Justicia debido a la pandemia de", coronavirus
753,690,train,Kevin Durant es estadounidense.,Kevin Durant es, estadounidense
754,693,train,"Los equipos de la NBA con casos confirmados de covid-19 fueron Utah Jazz, Detroit Pistons y Brooklyn Nets.","Los equipos de la NBA con casos confirmados de covid-19 fueron Utah Jazz, Detroit Pistons y Brooklyn", Nets
755,696,train,La Facultad de Veterinaria de la Universidad de la República presentó un proyecto para estudiar el contagio de coronavirus en mascotas.,La Facultad de Veterinaria de la Universidad de la República presentó un proyecto para estudiar el contagio de coronavirus en, mascotas
756,697,train,El ARN es una molécula presente en las células que se encarga de mediar entre la información almacenada en el ADN y la síntesis de proteínas adecuada.,El ARN es una molécula presente en las células que se encarga de mediar entre la información almacenada en el ADN y la síntesis de proteínas, adecuada
757,698,train,"El patrullaje fronterizo consiste en la identificación de vehículos, cargas, revisación de bodegas y todo lo que estaba pensado hacerse.","El patrullaje fronterizo consiste en la identificación de vehículos, cargas, revisación de bodegas y todo lo que estaba pensado", hacerse
758,7,train,"Las elecciones en Bolivia, aplazadas por la pandemia del coronavirus, estaban previstas para el 3 de mayo.","Las elecciones en Bolivia, aplazadas por la pandemia del coronavirus, estaban previstas para el 3 de", mayo
759,70,train,La Feria Judicial Sanitaria fue una decisión de la Suprema Corte de Justicia.,La Feria Judicial Sanitaria fue una decisión de la Suprema Corte de, Justicia
760,702,train,El avión presidencial comprado durante el gobierno del ex presidente Tabaré Vázquez será rematado por un millón de dólares.,El avión presidencial comprado durante el gobierno del ex presidente Tabaré Vázquez será rematado por un millón de, dólares
761,705,train,Elbia Pereira fue dirigente sindical de magisterio.,Elbia Pereira fue dirigente sindical de, magisterio
762,71,train,El secretario general de la Organización Mundial de la Salud (OMS) es el etíope Tedros Adhanom Ghebreyesus.,El secretario general de la Organización Mundial de la Salud (OMS) es el etíope Tedros Adhanom, Ghebreyesus
763,710,train,La OIT es la Organización Internacional del Trabajo.,La OIT es la Organización Internacional del, Trabajo
764,715,train,Harry Kane es el capitán de la selección de fútbol de Inglaterra.,Harry Kane es el capitán de la selección de fútbol de, Inglaterra
765,722,train,"En el marco de la crisis en el fútbol uruguayo, la campaña de solidaridad comenzada por la Organización de Futbolistas Uruguayas beneficia a las jugadoras que vivan o estén cercanas a gente en situación de riesgo.","En el marco de la crisis en el fútbol uruguayo, la campaña de solidaridad comenzada por la Organización de Futbolistas Uruguayas beneficia a las jugadoras que vivan o estén cercanas a gente en situación de", riesgo
766,733,train,Nitzan Horowitz fue ministro de Sanidad de Israel.,Nitzan Horowitz fue ministro de Sanidad de, Israel
767,746,train,Mitchell Duarte fue secretario general de la Mutual Uruguaya de Futbolistas Profesionales.,Mitchell Duarte fue secretario general de la Mutual Uruguaya de Futbolistas, Profesionales
768,748,train,El Consejo Nacional Consultivo por una Vida Libre de Violencia de Género está integrado por 14 organismos del Estado y representantes de la sociedad civil.,El Consejo Nacional Consultivo por una Vida Libre de Violencia de Género está integrado por 14 organismos del Estado y representantes de la sociedad, civil
769,751,train,Mónica Bottero fue la directora de Inmujeres.,Mónica Bottero fue la directora de, Inmujeres
770,752,train,El número de teléfono de Inmujeres es 0800 4141 o 4141*.,El número de teléfono de Inmujeres es 0800 4141 o, 4141*
771,753,train,El número de la Línea Azul es 0800 5050.,El número de la Línea Azul es 0800, 5050
772,759,train,Albert Uderzo nació en 1927.,Albert Uderzo nació en, 1927
773,76,train,La Organización Mundial de la Salud (OMS) declaró el estado de emergencia mundial por el coronavirus (Covid-19) el 30 de enero.,La Organización Mundial de la Salud (OMS) declaró el estado de emergencia mundial por el coronavirus (Covid-19) el 30 de, enero
774,760,train,Albert Uderzo fue el creador de Asterix.,Albert Uderzo fue el creador de, Asterix
775,761,train,"René Goscinny, cocreador de la historieta Asterix junto a Albert Uderzo, murió en 1977.","René Goscinny, cocreador de la historieta Asterix junto a Albert Uderzo, murió en", 1977
776,762,train,El golpe de estado en Argentina fue el 24 de marzo de 1976.,El golpe de estado en Argentina fue el 24 de marzo de, 1976
777,763,train,Alberto Fernández fue presidente de Argentina.,Alberto Fernández fue presidente de, Argentina
778,767,train,"La Federación Nacional de Profesores de Enseñanza Secundaria (Fenapes) inició la campaña #ProfesTiranPiques, una serie de videos cortos en los que docentes de diversas asignaturas recomiendan películas, aplicaciones o cuentas en redes sociales para mantenerse vinculados con las materias.","La Federación Nacional de Profesores de Enseñanza Secundaria (Fenapes) inició la campaña #ProfesTiranPiques, una serie de videos cortos en los que docentes de diversas asignaturas recomiendan películas, aplicaciones o cuentas en redes sociales para mantenerse vinculados con las", materias
779,771,train,La biblioteca virtual del Frente de Participación Estudiantil se llama Pimba.,La biblioteca virtual del Frente de Participación Estudiantil se llama, Pimba
780,773,train,Federico de Pallejas fue encargado de comunicaciones de Fenapes.,Federico de Pallejas fue encargado de comunicaciones de, Fenapes
781,781,train,"En el marco de la pandemia de COVID-19 y la crisis sanitaria, económica y social derivada de ella, las personas más afectadas son las trabajadoras en condiciones de informalidad, cuentapropistas, monotributistas, independientes, de economías de plataformas y trabajadoras domésticas.","En el marco de la pandemia de COVID-19 y la crisis sanitaria, económica y social derivada de ella, las personas más afectadas son las trabajadoras en condiciones de informalidad, cuentapropistas, monotributistas, independientes, de economías de plataformas y trabajadoras", domésticas
782,786,train,Realizar la mayor cantidad posible de tests para el Covid permite convertir casos de portadores desconocidos en portadores conocidos.,Realizar la mayor cantidad posible de tests para el Covid permite convertir casos de portadores desconocidos en portadores, conocidos
783,789,train,El SMU es el Sindicato Médico del Uruguay.,El SMU es el Sindicato Médico del, Uruguay
784,792,train,Los tests de diagnóstico del COVID-19 sirven para el rastreo de casos e indicar aislamiento.,Los tests de diagnóstico del COVID-19 sirven para el rastreo de casos e indicar, aislamiento
785,796,train,Anthony Fauci fue el principal epidemiólogo de Estados Unidos.,Anthony Fauci fue el principal epidemiólogo de Estados, Unidos
786,8,train,Los ciudadanos de Bolivia entraron en cuarentena total un domingo.,Los ciudadanos de Bolivia entraron en cuarentena total un, domingo
787,800,train,Merkel estuvo en cuarentena porque un médico con el que estuvo en contacto dio positivo por coronavirus.,Merkel estuvo en cuarentena porque un médico con el que estuvo en contacto dio positivo por, coronavirus
788,803,train,"El plan 'Nueva York en Pausa' consiste en cuarentena obligatoria y el cierre de todos los negocios, excepto los considerados esenciales.","El plan 'Nueva York en Pausa' consiste en cuarentena obligatoria y el cierre de todos los negocios, excepto los considerados", esenciales
789,806,train,El coronavirus Covid-19 afecta las vías respiratorias de los seres humanos.,El coronavirus Covid-19 afecta las vías respiratorias de los seres, humanos
790,807,train,El Covid19 pertenece a la familia Coronaviridae.,El Covid19 pertenece a la familia, Coronaviridae
791,808,train,El virus Covid19 es de tipo beta.,El virus Covid19 es de tipo, beta
792,81,train,Las zonas de Brasil más afectadas por el Covid fueron San Pablo y Río de Janeiro.,Las zonas de Brasil más afectadas por el Covid fueron San Pablo y Río de, Janeiro
793,814,train,"Como medida para evitar el contagio de Covid-19, la Intendencia de Montevideo extendió el horario de las ferias vecinales de frutas y verduras hasta las 14.00.","Como medida para evitar el contagio de Covid-19, la Intendencia de Montevideo extendió el horario de las ferias vecinales de frutas y verduras hasta las", 14.00
794,816,train,Fernando Nopitsch fue el secretario general de la Intendencia de Montevideo.,Fernando Nopitsch fue el secretario general de la Intendencia de, Montevideo
795,818,train,Luis Lacalle Pou fue presidente de la República.,Luis Lacalle Pou fue presidente de la, República
796,82,train,Luiz Henrique Mandetta es el ex Ministro de Salud de Brasil destituido por Bolsonaro.,Luiz Henrique Mandetta es el ex Ministro de Salud de Brasil destituido por, Bolsonaro
797,820,train,Mario Abdo Benítez fue el presidente de Paraguay.,Mario Abdo Benítez fue el presidente de, Paraguay
798,822,train,Efraín Alegre es el líder del opositor Partido Liberal en Paraguay.,Efraín Alegre es el líder del opositor Partido Liberal en, Paraguay
799,829,train,Álvaro Delgado fue el secretario de Presidencia.,Álvaro Delgado fue el secretario de, Presidencia
800,83,train,Axel Kicillof fue gobernador de la provincia de Buenos Aires.,Axel Kicillof fue gobernador de la provincia de Buenos, Aires
801,836,train,Carlos Leoni es el director de Salud de Paysandú.,Carlos Leoni es el director de Salud de, Paysandú
802,843,train,"La pastilla para tratar la covid-19, desarrollada por farmacéuticas como Shionogi, Pfizer y MSD, se toma una vez que una persona se contagia.","La pastilla para tratar la covid-19, desarrollada por farmacéuticas como Shionogi, Pfizer y MSD, se toma una vez que una persona se", contagia
803,845,train,Pfizer y MSD son farmacéuticas.,Pfizer y MSD son, farmacéuticas
804,846,train,Tamiflu y Xofluza son medicamentos que se usan contra la gripe.,Tamiflu y Xofluza son medicamentos que se usan contra la, gripe
805,847,train,El Remdesivir es un tratamiento contra la covid-19 que se administra en hospitales y se reserva para pacientes más graves.,El Remdesivir es un tratamiento contra la covid-19 que se administra en hospitales y se reserva para pacientes más, graves
806,850,train,"El cuestionario del portal cuarentena.uy, diseñado para predecir la percepción de la crisis sanitaria durante la pandemia, fue realizado por la Facultad de Psicología de la Universidad de la República y el equipo de DATA.","El cuestionario del portal cuarentena.uy, diseñado para predecir la percepción de la crisis sanitaria durante la pandemia, fue realizado por la Facultad de Psicología de la Universidad de la República y el equipo de", DATA
807,854,train,Los resultados preliminares del cuestionario sobre la percepción de la crisis sanitaria por la pandemia de cuarentena.uy se pueden ver en cuarentena.uy/resultados.,Los resultados preliminares del cuestionario sobre la percepción de la crisis sanitaria por la pandemia de cuarentena.uy se pueden ver en, cuarentena.uy/resultados
808,855,train,"Alejandro Maiche, profesor e investigador de la Facultad de Psicología de la Universidad de la República, es quien tuvo la idea del portal cuarentena.uy, diseñado para medir la percepción de la crisis sanitaria durante la pandemia.","Alejandro Maiche, profesor e investigador de la Facultad de Psicología de la Universidad de la República, es quien tuvo la idea del portal cuarentena.uy, diseñado para medir la percepción de la crisis sanitaria durante la", pandemia
809,856,train,El PIT-CNT es una central sindical.,El PIT-CNT es una central, sindical
810,858,train,ASSE es la Administración de los Servicios de Salud del Estado.,ASSE es la Administración de los Servicios de Salud del, Estado
811,86,train,Martin Guzmán fue Ministro de Economía de Argentina.,Martin Guzmán fue Ministro de Economía de, Argentina
812,861,train,"En el marco de las medidas dispuestas por el gobierno uruguayo para reducir la exposición al coronavirus, las personas que forman parte de la población de riesgo son las personas de más de 65 años.","En el marco de las medidas dispuestas por el gobierno uruguayo para reducir la exposición al coronavirus, las personas que forman parte de la población de riesgo son las personas de más de 65", años
813,863,train,Álvaro Delgado fue el Secretario de la Presidencia.,Álvaro Delgado fue el Secretario de la, Presidencia
814,87,train,Daniel Arroyo fue Ministro de Desarrollo Social de Argentina.,Daniel Arroyo fue Ministro de Desarrollo Social de, Argentina
815,878,train,"El número del Servicio de Atención Médica de Emergencia, al que la familia de Martín Mesa llamó en abril antes de su ingreso al Hospital Español, es el 105.","El número del Servicio de Atención Médica de Emergencia, al que la familia de Martín Mesa llamó en abril antes de su ingreso al Hospital Español, es el", 105
816,879,train,Virginia Longo fue la directora de la región sur de ASSE.,Virginia Longo fue la directora de la región sur de, ASSE
817,880,train,Virginia Longo es la directora de la Región Sur de ASSE.,Virginia Longo es la directora de la Región Sur de, ASSE
818,883,train,Lautréamont es una librería.,Lautréamont es una, librería
819,886,train,"Los videos en los que autores uruguayos recomiendan literatura nacional, publicados por la librería Lautréamont y las editoriales Hum y Estuario bajo la iniciativa #autoresencuarentena, duran menos de un minuto.","Los videos en los que autores uruguayos recomiendan literatura nacional, publicados por la librería Lautréamont y las editoriales Hum y Estuario bajo la iniciativa #autoresencuarentena, duran menos de un", minuto
820,889,train,El merendero Solidarios Unidos Seis Barrios se encuentra en el cruce de las calles Rafael y Teniente Galeano.,El merendero Solidarios Unidos Seis Barrios se encuentra en el cruce de las calles Rafael y Teniente, Galeano
821,9,train,"Debido a la pandemia de coronavirus, el confinamiento total en Bolivia anunciado por la presidenta interina Jeanine Áñez fue previsto por 14 días.","Debido a la pandemia de coronavirus, el confinamiento total en Bolivia anunciado por la presidenta interina Jeanine Áñez fue previsto por 14", días
822,90,train,El sector terciario de la economía es el de servicios.,El sector terciario de la economía es el de, servicios
823,907,train,Hasta el 10% de los contagios de coronavirus se dieron en ámbitos asistenciales.,Hasta el 10% de los contagios de coronavirus se dieron en ámbitos, asistenciales
824,909,train,Los testeos de Covid19 en el interior del país estaban previstos para realizarse en el Laboratorio de Virología Molecular de la Universidad de la República.,Los testeos de Covid19 en el interior del país estaban previstos para realizarse en el Laboratorio de Virología Molecular de la Universidad de la, República
825,91,train,"El Ministerio de Desarrollo Social ofrece Asignación Familiar, Asignación Familiar Plan de Equidad y Tarjeta Uruguay Social.","El Ministerio de Desarrollo Social ofrece Asignación Familiar, Asignación Familiar Plan de Equidad y Tarjeta Uruguay", Social
826,910,train,Los resultados de análisis de Covid-19 en el interior del país demoraban hasta cinco días.,Los resultados de análisis de Covid-19 en el interior del país demoraban hasta cinco, días
827,914,train,La sigla ONU significa Organización de las Naciones Unidas.,La sigla ONU significa Organización de las Naciones, Unidas
828,917,train,Casi 2.000 uruguayos volvieron a través de la operación Todos en Casa.,Casi 2.000 uruguayos volvieron a través de la operación Todos en, Casa
829,928,train,"La serie Feriados fue dirigida por Leonardo Pintos, Claudio Quijano y Lucas Cilintano.","La serie Feriados fue dirigida por Leonardo Pintos, Claudio Quijano y Lucas", Cilintano
830,93,train,Shai Steinhaus fue el vocero de Comida para Héroes.,Shai Steinhaus fue el vocero de Comida para, Héroes
831,94,train,El bar Rumba se encuentra en la intersección de las calles Héctor Miranda y Ellauri.,El bar Rumba se encuentra en la intersección de las calles Héctor Miranda y, Ellauri
832,96,train,"En el marco del proyecto benéfico Comida para Héroes, Pedidos Ya apoya la logística cediendo motos tres veces por semana para el envío de las viandas destinadas al personal sanitario y grupos vulnerables.","En el marco del proyecto benéfico Comida para Héroes, Pedidos Ya apoya la logística cediendo motos tres veces por semana para el envío de las viandas destinadas al personal sanitario y grupos", vulnerables
833,98,train,Bibliobarrio es una biblioteca.,Bibliobarrio es una, biblioteca
